dista [mm],"L(Current1,Current1) [uH]","L(Current3,Current1) [uH]","L(Current3,Current3) [uH]","CplCoef(Current1,Current3) []",Data_Type
0,188.1924498,160.9990549,183.9760355,0.865249986,Maxwell_Simulation
0.020002,188.1189809,160.9063478,183.9013329,0.865081983,
0.040004,188.0455513,160.8136881,183.8266705,0.864913991,
0.060006001,187.9721612,160.7210757,183.7520485,0.864746012,
0.080008001,187.8988107,160.6285108,183.6774669,0.864578044,
0.100010001,187.8254999,160.5359934,183.6029259,0.864410087,
0.120012001,187.752229,160.4435238,183.5284257,0.864242143,
0.140014001,187.678998,160.3511019,183.4539663,0.86407421,
0.160016002,187.605807,160.258728,183.379548,0.863906289,
0.180018002,187.5326563,160.166402,183.3051709,0.863738379,
0.200020002,187.4595458,160.0741241,183.2308351,0.863570481,
0.220022002,187.3864758,159.9818944,183.1565408,0.863402595,
0.240024002,187.3134463,159.8897129,183.082288,0.86323472,
0.260026003,187.2404575,159.7975799,183.008077,0.863066858,
0.280028003,187.1675095,159.7054954,182.9339079,0.862899006,
0.300030003,187.0946024,159.6134595,182.8597808,0.862731167,
0.320032003,187.0217363,159.5214722,182.7856959,0.862563339,
0.340034003,186.9489114,159.4295338,182.7116533,0.862395523,
0.360036004,186.8761277,159.3376443,182.6376531,0.862227719,
0.380038004,186.8033854,159.2458037,182.5636955,0.862059926,
0.400040004,186.7306846,159.1540123,182.4897807,0.861892145,
0.420042004,186.6580254,159.0622701,182.4159087,0.861724376,
0.440044004,186.585408,158.9705772,182.3420798,0.861556618,
0.460046005,186.5128324,158.8789337,182.268294,0.861388872,
0.480048005,186.4402988,158.7873397,182.1945515,0.861221138,
0.500050005,186.3678073,158.6957953,182.1208525,0.861053415,
0.520052005,186.2953581,158.6043006,182.047197,0.860885705,
0.540054005,186.2229511,158.5128558,181.9735853,0.860718005,
0.560056006,186.1505866,158.4214608,181.9000174,0.860550318,
0.580058006,186.0782647,158.3301159,181.8264936,0.860382642,
0.600060006,186.0059855,158.2388211,181.7530139,0.860214978,
0.620062006,185.9337491,158.1475765,181.6795785,0.860047326,
0.640064006,185.8615557,158.0563823,181.6061875,0.859879685,
0.660066007,185.7894053,157.9652385,181.5328411,0.859712057,
0.680068007,185.717298,157.8741452,181.4595394,0.859544439,
0.700070007,185.6452341,157.7831025,181.3862825,0.859376834,
0.720072007,185.5732136,157.6921105,181.3130707,0.85920924,
0.740074007,185.5012366,157.6011694,181.239904,0.859041658,
0.760076008,185.4293033,157.5102792,181.1667826,0.858874088,
0.780078008,185.3574137,157.4194401,181.0937066,0.858706529,
0.800080008,185.285568,157.3286521,181.0206762,0.858538983,
0.820082008,185.2137663,157.2379153,180.9476915,0.858371447,
0.840084008,185.1420088,157.1472299,180.8747526,0.858203924,
0.860086009,185.0702955,157.0565959,180.8018597,0.858036412,
0.880088009,184.9986266,156.9660134,180.729013,0.857868912,
0.900090009,184.9270022,156.8754826,180.6562125,0.857701424,
0.920092009,184.8554223,156.7850036,180.5834585,0.857533948,
0.940094009,184.7838872,156.6945763,180.510751,0.857366483,
0.96009601,184.712397,156.6042011,180.4380902,0.85719903,
0.98009801,184.6409517,156.5138779,180.3654762,0.857031588,
1.00010001,184.5695515,156.4236068,180.2929093,0.856864159,
1.02010201,184.4981965,156.333388,180.2203894,0.856696741,
1.04010401,184.4268868,156.2432215,180.1479168,0.856529335,
1.060106011,184.3556225,156.1531075,180.0754916,0.85636194,
1.080108011,184.2844039,156.0630461,180.003114,0.856194558,
1.100110011,184.2132309,155.9730373,179.9307841,0.856027187,
1.120112011,184.1421037,155.8830813,179.858502,0.855859828,
1.140114011,184.0710224,155.7931781,179.7862678,0.85569248,
1.160116012,183.9999872,155.7033279,179.7140818,0.855525145,
1.180118012,183.9289981,155.6135308,179.641944,0.855357821,
1.200120012,183.8580553,155.5237868,179.5698547,0.855190509,
1.220122012,183.7871589,155.4340961,179.4978138,0.855023208,
1.240124012,183.716309,155.3444588,179.4258217,0.854855919,
1.260126013,183.6455058,155.2548749,179.3538784,0.854688643,
1.280128013,183.5747493,155.1653446,179.281984,0.854521377,
1.300130013,183.5040396,155.075868,179.2101387,0.854354124,
1.320132013,183.433377,154.9864452,179.1383427,0.854186882,
1.340134013,183.3627615,154.8970762,179.0665961,0.854019652,
1.360136014,183.2921932,154.8077612,178.994899,0.853852434,
1.380138014,183.2216723,154.7185003,178.9232516,0.853685228,
1.400140014,183.1511989,154.6292936,178.851654,0.853518033,
1.420142014,183.080773,154.5401412,178.7801064,0.85335085,
1.440144014,183.0103949,154.4510432,178.7086088,0.853183679,
1.460146015,182.9400646,154.3619996,178.6371615,0.85301652,
1.480148015,182.8697822,154.2730106,178.5657646,0.852849372,
1.500150015,182.7995479,154.1840764,178.4944181,0.852682236,
1.520152015,182.7293618,154.0951969,178.4231224,0.852515112,
1.540154015,182.659224,154.0063723,178.3518775,0.852348,
1.560156016,182.5891346,153.9176027,178.2806835,0.852180899,
1.580158016,182.5190938,153.8288882,178.2095405,0.852013811,
1.600160016,182.4491017,153.7402289,178.1384489,0.851846734,
1.620162016,182.3791583,153.6516249,178.0674086,0.851679668,
1.640164016,182.3092638,153.5630763,177.9964198,0.851512615,
1.660166017,182.2394184,153.4745832,177.9254826,0.851345573,
1.680168017,182.1696221,153.3861457,177.8545973,0.851178544,
1.700170017,182.0998751,153.2977639,177.7837639,0.851011525,
1.720172017,182.0301774,153.2094379,177.7129825,0.850844519,
1.740174017,181.9605293,153.1211679,177.6422534,0.850677525,
1.760176018,181.8909307,153.0329538,177.5715767,0.850510542,
1.780178018,181.821382,152.9447959,177.5009524,0.850343571,
1.800180018,181.751883,152.8566941,177.4303808,0.850176612,
1.820182018,181.6824341,152.7686487,177.359862,0.850009664,
1.840184018,181.6130352,152.6806597,177.2893961,0.849842729,
1.860186019,181.5436866,152.5927272,177.2189833,0.849675805,
1.880188019,181.4743883,152.5048514,177.1486237,0.849508893,
1.900190019,181.4051405,152.4170322,177.0783175,0.849341993,
1.920192019,181.3359433,152.3292699,177.0080647,0.849175104,
1.940194019,181.2667967,152.2415645,176.9378656,0.849008227,
1.96019602,181.197701,152.1539162,176.8677203,0.848841363,
1.98019802,181.1286562,152.0663249,176.7976289,0.84867451,
2.00020002,181.0596624,151.9787909,176.7275915,0.848507668,
2.02020202,180.9907198,151.8913142,176.6576084,0.848340839,
2.04020402,180.9218285,151.803895,176.5876795,0.848174021,
2.060206021,180.8529887,151.7165333,176.5178052,0.848007215,
2.080208021,180.7842003,151.6292292,176.4479855,0.847840421,
2.100210021,180.7154637,151.5419829,176.3782206,0.847673639,
2.120212021,180.6467787,151.4547944,176.3085106,0.847506869,
2.140214021,180.5781457,151.3676638,176.2388556,0.84734011,
2.160216022,180.5095647,151.2805913,176.1692559,0.847173363,
2.180218022,180.4410358,151.1935769,176.0997114,0.847006628,
2.200220022,180.3725592,151.1066208,176.0302225,0.846839905,
2.220222022,180.3041349,151.019723,175.9607891,0.846673193,
2.240224022,180.2357631,150.9328837,175.8914116,0.846506494,
2.260226023,180.167444,150.8461029,175.8220899,0.846339806,
2.280228023,180.0991775,150.7593808,175.7528243,0.84617313,
2.300230023,180.0309639,150.6727174,175.6836148,0.846006466,
2.320232023,179.9628033,150.5861129,175.6144617,0.845839814,
2.340234023,179.8946957,150.4995673,175.545365,0.845673173,
2.360236024,179.8266414,150.4130808,175.476325,0.845506545,
2.380238024,179.7586403,150.3266535,175.4073417,0.845339928,
2.400240024,179.6906928,150.2402854,175.3384153,0.845173323,
2.420242024,179.6227987,150.1539767,175.269546,0.84500673,
2.440244024,179.5549584,150.0677274,175.2007338,0.844840148,
2.460246025,179.4871719,149.9815377,175.1319789,0.844673579,
2.480248025,179.4194393,149.8954077,175.0632815,0.844507021,
2.500250025,179.3517607,149.8093374,174.9946417,0.844340475,
2.520252025,179.2841363,149.723327,174.9260596,0.844173941,
2.540254025,179.2165661,149.6373766,174.8575355,0.844007419,
2.560256026,179.1490504,149.5514863,174.7890693,0.843840909,
2.580258026,179.0815892,149.4656561,174.7206613,0.84367441,
2.600260026,179.0141826,149.3798862,174.6523116,0.843507923,
2.620262026,178.9468307,149.2941767,174.5840204,0.843341448,
2.640264026,178.8795338,149.2085276,174.5157878,0.843174985,
2.660266027,178.8122918,149.1229392,174.4476139,0.843008534,
2.680268027,178.745105,149.0374114,174.3794989,0.842842095,
2.700270027,178.6779734,148.9519444,174.3114429,0.842675667,
2.720272027,178.6108971,148.8665383,174.243446,0.842509252,
2.740274027,178.5438763,148.7811932,174.1755085,0.842342848,
2.760276028,178.4769111,148.6959092,174.1076303,0.842176456,
2.780278028,178.4100017,148.6106863,174.0398118,0.842010076,
2.800280028,178.343148,148.5255248,173.972053,0.841843708,
2.820282028,178.2763503,148.4404246,173.9043541,0.841677351,
2.840284028,178.2096087,148.355386,173.8367152,0.841511007,
2.860286029,178.1429232,148.2704089,173.7691364,0.841344674,
2.880288029,178.0762941,148.1854936,173.7016179,0.841178353,
2.900290029,178.0097214,148.10064,173.6341599,0.841012044,
2.920292029,177.9432052,148.0158484,173.5667624,0.840845747,
2.940294029,177.8767458,147.9311187,173.4994256,0.840679462,
2.96029603,177.8103431,147.8464512,173.4321497,0.840513189,
2.98029803,177.7439973,147.7618458,173.3649348,0.840346927,
3.00030003,177.6777085,147.6773028,173.2977811,0.840180677,
3.02030203,177.6114769,147.5928221,173.2306886,0.84001444,
3.04030403,177.5453025,147.508404,173.1636575,0.839848214,
3.060306031,177.4791855,147.4240485,173.096688,0.839682,
3.080308031,177.413126,147.3397557,173.0297803,0.839515797,
3.100310031,177.3471242,147.2555258,172.9629343,0.839349607,
3.120312031,177.2811801,147.1713587,172.8961504,0.839183429,
3.140314031,177.2152938,147.0872547,172.8294286,0.839017262,
3.160316032,177.1494655,147.0032137,172.762769,0.838851107,
3.180318032,177.0836953,146.919236,172.6961719,0.838684964,
3.200320032,177.0179834,146.8353217,172.6296374,0.838518834,
3.220322032,176.9523298,146.7514707,172.5631655,0.838352714,
3.240324032,176.8867346,146.6676833,172.4967565,0.838186607,
3.260326033,176.821198,146.5839595,172.4304104,0.838020512,
3.280328033,176.7557201,146.5002994,172.3641275,0.837854429,
3.300330033,176.6903011,146.4167032,172.2979078,0.837688357,
3.320332033,176.6249409,146.3331709,172.2317516,0.837522297,
3.340334033,176.5596399,146.2497026,172.1656589,0.83735625,
3.360336034,176.494398,146.1662985,172.0996299,0.837190214,
3.380338034,176.4292153,146.0829586,172.0336647,0.83702419,
3.400340034,176.3640921,145.9996831,171.9677635,0.836858178,
3.420342034,176.2990285,145.9164719,171.9019264,0.836692177,
3.440344034,176.2340245,145.8333254,171.8361535,0.836526189,
3.460346035,176.1690802,145.7502435,171.7704451,0.836360213,
3.480348035,176.1041959,145.6672263,171.7048012,0.836194248,
3.500350035,176.0393715,145.5842739,171.639222,0.836028295,
3.520352035,175.9746073,145.5013865,171.5737076,0.835862355,
3.540354035,175.9099034,145.4185642,171.5082581,0.835696426,
3.560356036,175.8452598,145.335807,171.4428738,0.835530509,
3.580358036,175.7806767,145.2531151,171.3775547,0.835364604,
3.600360036,175.7161542,145.1704885,171.312301,0.835198711,
3.620362036,175.6516924,145.0879274,171.2471129,0.835032829,
3.640364036,175.5872915,145.0054318,171.1819904,0.83486696,
3.660366037,175.5229515,144.9230019,171.1169337,0.834701103,
3.680368037,175.4586726,144.8406378,171.051943,0.834535257,
3.700370037,175.394455,144.7583395,170.9870183,0.834369424,
3.720372037,175.3302986,144.6761072,170.9221599,0.834203602,
3.740374037,175.2662037,144.5939409,170.8573679,0.834037792,
3.760376038,175.2021704,144.5118408,170.7926424,0.833871994,
3.780378038,175.1381987,144.429807,170.7279836,0.833706208,
3.800380038,175.0742888,144.3478396,170.6633916,0.833540434,
3.820382038,175.0104409,144.2659386,170.5988665,0.833374672,
3.840384038,174.946655,144.1841042,170.5344085,0.833208922,
3.860386039,174.8829313,144.1023365,170.4700178,0.833043184,
3.880388039,174.8192698,144.0206355,170.4056944,0.832877457,
3.900390039,174.7556707,143.9390015,170.3414385,0.832711743,
3.920392039,174.6921342,143.8574344,170.2772503,0.83254604,
3.940394039,174.6286603,143.7759344,170.2131298,0.83238035,
3.96039604,174.5652491,143.6945015,170.1490774,0.832214671,
3.98039804,174.5019009,143.613136,170.0850929,0.832049004,
4.00040004,174.4386156,143.5318378,170.0211768,0.83188335,
4.02040204,174.3753934,143.4506072,169.9573289,0.831717707,
4.04040404,174.3122345,143.3694441,169.8935496,0.831552076,
4.060406041,174.2491389,143.2883487,169.8298389,0.831386457,
4.080408041,174.1861068,143.2073211,169.766197,0.83122085,
4.100410041,174.1231383,143.1263614,169.7026241,0.831055255,
4.120412041,174.0602335,143.0454697,169.6391202,0.830889671,
4.140414041,173.9973925,142.9646461,169.5756855,0.8307241,
4.160416042,173.9346155,142.8838907,169.5123202,0.830558541,
4.180418042,173.8719026,142.8032035,169.4490243,0.830392993,
4.200420042,173.8092538,142.7225848,169.3857981,0.830227458,
4.220422042,173.7466694,142.6420346,169.3226417,0.830061935,
4.240424042,173.6841493,142.561553,169.2595552,0.829896423,
4.260426043,173.6216939,142.4811401,169.1965388,0.829730923,
4.280428043,173.5593031,142.400796,169.1335925,0.829565436,
4.300430043,173.496977,142.3205209,169.0707166,0.82939996,
4.320432043,173.4347159,142.2403147,169.0079112,0.829234496,
4.340434043,173.3725198,142.1601776,168.9451765,0.829069045,
4.360436044,173.3103889,142.0801098,168.8825124,0.828903605,
4.380438044,173.2483232,142.0001113,168.8199193,0.828738177,
4.400440044,173.1863229,141.9201822,168.7573973,0.828572761,
4.420442044,173.1243881,141.8403226,168.6949464,0.828407357,
4.440444044,173.062519,141.7605326,168.6325669,0.828241965,
4.460446045,173.0007155,141.6808123,168.5702589,0.828076585,
4.480448045,172.938978,141.6011619,168.5080225,0.827911217,
4.500450045,172.8773064,141.5215814,168.4458578,0.827745861,
4.520452045,172.8157009,141.4420709,168.383765,0.827580516,
4.540454045,172.7541616,141.3626306,168.3217443,0.827415184,
4.560456046,172.6926887,141.2832605,168.2597958,0.827249864,
4.580458046,172.6312822,141.2039607,168.1979196,0.827084556,
4.600460046,172.5699423,141.1247313,168.1361158,0.826919259,
4.620462046,172.5086691,141.0455725,168.0743847,0.826753975,
4.640464046,172.4474627,140.9664843,168.0127263,0.826588703,
4.660466047,172.3863233,140.8874669,167.9511408,0.826423442,
4.680468047,172.3252509,140.8085203,167.8896284,0.826258194,
4.700470047,172.2642457,140.7296446,167.8281891,0.826092957,
4.720472047,172.2033078,140.65084,167.7668232,0.825927733,
4.740474047,172.1424373,140.5721065,167.7055307,0.82576252,
4.760476048,172.0816343,140.4934443,167.6443118,0.82559732,
4.780478048,172.020899,140.4148534,167.5831666,0.825432131,
4.800480048,171.9602314,140.336334,167.5220953,0.825266955,
4.820482048,171.8996318,140.2578861,167.4610981,0.82510179,
4.840484048,171.8391001,140.1795099,167.400175,0.824936638,
4.860486049,171.7786366,140.1012054,167.3393263,0.824771497,
4.880488049,171.7182413,140.0229727,167.2785519,0.824606368,
4.900490049,171.6579144,139.9448121,167.2178522,0.824441252,
4.920492049,171.597656,139.8667235,167.1572272,0.824276147,
4.940494049,171.5374662,139.788707,167.0966771,0.824111055,
4.96049605,171.4773451,139.7107628,167.036202,0.823945974,
4.98049805,171.4172929,139.632891,166.9758021,0.823780905,
5.00050005,171.3573096,139.5550916,166.9154774,0.823615849,
5.02050205,171.2973954,139.4773648,166.8552282,0.823450804,
5.04050405,171.2375505,139.3997107,166.7950546,0.823285771,
5.060506051,171.1777748,139.3221293,166.7349567,0.823120751,
5.080508051,171.1180686,139.2446208,166.6749347,0.822955742,
5.100510051,171.0584319,139.1671853,166.6149887,0.822790745,
5.120512051,170.998865,139.0898229,166.5551188,0.822625761,
5.140514051,170.9393678,139.0125336,166.4953252,0.822460788,
5.160516052,170.8799406,138.9353176,166.4356081,0.822295827,
5.180518052,170.8205834,138.858175,166.3759675,0.822130879,
5.200520052,170.7612963,138.7811058,166.3164036,0.821965942,
5.220522052,170.7020796,138.7041103,166.2569166,0.821801017,
5.240524052,170.6429332,138.6271884,166.1975066,0.821636105,
5.260526053,170.5838574,138.5503403,166.1381738,0.821471204,
5.280528053,170.5248521,138.4735661,166.0789182,0.821306315,
5.300530053,170.4659177,138.3968659,166.01974,0.821141439,
5.320532053,170.4070541,138.3202397,165.9606395,0.820976574,
5.340534053,170.3482615,138.2436878,165.9016166,0.820811722,
5.360536054,170.2895401,138.1672102,165.8426715,0.820646881,
5.380538054,170.2308898,138.0908069,165.7838045,0.820482053,
5.400540054,170.172311,138.0144782,165.7250156,0.820317236,
5.420542054,170.1138036,137.938224,165.666305,0.820152432,
5.440544054,170.0553677,137.8620445,165.6076727,0.819987639,
5.460546055,169.9970036,137.7859399,165.5491191,0.819822859,
5.480548055,169.9387114,137.7099101,165.4906441,0.81965809,
5.500550055,169.8804911,137.6339554,165.432248,0.819493334,
5.520552055,169.8223428,137.5580757,165.3739308,0.81932859,
5.540554055,169.7642668,137.4822713,165.3156928,0.819163857,
5.560556056,169.706263,137.4065421,165.2575341,0.818999137,
5.580558056,169.6483317,137.3308884,165.1994547,0.818834429,
5.600560056,169.5904729,137.2553102,165.1414549,0.818669733,
5.620562056,169.5326868,137.1798076,165.0835348,0.818505048,
5.640564056,169.4749735,137.1043807,165.0256945,0.818340376,
5.660566057,169.4173331,137.0290296,164.9679342,0.818175716,
5.680568057,169.3597657,136.9537545,164.910254,0.818011068,
5.700570057,169.3022715,136.8785553,164.852654,0.817846432,
5.720572057,169.2448505,136.8034323,164.7951345,0.817681808,
5.740574057,169.1875029,136.7283855,164.7376955,0.817517196,
5.760576058,169.1302288,136.6534151,164.6803372,0.817352596,
5.780578058,169.0730283,136.578521,164.6230597,0.817188008,
5.800580058,169.0159016,136.5037035,164.5658631,0.817023433,
5.820582058,168.9588487,136.4289626,164.5087477,0.816858869,
5.840584058,168.9018699,136.3542984,164.4517135,0.816694317,
5.860586059,168.8449651,136.2797111,164.3947607,0.816529778,
5.880588059,168.7881345,136.2052007,164.3378894,0.81636525,
5.900590059,168.7313783,136.1307674,164.2810998,0.816200734,
5.920592059,168.6746965,136.0564111,164.224392,0.816036231,
5.940594059,168.6180893,135.9821321,164.1677662,0.81587174,
5.96059606,168.5615569,135.9079305,164.1112225,0.81570726,
5.98059806,168.5050992,135.8338063,164.054761,0.815542793,
6.00060006,168.4487164,135.7597596,163.9983818,0.815378338,
6.02060206,168.3924088,135.6857906,163.9420853,0.815213894,
6.04060406,168.3361763,135.6118993,163.8858713,0.815049463,
6.060606061,168.280019,135.5380859,163.8297402,0.814885044,
6.080608061,168.2239372,135.4643504,163.773692,0.814720637,
6.100610061,168.167931,135.390693,163.7177269,0.814556242,
6.120612061,168.1120004,135.3171137,163.661845,0.814391859,
6.140614061,168.0561455,135.2436127,163.6060465,0.814227489,
6.160616062,168.0003666,135.17019,163.5503316,0.81406313,
6.180618062,167.9446636,135.0968458,163.4947002,0.813898783,
6.200620062,167.8890368,135.0235801,163.4391527,0.813734449,
6.220622062,167.8334863,134.9503931,163.3836891,0.813570126,
6.240624062,167.7780121,134.8772849,163.3283096,0.813405816,
6.260626063,167.7226144,134.8042555,163.2730143,0.813241517,
6.280628063,167.6672933,134.7313051,163.2178033,0.813077231,
6.300630063,167.6120489,134.6584338,163.1626769,0.812912957,
6.320632063,167.5568814,134.5856416,163.1076351,0.812748695,
6.340634063,167.5017908,134.5129287,163.0526781,0.812584445,
6.360636064,167.4467774,134.4402951,162.997806,0.812420207,
6.380638064,167.3918411,134.3677411,162.943019,0.812255981,
6.400640064,167.3369822,134.2952666,162.8883172,0.812091767,
6.420642064,167.2822007,134.2228718,162.8337008,0.811927565,
6.440644064,167.2274967,134.1505567,162.7791698,0.811763376,
6.460646065,167.1728705,134.0783216,162.7247245,0.811599198,
6.480648065,167.118322,134.0061664,162.670365,0.811435033,
6.500650065,167.0638515,133.9340913,162.6160914,0.811270879,
6.520652065,167.009459,133.8620964,162.5619038,0.811106738,
6.540654065,166.9551447,133.7901817,162.5078025,0.810942609,
6.560656066,166.9009086,133.7183475,162.4537875,0.810778492,
6.580658066,166.846751,133.6465937,162.3998589,0.810614387,
6.600660066,166.7926719,133.5749206,162.346017,0.810450294,
6.620662066,166.7386714,133.5033281,162.2922619,0.810286213,
6.640664066,166.6847496,133.4318164,162.2385937,0.810122145,
6.660666067,166.6309068,133.3603856,162.1850125,0.809958088,
6.680668067,166.5771429,133.2890358,162.1315186,0.809794044,
6.700670067,166.5234582,133.2177671,162.0781119,0.809630012,
6.720672067,166.4698526,133.1465796,162.0247928,0.809465991,
6.740674067,166.4163265,133.0754734,161.9715612,0.809301983,
6.760676068,166.3628798,133.0044486,161.9184174,0.809137987,
6.780678068,166.3095127,132.9335053,161.8653616,0.808974003,
6.800680068,166.2562253,132.8626436,161.8123937,0.808810031,
6.820682068,166.2030178,132.7918636,161.7595141,0.808646072,
6.840684068,166.1498902,132.7211655,161.7067228,0.808482124,
6.860686069,166.0968427,132.6505492,161.6540199,0.808318189,
6.880688069,166.0438753,132.5800149,161.6014057,0.808154266,
6.900690069,165.9909883,132.5095628,161.5488802,0.807990354,
6.920692069,165.9381817,132.4391929,161.4964436,0.807826455,
6.940694069,165.8854556,132.3689053,161.444096,0.807662568,
6.96069607,165.8328103,132.2987001,161.3918376,0.807498693,
6.98069807,165.7802457,132.2285774,161.3396685,0.807334831,
7.00070007,165.727762,132.1585373,161.2875889,0.80717098,
7.02070207,165.6753593,132.08858,161.2355989,0.807007142,
7.04070407,165.6230378,132.0187055,161.1836986,0.806843315,
7.060706071,165.5707975,131.9489139,161.1318882,0.806679501,
7.080708071,165.5186387,131.8792053,161.0801678,0.806515699,
7.100710071,165.4665613,131.8095799,161.0285376,0.806351909,
7.120712071,165.4145656,131.7400377,160.9769978,0.806188131,
7.140714071,165.3626516,131.6705788,160.9255483,0.806024366,
7.160716072,165.3108194,131.6012034,160.8741895,0.805860612,
7.180718072,165.2590693,131.5319115,160.8229214,0.805696871,
7.200720072,165.2074012,131.4627032,160.7717441,0.805533141,
7.220722072,165.1558154,131.3935787,160.7206579,0.805369424,
7.240724072,165.1043119,131.324538,160.6696628,0.805205719,
7.260726073,165.0528908,131.2555813,160.6187591,0.805042027,
7.280728073,165.0015524,131.1867086,160.5679467,0.804878346,
7.300730073,164.9502966,131.11792,160.517226,0.804714677,
7.320732073,164.8991236,131.0492157,160.466597,0.804551021,
7.340734073,164.8480336,130.9805957,160.4160598,0.804387377,
7.360736074,164.7970267,130.9120602,160.3656147,0.804223745,
7.380738074,164.7461029,130.8436092,160.3152617,0.804060125,
7.400740074,164.6952624,130.7752429,160.265001,0.803896517,
7.420742074,164.6445053,130.7069614,160.2148327,0.803732921,
7.440744074,164.5938318,130.6387646,160.164757,0.803569338,
7.460746075,164.5432419,130.5706529,160.114774,0.803405766,
7.480748075,164.4927358,130.5026262,160.0648839,0.803242207,
7.500750075,164.4423136,130.4346847,160.0150868,0.80307866,
7.520752075,164.3919754,130.3668284,159.9653828,0.802915125,
7.540754075,164.3417213,130.2990575,159.9157721,0.802751603,
7.560756076,164.2915515,130.231372,159.8662548,0.802588092,
7.580758076,164.241466,130.1637722,159.8168311,0.802424594,
7.600760076,164.191465,130.0962579,159.7675011,0.802261107,
7.620762076,164.1415487,130.0288295,159.7182649,0.802097633,
7.640764076,164.091717,129.9614869,159.6691228,0.801934172,
7.660766077,164.0419702,129.8942303,159.6200747,0.801770722,
7.680768077,163.9923084,129.8270598,159.5711209,0.801607284,
7.700770077,163.9427317,129.7599754,159.5222616,0.801443859,
7.720772077,163.8932401,129.6929774,159.4734968,0.801280446,
7.740774077,163.8438339,129.6260657,159.4248267,0.801117045,
7.760776078,163.7945132,129.5592405,159.3762514,0.800953656,
7.780778078,163.745278,129.4925018,159.3277712,0.800790279,
7.800780078,163.6961285,129.4258499,159.279386,0.800626915,
7.820782078,163.6470647,129.3592847,159.2310961,0.800463562,
7.840784078,163.5980869,129.2928064,159.1829016,0.800300222,
7.860786079,163.5491952,129.2264151,159.1348027,0.800136894,
7.880788079,163.5003896,129.1601109,159.0867995,0.799973579,
7.900790079,163.4516703,129.0938939,159.038892,0.799810275,
7.920792079,163.4030374,129.0277642,158.9910806,0.799646984,
7.940794079,163.354491,128.9617219,158.9433653,0.799483704,
7.96079608,163.3060312,128.895767,158.8957462,0.799320437,
7.98079808,163.2576582,128.8298998,158.8482235,0.799157182,
8.00080008,163.2093721,128.7641203,158.8007974,0.79899394,
8.02080208,163.161173,128.6984285,158.7534679,0.798830709,
8.04080408,163.1130609,128.6328247,158.7062353,0.798667491,
8.060806081,163.0650362,128.5673089,158.6590996,0.798504285,
8.080808081,163.0170987,128.5018811,158.612061,0.798341091,
8.100810081,162.9692488,128.4365416,158.5651197,0.79817791,
8.120812081,162.9214864,128.3712904,158.5182758,0.79801474,
8.140814081,162.8738118,128.3061276,158.4715294,0.797851583,
8.160816082,162.826225,128.2410533,158.4248806,0.797688438,
8.180818082,162.7787261,128.1760676,158.3783297,0.797525305,
8.200820082,162.7313153,128.1111707,158.3318767,0.797362184,
8.220822082,162.6839927,128.0463625,158.2855219,0.797199076,
8.240824082,162.6367584,127.9816433,158.2392652,0.797035979,
8.260826083,162.5896126,127.9170131,158.193107,0.796872895,
8.280828083,162.5425553,127.852472,158.1470472,0.796709824,
8.300830083,162.4955866,127.7880201,158.1010862,0.796546764,
8.320832083,162.4487068,127.7236576,158.0552239,0.796383717,
8.340834083,162.4019158,127.6593845,158.0094606,0.796220681,
8.360836084,162.3552139,127.5952009,157.9637963,0.796057658,
8.380838084,162.3086011,127.5311069,157.9182313,0.795894648,
8.400840084,162.2620776,127.4671027,157.8727657,0.795731649,
8.420842084,162.2156435,127.4031883,157.8273996,0.795568663,
8.440844084,162.1692989,127.3393638,157.7821331,0.795405689,
8.460846085,162.1230439,127.2756294,157.7369664,0.795242727,
8.480848085,162.0768786,127.2119851,157.6918997,0.795079777,
8.500850085,162.0308032,127.148431,157.646933,0.79491684,
8.520852085,161.9848178,127.0849673,157.6020666,0.794753914,
8.540854085,161.9389225,127.021594,157.5573005,0.794591001,
8.560856086,161.8931174,126.9583113,157.5126349,0.794428101,
8.580858086,161.8474026,126.8951192,157.46807,0.794265212,
8.600860086,161.8017783,126.8320178,157.4236059,0.794102336,
8.620862086,161.7562446,126.7690073,157.3792426,0.793939472,
8.640864086,161.7108016,126.7060878,157.3349805,0.79377662,
8.660866087,161.6654494,126.6432593,157.2908196,0.79361378,
8.680868087,161.6201881,126.5805219,157.24676,0.793450953,
8.700870087,161.5750179,126.5178758,157.2028019,0.793288138,
8.720872087,161.5299389,126.4553211,157.1589454,0.793125335,
8.740874087,161.4849511,126.3928578,157.1151908,0.792962544,
8.760876088,161.4400548,126.3304861,157.071538,0.792799766,
8.780878088,161.39525,126.268206,157.0279873,0.792637,
8.800880088,161.3505369,126.2060177,156.9845388,0.792474246,
8.820882088,161.3059155,126.1439213,156.9411927,0.792311504,
8.840884088,161.261386,126.0819168,156.897949,0.792148775,
8.860886089,161.2169486,126.0200044,156.8548079,0.791986057,
8.880888089,161.1726032,125.9581842,156.8117697,0.791823352,
8.900890089,161.1283502,125.8964562,156.7688343,0.79166066,
8.920892089,161.0841894,125.8348206,156.726002,0.791497979,
8.940894089,161.0401212,125.7732774,156.6832729,0.791335311,
8.96089609,160.9961456,125.7118269,156.6406471,0.791172655,
8.98089809,160.9522627,125.650469,156.5981248,0.791010011,
9.00090009,160.9084727,125.5892039,156.5557061,0.79084738,
9.02090209,160.8647756,125.5280317,156.5133912,0.790684761,
9.04090409,160.8211716,125.4669524,156.4711802,0.790522154,
9.060906091,160.7776608,125.4059663,156.4290732,0.790359559,
9.080908091,160.7342434,125.3450733,156.3870704,0.790196977,
9.100910091,160.6909193,125.2842736,156.3451719,0.790034407,
9.120912091,160.6476889,125.2235673,156.3033779,0.789871849,
9.140914091,160.6045521,125.1629544,156.2616885,0.789709303,
9.160916092,160.5615092,125.1024352,156.2201039,0.78954677,
9.180918092,160.5185601,125.0420097,156.1786241,0.789384249,
9.200920092,160.4757051,124.9816779,156.1372494,0.78922174,
9.220922092,160.4329443,124.9214401,156.0959798,0.789059244,
9.240924092,160.3902777,124.8612962,156.0548156,0.788896759,
9.260926093,160.3477056,124.8012464,156.0137569,0.788734287,
9.280928093,160.3052279,124.7412909,155.9728037,0.788571828,
9.300930093,160.2628449,124.6814296,155.9319563,0.78840938,
9.320932093,160.2205567,124.6216627,155.8912147,0.788246945,
9.340934093,160.1783633,124.5619904,155.8505792,0.788084522,
9.360936094,160.1362649,124.5024126,155.8100499,0.787922112,
9.380938094,160.0942617,124.4429296,155.7696268,0.787759713,
9.400940094,160.0523536,124.3835413,155.7293102,0.787597327,
9.420942094,160.010541,124.324248,155.6891002,0.787434954,
9.440944094,159.9688238,124.2650497,155.648997,0.787272592,
9.460946095,159.9272022,124.2059465,155.6090006,0.787110243,
9.480948095,159.8856763,124.1469385,155.5691112,0.786947906,
9.500950095,159.8442462,124.0880258,155.529329,0.786785581,
9.520952095,159.8029121,124.0292086,155.489654,0.786623269,
9.540954095,159.7616741,123.9704868,155.4500866,0.786460969,
9.560956096,159.7205323,123.9118607,155.4106267,0.786298681,
9.580958096,159.6794867,123.8533303,155.3712745,0.786136406,
9.600960096,159.6385376,123.7948958,155.3320302,0.785974143,
9.620962096,159.5976851,123.7365571,155.2928939,0.785811892,
9.640964096,159.5569292,123.6783145,155.2538657,0.785649653,
9.660966097,159.5162701,123.620168,155.2149459,0.785487427,
9.680968097,159.4757079,123.5621177,155.1761345,0.785325213,
9.700970097,159.4352427,123.5041638,155.1374316,0.785163012,
9.720972097,159.3948747,123.4463063,155.0988375,0.785000822,
9.740974097,159.354604,123.3885454,155.0603522,0.784838645,
9.760976098,159.3144306,123.330881,155.0219759,0.784676481,
9.780978098,159.2743547,123.2733134,154.9837088,0.784514328,
9.800980098,159.2343765,123.2158427,154.9455509,0.784352188,
9.820982098,159.194496,123.1584689,154.9075025,0.78419006,
9.840984098,159.1547133,123.1011921,154.8695636,0.784027945,
9.860986099,159.1150287,123.0440125,154.8317344,0.783865842,
9.880988099,159.0754421,122.9869301,154.7940151,0.783703751,
9.900990099,159.0359538,122.9299451,154.7564058,0.783541672,
9.920992099,158.9965638,122.8730575,154.7189066,0.783379606,
9.940994099,158.9572723,122.8162675,154.6815177,0.783217552,
9.9609961,158.9180793,122.7595751,154.6442392,0.78305551,
9.9809981,158.8789851,122.7029805,154.6070712,0.782893481,
10.0010001,158.8399896,122.6464837,154.5700139,0.782731464,
10.0210021,158.801081,122.5900818,154.5330539,0.782569487,
10.0410041,158.7622493,122.5337719,154.4961799,0.782407572,
10.0610061,158.7234942,122.4775539,154.4593915,0.782245718,
10.0810081,158.6848154,122.4214273,154.4226886,0.782083926,
10.1010101,158.6462129,122.3653921,154.3860709,0.781922195,
10.1210121,158.6076863,122.3094478,154.349538,0.781760525,
10.1410141,158.5692354,122.2535943,154.3130897,0.781598915,
10.1610161,158.53086,122.1978312,154.2767257,0.781437366,
10.1810181,158.4925599,122.1421583,154.2404457,0.781275876,
10.2010201,158.4543348,122.0865753,154.2042495,0.781114446,
10.2210221,158.4161845,122.031082,154.1681368,0.780953075,
10.2410241,158.3781087,121.975678,154.1321073,0.780791763,
10.2610261,158.3401074,121.9203631,154.0961607,0.78063051,
10.2810281,158.3021801,121.8651371,154.0602967,0.780469315,
10.3010301,158.2643268,121.8099996,154.0245152,0.780308178,
10.3210321,158.2265471,121.7549503,153.9888157,0.780147099,
10.3410341,158.1888408,121.6999891,153.953198,0.779986077,
10.3610361,158.1512078,121.6451157,153.9176619,0.779825113,
10.3810381,158.1136478,121.5903297,153.882207,0.779664205,
10.4010401,158.0761605,121.5356309,153.8468332,0.779503354,
10.4210421,158.0387458,121.4810191,153.81154,0.779342559,
10.4410441,158.0014034,121.4264939,153.7763272,0.77918182,
10.4610461,157.964133,121.372055,153.7411947,0.779021137,
10.4810481,157.9269345,121.3177023,153.7061419,0.778860509,
10.50105011,157.8898076,121.2634355,153.6711688,0.778699936,
10.52105211,157.8527522,121.2092542,153.636275,0.778539417,
10.54105411,157.8157679,121.1551582,153.6014603,0.778378953,
10.56105611,157.7788545,121.1011473,153.5667243,0.778218543,
10.58105811,157.7420119,121.0472211,153.5320668,0.778058187,
10.60106011,157.7052397,120.9933794,153.4974875,0.777897885,
10.62106211,157.6685378,120.9396219,153.4629861,0.777737635,
10.64106411,157.631906,120.8859484,153.4285624,0.777577439,
10.66106611,157.5953439,120.8323585,153.3942161,0.777417295,
10.68106811,157.5588515,120.778852,153.3599469,0.777257203,
10.70107011,157.5224284,120.7254287,153.3257545,0.777097164,
10.72107211,157.4860744,120.6720882,153.2916386,0.776937176,
10.74107411,157.4497893,120.6188304,153.2575991,0.776777239,
10.76107611,157.4135729,120.5656548,153.2236355,0.776617353,
10.78107811,157.3774249,120.5125613,153.1897476,0.776457518,
10.80108011,157.3413452,120.4595495,153.1559351,0.776297734,
10.82108211,157.3053334,120.4066193,153.1221979,0.776138,
10.84108411,157.2693894,120.3537703,153.0885355,0.775978315,
10.86108611,157.233513,120.3010023,153.0549477,0.77581868,
10.88108811,157.1977038,120.2483149,153.0214342,0.775659095,
10.90109011,157.1619618,120.195708,152.9879948,0.775499558,
10.92109211,157.1262866,120.1431812,152.9546291,0.77534007,
10.94109411,157.090678,120.0907343,152.921337,0.77518063,
10.96109611,157.0551358,120.0383671,152.8881181,0.775021239,
10.98109811,157.0196598,119.9860791,152.8549721,0.774861894,
11.00110011,156.9842498,119.9338702,152.8218987,0.774702598,
11.02110211,156.9489054,119.8817401,152.7888978,0.774543348,
11.04110411,156.9136266,119.8296885,152.755969,0.774384146,
11.06110611,156.878413,119.7777152,152.723112,0.774224989,
11.08110811,156.8432645,119.7258199,152.6903265,0.774065879,
11.10111011,156.8081808,119.6740022,152.6576123,0.773906815,
11.12111211,156.7731616,119.6222621,152.6249692,0.773747797,
11.14111411,156.7382068,119.570599,152.5923967,0.773588824,
11.16111611,156.7033162,119.5190129,152.5598947,0.773429895,
11.18111811,156.6684894,119.4675034,152.5274628,0.773271012,
11.20112011,156.6337263,119.4160702,152.4951009,0.773112172,
11.22112211,156.5990267,119.3647131,152.4628085,0.772953377,
11.24112411,156.5643903,119.3134319,152.4305855,0.772794626,
11.26112611,156.5298169,119.2622262,152.3984316,0.772635918,
11.28112811,156.4953062,119.2110957,152.3663464,0.772477253,
11.30113011,156.4608581,119.1600402,152.3343297,0.772318631,
11.32113211,156.4264723,119.1090595,152.3023813,0.772160052,
11.34113411,156.3921486,119.0581532,152.2705008,0.772001515,
11.36113611,156.3578867,119.0073211,152.238688,0.77184302,
11.38113811,156.3236865,118.9565629,152.2069425,0.771684566,
11.40114011,156.2895477,118.9058784,152.1752642,0.771526154,
11.42114211,156.2554701,118.8552672,152.1436528,0.771367783,
11.44114411,156.2214534,118.8047292,152.1121078,0.771209452,
11.46114611,156.1874974,118.7542639,152.0806292,0.771051162,
11.48114811,156.1536019,118.7038712,152.0492166,0.770892912,
11.50115012,156.1197667,118.6535508,152.0178697,0.770734702,
11.52115212,156.0859915,118.6033024,151.9865882,0.770576532,
11.54115412,156.0522762,118.5531258,151.9553719,0.7704184,
11.56115612,156.0186204,118.5030206,151.9242206,0.770260308,
11.58115812,155.985024,118.4529866,151.8931338,0.770102254,
11.60116012,155.9514867,118.4030236,151.8621114,0.769944238,
11.62116212,155.9180083,118.3531312,151.831153,0.769786261,
11.64116412,155.8845887,118.3033092,151.8002585,0.769628321,
11.66116612,155.8512274,118.2535573,151.7694274,0.769470418,
11.68116812,155.8179244,118.2038753,151.7386596,0.769312553,
11.70117012,155.7846794,118.1542628,151.7079547,0.769154724,
11.72117212,155.7514921,118.1047196,151.6773125,0.768996932,
11.74117412,155.7183624,118.0552455,151.6467327,0.768839176,
11.76117612,155.68529,118.0058401,151.6162151,0.768681455,
11.78117812,155.6522747,117.9565033,151.5857592,0.768523771,
11.80118012,155.6193162,117.9072346,151.555365,0.768366121,
11.82118212,155.5864144,117.8580339,151.525032,0.768208507,
11.84118412,155.553569,117.8089008,151.4947601,0.768050927,
11.86118612,155.5207798,117.7598352,151.4645489,0.767893382,
11.88118812,155.4880465,117.7108367,151.4343981,0.76773587,
11.90119012,155.455369,117.661905,151.4043075,0.767578393,
11.92119212,155.4227469,117.61304,151.3742769,0.767420948,
11.94119412,155.3901801,117.5642413,151.3443058,0.767263537,
11.96119612,155.3576684,117.5155086,151.3143941,0.767106159,
11.98119812,155.3252114,117.4668417,151.2845415,0.766948813,
12.00120012,155.2928091,117.4182403,151.2547477,0.7667915,
12.02120212,155.2604611,117.3697041,151.2250123,0.766634218,
12.04120412,155.2281673,117.3212329,151.1953353,0.766476968,
12.06120612,155.1959274,117.2728264,151.1657162,0.766319749,
12.08120812,155.1637411,117.2244843,151.1361547,0.766162561,
12.10121012,155.1316083,117.1762063,151.1066507,0.766005404,
12.12121212,155.0995287,117.1279923,151.0772038,0.765848278,
12.14121412,155.0675022,117.0798418,151.0478138,0.765691181,
12.16121612,155.0355284,117.0317547,151.0184803,0.765534114,
12.18121812,155.0036071,116.9837306,150.9892032,0.765377077,
12.20122012,154.9717382,116.9357694,150.959982,0.765220069,
12.22122212,154.9399213,116.8878707,150.9308166,0.76506309,
12.24122412,154.9081563,116.8400342,150.9017067,0.764906139,
12.26122612,154.876443,116.7922597,150.8726519,0.764749217,
12.28122812,154.844781,116.7445469,150.8436521,0.764592322,
12.30123012,154.8131703,116.6968955,150.8147069,0.764435455,
12.32123212,154.7816105,116.6493053,150.7858161,0.764278616,
12.34123412,154.7501014,116.601776,150.7569793,0.764121803,
12.36123612,154.7186428,116.5543074,150.7281963,0.763965018,
12.38123812,154.6872345,116.5068991,150.6994669,0.763808259,
12.40124012,154.6558763,116.4595508,150.6707907,0.763651525,
12.42124212,154.6245678,116.4122624,150.6421675,0.763494818,
12.44124412,154.593309,116.3650335,150.613597,0.763338136,
12.46124612,154.5620995,116.3178639,150.5850788,0.76318148,
12.48124812,154.5309391,116.2707533,150.5566129,0.763024848,
12.50125013,154.4998277,116.2237014,150.5281987,0.762868241,
12.52125213,154.468765,116.176708,150.4998362,0.762711659,
12.54125413,154.4377507,116.1297728,150.471525,0.7625551,
12.56125613,154.4067846,116.0828954,150.4432648,0.762398565,
12.58125813,154.3758665,116.0360757,150.4150553,0.762242054,
12.60126013,154.3449962,115.9893134,150.3868963,0.762085565,
12.62126213,154.3141735,115.9426082,150.3587876,0.7619291,
12.64126413,154.2833981,115.8959598,150.3307287,0.761772656,
12.66126613,154.2526697,115.849368,150.3027195,0.761616235,
12.68126813,154.2219883,115.8028324,150.2747596,0.761459836,
12.70127013,154.1913534,115.7563529,150.2468488,0.761303459,
12.72127213,154.160765,115.7099291,150.2189869,0.761147102,
12.74127413,154.1302228,115.6635608,150.1911734,0.760990767,
12.76127613,154.0997265,115.6172477,150.1634083,0.760834453,
12.78127813,154.069276,115.5709895,150.1356911,0.760678158,
12.80128013,154.0388709,115.524786,150.1080216,0.760521884,
12.82128213,154.0085112,115.4786368,150.0803995,0.76036563,
12.84128413,153.9781964,115.4325418,150.0528245,0.760209395,
12.86128613,153.9479265,115.3865006,150.0252965,0.760053179,
12.88128813,153.9177012,115.340513,149.997815,0.759896982,
12.90129013,153.8875203,115.2945787,149.9703798,0.759740803,
12.92129213,153.8573835,115.2486974,149.9429907,0.759584643,
12.94129413,153.8272906,115.2028689,149.9156473,0.759428501,
12.96129613,153.7972414,115.1570929,149.8883494,0.759272376,
12.98129813,153.7672357,115.1113691,149.8610967,0.759116269,
13.00130013,153.7372732,115.0656973,149.833889,0.758960179,
13.02130213,153.7073537,115.0200771,149.8067258,0.758804105,
13.04130413,153.677477,114.9745083,149.7796071,0.758648048,
13.06130613,153.6476428,114.9289907,149.7525324,0.758492007,
13.08130813,153.6178509,114.8835239,149.7255016,0.758335981,
13.10131013,153.5881012,114.8381077,149.6985143,0.758179971,
13.12131213,153.5583933,114.7927419,149.6715703,0.758023977,
13.14131413,153.528727,114.7474261,149.6446692,0.757867997,
13.16131613,153.4991022,114.70216,149.6178109,0.757712032,
13.18131813,153.4695185,114.6569435,149.590995,0.757556081,
13.20132013,153.4399759,114.6117762,149.5642212,0.757400144,
13.22132213,153.4104739,114.5666579,149.5374893,0.757244221,
13.24132413,153.3810125,114.5215883,149.510799,0.757088311,
13.26132613,153.3515913,114.476567,149.48415,0.756932415,
13.28132813,153.3222102,114.431594,149.4575421,0.756776531,
13.30133013,153.2928689,114.3866688,149.4309749,0.756620659,
13.32133213,153.2635672,114.3417912,149.4044483,0.7564648,
13.34133413,153.2343048,114.296961,149.3779618,0.756308952,
13.36133613,153.2050816,114.2521778,149.3515153,0.756153116,
13.38133813,153.1758974,114.2074415,149.3251084,0.755997291,
13.40134013,153.1467518,114.1627516,149.2987409,0.755841478,
13.42134213,153.1176447,114.118108,149.2724125,0.755685674,
13.44134413,153.0885758,114.0735104,149.2461229,0.755529882,
13.46134613,153.0595449,114.0289585,149.2198719,0.755374099,
13.48134813,153.0305518,113.984452,149.1936591,0.755218326,
13.50135014,153.0015962,113.9399907,149.1674843,0.755062562,
13.52135214,152.972678,113.8955743,149.1413473,0.754906808,
13.54135414,152.9437969,113.8512025,149.1152477,0.754751062,
13.56135614,152.9149526,113.8068751,149.0891852,0.754595325,
13.58135814,152.886145,113.7625918,149.0631596,0.754439596,
13.60136014,152.8573738,113.7183523,149.0371707,0.754283874,
13.62136214,152.8286388,113.6741563,149.011218,0.754128161,
13.64136414,152.7999398,113.6300036,148.9853014,0.753972455,
13.66136614,152.7712765,113.5858938,148.9594206,0.753816755,
13.68136814,152.7426487,113.5418269,148.9335753,0.753661063,
13.70137014,152.7140561,113.4978023,148.9077651,0.753505377,
13.72137214,152.6854987,113.45382,148.88199,0.753349697,
13.74137414,152.656976,113.4098795,148.8562495,0.753194022,
13.76137614,152.628488,113.3659808,148.8305433,0.753038353,
13.78137814,152.6000343,113.3221233,148.8048713,0.75288269,
13.80138014,152.5716148,113.278307,148.7792331,0.752727031,
13.82138214,152.5432292,113.2345315,148.7536285,0.752571377,
13.84138414,152.5148773,113.1907966,148.7280571,0.752415727,
13.86138614,152.4865588,113.147102,148.7025188,0.752260081,
13.88138814,152.4582736,113.1034473,148.6770131,0.752104438,
13.90139014,152.4300214,113.0598324,148.6515399,0.751948799,
13.92139214,152.401802,113.016257,148.6260989,0.751793163,
13.94139414,152.3736151,112.9727208,148.6006898,0.75163753,
13.96139614,152.3454606,112.9292235,148.5753123,0.751481899,
13.98139814,152.3173381,112.8857649,148.5499661,0.75132627,
14.00140014,152.2892476,112.8423447,148.5246509,0.751170643,
14.02140214,152.2611886,112.7989626,148.4993666,0.751015018,
14.04140414,152.2331611,112.7556183,148.4741127,0.750859394,
14.06140614,152.2051648,112.7123116,148.4488891,0.75070377,
14.08140814,152.1771995,112.6690422,148.4236954,0.750548148,
14.10141014,152.1492649,112.6258099,148.3985314,0.750392525,
14.12141214,152.1213608,112.5826143,148.3733968,0.750236903,
14.14141414,152.093487,112.5394552,148.3482913,0.75008128,
14.16141614,152.0656432,112.4963323,148.3232146,0.749925657,
14.18141814,152.0378293,112.4532454,148.2981665,0.749770033,
14.20142014,152.010045,112.4101941,148.2731467,0.749614407,
14.22142214,151.98229,112.3671783,148.2481549,0.74945878,
14.24142414,151.9545642,112.3241976,148.2231908,0.749303151,
14.26142614,151.9268673,112.2812517,148.1982542,0.74914752,
14.28142814,151.8991991,112.2383404,148.1733447,0.748991887,
14.30143014,151.8715594,112.1954635,148.1484621,0.748836251,
14.32143214,151.8439479,112.1526206,148.1236062,0.748680612,
14.34143414,151.8163645,112.1098115,148.0987766,0.748524969,
14.36143614,151.7888088,112.0670359,148.073973,0.748369323,
14.38143814,151.7612807,112.0242935,148.0491953,0.748213673,
14.40144014,151.7337799,111.9815841,148.024443,0.748058019,
14.42144214,151.7063062,111.9389074,147.999716,0.74790236,
14.44144414,151.6788593,111.8962631,147.975014,0.747746696,
14.46144614,151.6514392,111.853651,147.9503366,0.747591027,
14.48144814,151.6240454,111.8110708,147.9256836,0.747435353,
14.50145015,151.5966779,111.7685221,147.9010548,0.747279673,
14.52145215,151.5693363,111.7260048,147.8764497,0.747123987,
14.54145415,151.5420204,111.6835186,147.8518683,0.746968294,
14.56145615,151.5147301,111.6410631,147.8273101,0.746812595,
14.58145815,151.4874651,111.5986382,147.802775,0.746656888,
14.60146015,151.4602251,111.5562435,147.7782626,0.746501175,
14.62146215,151.4330099,111.5138789,147.7537727,0.746345454,
14.64146415,151.4058194,111.4715439,147.7293049,0.746189724,
14.66146615,151.3786532,111.4292384,147.704859,0.746033987,
14.68146815,151.3515112,111.386962,147.6804348,0.745878241,
14.70147015,151.3243931,111.3447145,147.6560319,0.745722487,
14.72147215,151.2972986,111.3024957,147.6316501,0.745566723,
14.74147415,151.2702277,111.2603052,147.6072891,0.74541095,
14.76147615,151.24318,111.2181428,147.5829486,0.745255167,
14.78147815,151.2161553,111.1760082,147.5586283,0.745099374,
14.80148015,151.1891534,111.1339012,147.534328,0.744943571,
14.82148215,151.1621741,111.0918214,147.5100474,0.744787757,
14.84148415,151.1352171,111.0497686,147.4857862,0.744631932,
14.86148615,151.1082822,111.0077426,147.4615441,0.744476096,
14.88148815,151.0813692,110.965743,147.4373209,0.744320248,
14.90149015,151.0544778,110.9237696,147.4131162,0.744164388,
14.92149215,151.0276079,110.8818221,147.3889298,0.744008517,
14.94149415,151.0007592,110.8399003,147.3647615,0.743852633,
14.96149615,150.9739314,110.7980038,147.3406109,0.743696736,
14.98149815,150.9471244,110.7561324,147.3164778,0.743540826,
15.00150015,150.9203378,110.7142859,147.2923619,0.743384902,
15.02150215,150.8935716,110.6724639,147.2682628,0.743228965,
15.04150415,150.8668254,110.6306662,147.2441804,0.743073014,
15.06150615,150.8400991,110.5888925,147.2201144,0.742917049,
15.08150815,150.8133924,110.5471426,147.1960644,0.742761069,
15.10151015,150.7867051,110.5054162,147.1720303,0.742605074,
15.12151215,150.7600369,110.4637129,147.1480116,0.742449064,
15.14151415,150.7333876,110.4220326,147.1240083,0.742293039,
15.16151615,150.706757,110.3803749,147.1000198,0.742136998,
15.18151815,150.6801449,110.3387397,147.0760461,0.74198094,
15.20152015,150.6535511,110.2971265,147.0520868,0.741824866,
15.22152215,150.6269753,110.2555352,147.0281416,0.741668776,
15.24152415,150.6004172,110.2139655,147.0042103,0.741512668,
15.26152615,150.5738767,110.172417,146.9802926,0.741356543,
15.28152815,150.5473536,110.1308896,146.9563882,0.741200401,
15.30153015,150.5208475,110.089383,146.9324968,0.74104424,
15.32153215,150.4943584,110.0478969,146.9086181,0.740888062,
15.34153415,150.4678859,110.006431,146.8847519,0.740731864,
15.36153615,150.4414298,109.964985,146.860898,0.740575648,
15.38153815,150.4149899,109.9235587,146.8370559,0.740419413,
15.40154015,150.388566,109.8821518,146.8132255,0.740263159,
15.42154215,150.3621579,109.8407641,146.7894064,0.740106884,
15.44154415,150.3357652,109.7993952,146.7655984,0.73995059,
15.46154615,150.3093879,109.7580449,146.7418013,0.739794275,
15.48154815,150.2830256,109.7167129,146.7180146,0.739637939,
15.50155016,150.2566782,109.675399,146.6942383,0.739481583,
15.52155216,150.2303453,109.6341029,146.6704719,0.739325205,
15.54155416,150.2040269,109.5928242,146.6467152,0.739168806,
15.56155616,150.1777226,109.5515628,146.6229679,0.739012384,
15.58155816,150.1514322,109.5103184,146.5992297,0.738855941,
15.60156016,150.1251555,109.4690907,146.5755005,0.738699475,
15.62156216,150.0988924,109.4278794,146.5517798,0.738542986,
15.64156416,150.0726424,109.3866842,146.5280674,0.738386474,
15.66156616,150.0464055,109.3455049,146.5043631,0.738229939,
15.68156816,150.0201813,109.3043413,146.4806665,0.73807338,
15.70157016,149.9939698,109.2631929,146.4569774,0.737916797,
15.72157216,149.9677705,109.2220597,146.4332955,0.73776019,
15.74157416,149.9415834,109.1809412,146.4096206,0.737603558,
15.76157616,149.9154082,109.1398373,146.3859523,0.737446901,
15.78157816,149.8892446,109.0987476,146.3622903,0.737290219,
15.80158016,149.8630924,109.0576719,146.3386345,0.737133512,
15.82158216,149.8369515,109.0166099,146.3149844,0.736976778,
15.84158416,149.8108215,108.9755614,146.2913399,0.736820019,
15.86158616,149.7847023,108.934526,146.2677007,0.736663233,
15.88158816,149.7585936,108.8935035,146.2440664,0.73650642,
15.90159016,149.7324952,108.8524936,146.2204369,0.73634958,
15.92159216,149.7064068,108.8114961,146.1968118,0.736192713,
15.94159416,149.6803283,108.7705107,146.1731908,0.736035818,
15.96159616,149.6542594,108.7295371,146.1495737,0.735878896,
15.98159816,149.6281999,108.6885751,146.1259602,0.735721945,
16.00160016,149.6021496,108.6476243,146.10235,0.735564965,
16.02160216,149.5761082,108.6066845,146.0787429,0.735407957,
16.04160416,149.5500754,108.5657555,146.0551385,0.735250919,
16.06160616,149.5240512,108.5248369,146.0315366,0.735093852,
16.08160816,149.4980352,108.4839285,146.007937,0.734936755,
16.10161016,149.4720272,108.44303,145.9843392,0.734779628,
16.12161216,149.4460271,108.4021411,145.9607431,0.73462247,
16.14161416,149.4200345,108.3612616,145.9371484,0.734465282,
16.16161616,149.3940492,108.3203913,145.9135548,0.734308063,
16.18161816,149.3680711,108.2795297,145.889962,0.734150813,
16.20162016,149.3420998,108.2386767,145.8663698,0.733993531,
16.22162216,149.3161352,108.1978321,145.8427778,0.733836217,
16.24162416,149.290177,108.1569954,145.8191859,0.733678871,
16.26162616,149.264225,108.1161664,145.7955936,0.733521492,
16.28162816,149.2382791,108.075345,145.7720008,0.73336408,
16.30163016,149.2123388,108.0345307,145.7484071,0.733206636,
16.32163216,149.1864041,107.9937234,145.7248123,0.733049158,
16.34163416,149.1604747,107.9529228,145.7012161,0.732891646,
16.36163616,149.1345503,107.9121285,145.6776183,0.7327341,
16.38163816,149.1086308,107.8713403,145.6540185,0.73257652,
16.40164016,149.0827159,107.830558,145.6304164,0.732418905,
16.42164216,149.0568054,107.7897813,145.6068119,0.732261255,
16.44164416,149.0308991,107.7490099,145.5832046,0.73210357,
16.46164616,149.0049967,107.7082435,145.5595942,0.731945849,
16.48164816,148.979098,107.6674819,145.5359805,0.731788093,
16.50165017,148.9532027,107.6267248,145.5123632,0.7316303,
16.52165217,148.9273108,107.5859719,145.4887419,0.731472471,
16.54165417,148.9014218,107.5452229,145.4651165,0.731314605,
16.56165617,148.8755357,107.5044776,145.4414867,0.731156702,
16.58165817,148.8496521,107.4637358,145.4178521,0.730998762,
16.60166017,148.8237708,107.422997,145.3942126,0.730840784,
16.62166217,148.7978917,107.3822611,145.3705677,0.730682768,
16.64166417,148.7720145,107.3415279,145.3469173,0.730524713,
16.66166617,148.7461389,107.3007969,145.3232611,0.73036662,
16.68166817,148.7202648,107.260068,145.2995987,0.730208489,
16.70167017,148.6943918,107.2193409,145.27593,0.730050318,
16.72167217,148.6685199,107.1786153,145.2522546,0.729892107,
16.74167417,148.6426487,107.1378909,145.2285722,0.729733857,
16.76167617,148.616778,107.0971675,145.2048827,0.729575566,
16.78167817,148.5909077,107.0564448,145.1811856,0.729417235,
16.80168017,148.5650374,107.0157225,145.1574808,0.729258863,
16.82168217,148.5391669,106.9750004,145.1337679,0.729100451,
16.84168417,148.5132961,106.9342781,145.1100467,0.728941997,
16.86168617,148.4874246,106.8935555,145.0863168,0.728783501,
16.88168817,148.4615523,106.8528322,145.0625781,0.728624963,
16.90169017,148.435679,106.8121079,145.0388302,0.728466383,
16.92169217,148.4098044,106.7713825,145.0150729,0.728307761,
16.94169417,148.3839282,106.7306556,144.9913059,0.728149096,
16.96169617,148.3580503,106.6899269,144.9675289,0.727990387,
16.98169817,148.3321704,106.6491963,144.9437416,0.727831635,
17.00170017,148.3062884,106.6084633,144.9199437,0.72767284,
17.02170217,148.2804039,106.5677278,144.896135,0.727514,
17.04170417,148.2545167,106.5269894,144.8723153,0.727355116,
17.06170617,148.2286267,106.486248,144.8484841,0.727196187,
17.08170817,148.2027335,106.4455032,144.8246413,0.727037213,
17.10171017,148.176837,106.4047547,144.8007865,0.726878194,
17.12171217,148.150937,106.3640023,144.7769196,0.72671913,
17.14171417,148.1250332,106.3232458,144.7530401,0.726560019,
17.16171617,148.0991253,106.2824848,144.7291479,0.726400862,
17.18171817,148.0732132,106.241719,144.7052426,0.726241659,
17.20172017,148.0472966,106.2009483,144.681324,0.726082409,
17.22172217,148.0213754,106.1601723,144.6573918,0.725923112,
17.24172417,147.9954492,106.1193907,144.6334457,0.725763767,
17.26172617,147.9695178,106.0786033,144.6094855,0.725604375,
17.28172817,147.9435811,106.0378099,144.5855108,0.725444935,
17.30173017,147.9176388,105.9970101,144.5615215,0.725285446,
17.32173217,147.8916906,105.9562037,144.5375171,0.725125909,
17.34173417,147.8657364,105.9153903,144.5134975,0.724966322,
17.36173617,147.8397759,105.8745698,144.4894623,0.724806687,
17.38173817,147.8138089,105.8337419,144.4654113,0.724647002,
17.40174017,147.7878351,105.7929062,144.4413443,0.724487267,
17.42174217,147.7618543,105.7520626,144.4172608,0.724327482,
17.44174417,147.7358664,105.7112107,144.3931607,0.724167647,
17.46174617,147.709871,105.6703503,144.3690437,0.72400776,
17.48174817,147.683868,105.6294811,144.3449094,0.723847823,
17.50175018,147.6578571,105.5886029,144.3207577,0.723687834,
17.52175218,147.6318381,105.5477152,144.2965882,0.723527794,
17.54175418,147.6058108,105.506818,144.2724007,0.723367702,
17.56175618,147.5797749,105.4659109,144.2481949,0.723207557,
17.58175818,147.5537302,105.4249937,144.2239704,0.72304736,
17.60176018,147.5276765,105.384066,144.1997271,0.72288711,
17.62176218,147.5016136,105.3431277,144.1754647,0.722726807,
17.64176418,147.4755412,105.3021783,144.1511828,0.72256645,
17.66176618,147.4494591,105.2612178,144.1268812,0.72240604,
17.68176818,147.4233671,105.2202457,144.1025597,0.722245575,
17.70177018,147.3972649,105.1792618,144.0782179,0.722085056,
17.72177218,147.3711523,105.1382659,144.0538555,0.721924482,
17.74177418,147.3450292,105.0972577,144.0294724,0.721763854,
17.76177618,147.3188952,105.0562369,144.0050681,0.72160317,
17.78177818,147.2927501,105.0152032,143.9806425,0.72144243,
17.80178018,147.2665938,104.9741564,143.9561952,0.721281634,
17.82178218,147.240426,104.9330962,143.9317261,0.721120782,
17.84178418,147.2142464,104.8920223,143.9072347,0.720959874,
17.86178618,147.1880548,104.8509345,143.8827208,0.720798909,
17.88178818,147.1618511,104.8098324,143.8581842,0.720637887,
17.90179018,147.1356349,104.7687159,143.8336246,0.720476807,
17.92179218,147.1094061,104.7275846,143.8090416,0.720315669,
17.94179418,147.0831644,104.6864382,143.7844351,0.720154474,
17.96179618,147.0569096,104.6452766,143.7598047,0.71999322,
17.98179818,147.0306414,104.6040994,143.7351502,0.719831907,
18.00180018,147.0043598,104.5629063,143.7104712,0.719670535,
18.02180218,146.9780643,104.5216971,143.6857676,0.719509105,
18.04180418,146.9517548,104.4804716,143.6610389,0.719347614,
18.06180618,146.9254311,104.4392293,143.6362851,0.719186064,
18.08180818,146.8990929,104.3979702,143.6115057,0.719024453,
18.10181018,146.87274,104.3566938,143.5867005,0.718862783,
18.12181218,146.8463722,104.3154,143.5618692,0.718701051,
18.14181418,146.8199893,104.2740884,143.5370115,0.718539258,
18.16181618,146.7935909,104.2327588,143.5121272,0.718377404,
18.18181818,146.767177,104.1914109,143.487216,0.718215488,
18.20182018,146.7407472,104.1500445,143.4622777,0.71805351,
18.22182218,146.7143014,104.1086592,143.4373118,0.71789147,
18.24182418,146.6878393,104.0672549,143.4123182,0.717729367,
18.26182618,146.6613607,104.0258311,143.3872966,0.717567201,
18.28182818,146.6348654,103.9843878,143.3622466,0.717404972,
18.30183018,146.6083531,103.9429245,143.3371681,0.71724268,
18.32183218,146.5818236,103.901441,143.3120608,0.717080323,
18.34183418,146.5552767,103.8599371,143.2869243,0.716917903,
18.36183618,146.5287121,103.8184124,143.2617584,0.716755418,
18.38183818,146.5021296,103.7768667,143.2365628,0.716592868,
18.40184018,146.4755291,103.7352998,143.2113372,0.716430254,
18.42184218,146.4489102,103.6937113,143.1860814,0.716267574,
18.44184418,146.4222728,103.6521011,143.1607951,0.716104828,
18.46184618,146.3956166,103.6104687,143.135478,0.715942016,
18.48184818,146.3689414,103.568814,143.1101298,0.715779138,
18.50185019,146.3422469,103.5271366,143.0847502,0.715616194,
18.52185219,146.315533,103.4854364,143.0593391,0.715453183,
18.54185419,146.2887994,103.443713,143.033896,0.715290104,
18.56185619,146.2620459,103.4019662,143.0084207,0.715126958,
18.58185819,146.2352722,103.3601956,142.982913,0.714963744,
18.60186019,146.2084782,103.3184011,142.9573725,0.714800463,
18.62186219,146.1816635,103.2765823,142.931799,0.714637112,
18.64186419,146.1548281,103.234739,142.9061922,0.714473694,
18.66186619,146.1279715,103.1928709,142.8805519,0.714310206,
18.68186819,146.1010937,103.1509777,142.8548777,0.714146648,
18.70187019,146.0741944,103.1090592,142.8291694,0.713983022,
18.72187219,146.0472734,103.0671151,142.8034267,0.713819325,
18.74187419,146.0203304,103.0251451,142.7776492,0.713655558,
18.76187619,145.9933652,102.9831489,142.7518369,0.713491721,
18.78187819,145.9663776,102.9411264,142.7259893,0.713327812,
18.80188019,145.9393673,102.8990771,142.7001062,0.713163833,
18.82188219,145.9123342,102.8570009,142.6741873,0.712999782,
18.84188419,145.885278,102.8148974,142.6482323,0.71283566,
18.86188619,145.8581984,102.7727665,142.622241,0.712671465,
18.88188819,145.8310953,102.7306077,142.596213,0.712507198,
18.90189019,145.8039684,102.6884209,142.5701482,0.712342859,
18.92189219,145.7768175,102.6462058,142.5440462,0.712178446,
18.94189419,145.7496424,102.6039621,142.5179067,0.712013961,
18.96189619,145.7224428,102.5616895,142.4917295,0.711849401,
18.98189819,145.6952185,102.5193878,142.4655143,0.711684768,
19.00190019,145.6679694,102.4770567,142.4392608,0.711520061,
19.02190219,145.640695,102.434696,142.4129688,0.711355279,
19.04190419,145.6133953,102.3923052,142.3866379,0.711190423,
19.06190619,145.58607,102.3498843,142.3602678,0.711025491,
19.08190819,145.5587189,102.3074329,142.3338584,0.710860484,
19.10191019,145.5313417,102.2649507,142.3074093,0.710695401,
19.12191219,145.5039383,102.2224374,142.2809203,0.710530243,
19.14191419,145.4765083,102.1798929,142.254391,0.710365008,
19.16191619,145.4490516,102.1373168,142.2278212,0.710199696,
19.18191819,145.421568,102.0947089,142.2012107,0.710034308,
19.20192019,145.3940572,102.0520688,142.1745591,0.709868842,
19.22192219,145.3665189,102.0093964,142.1478661,0.709703299,
19.24192419,145.338953,101.9666913,142.1211316,0.709537678,
19.26192619,145.3113593,101.9239532,142.0943551,0.709371979,
19.28192819,145.2837374,101.881182,142.0675365,0.709206202,
19.30193019,145.2560872,101.8383773,142.0406754,0.709040346,
19.32193219,145.2284085,101.7955388,142.0137716,0.708874411,
19.34193419,145.200701,101.7526663,141.9868248,0.708708396,
19.36193619,145.1729645,101.7097596,141.9598347,0.708542302,
19.38193819,145.1451987,101.6668183,141.9328011,0.708376128,
19.40194019,145.1174035,101.6238421,141.9057236,0.708209873,
19.42194219,145.0895787,101.5808309,141.878602,0.708043539,
19.44194419,145.0617239,101.5377843,141.851436,0.707877123,
19.46194619,145.0338389,101.4947021,141.8242254,0.707710626,
19.48194819,145.0059236,101.4515839,141.7969698,0.707544048,
19.5019502,144.9779777,101.4084295,141.769669,0.707377388,
19.5219522,144.950001,101.3652387,141.7423227,0.707210645,
19.5419542,144.9219932,101.3220112,141.7149306,0.707043821,
19.5619562,144.8939542,101.2787467,141.6874925,0.706876914,
19.5819582,144.8658837,101.2354449,141.660008,0.706709924,
19.6019602,144.8377814,101.1921056,141.6324769,0.70654285,
19.6219622,144.8096471,101.1487284,141.604899,0.706375693,
19.6419642,144.7814807,101.1053132,141.5772739,0.706208452,
19.6619662,144.7532819,101.0618596,141.5496013,0.706041127,
19.6819682,144.7250504,101.0183674,141.521881,0.705873718,
19.7019702,144.6967861,100.9748363,141.4941128,0.705706223,
19.7219722,144.6684887,100.9312661,141.4662962,0.705538644,
19.7419742,144.6401579,100.8876563,141.4384312,0.705370979,
19.7619762,144.6117936,100.8440069,141.4105172,0.705203228,
19.7819782,144.5833956,100.8003175,141.3825542,0.705035392,
19.8019802,144.5549635,100.7565879,141.3545418,0.704867469,
19.8219822,144.5264972,100.7128177,141.3264798,0.704699459,
19.8419842,144.4979964,100.6690068,141.2983678,0.704531363,
19.8619862,144.469461,100.6251547,141.2702055,0.704363179,
19.8819882,144.4408907,100.5812614,141.2419928,0.704194908,
19.9019902,144.4122852,100.5373264,141.2137294,0.704026549,
19.9219922,144.3836443,100.4933496,141.1854149,0.703858101,
19.9419942,144.3549679,100.4493306,141.157049,0.703689566,
19.9619962,144.3262556,100.4052692,141.1286316,0.703520941,
19.9819982,144.2975073,100.361165,141.1001623,0.703352228,
20.0020002,144.2687228,100.317018,141.0716407,0.703183425,
20.0220022,144.2399061,100.2728312,141.0430582,0.703014497,
20.0420042,144.2110605,100.2286071,141.0144089,0.702845423,
20.0620062,144.182186,100.184346,140.9856934,0.702676202,
20.0820082,144.1532829,100.140048,140.9569119,0.702506834,
20.1020102,144.1243514,100.0957134,140.9280649,0.702337322,
20.1220122,144.0953915,100.0513425,140.8991526,0.702167664,
20.1420142,144.0664036,100.0069355,140.8701754,0.701997863,
20.1620162,144.0373877,99.96249268,140.8411337,0.701827917,
20.1820182,144.0083441,99.91801417,140.8120279,0.701657829,
20.2020202,143.979273,99.87350027,140.7828583,0.701487599,
20.2220222,143.9501745,99.82895121,140.7536253,0.701317227,
20.2420242,143.9210489,99.78436723,140.7243293,0.701146714,
20.2620262,143.8918962,99.73974856,140.6949705,0.70097606,
20.2820282,143.8627167,99.69509545,140.6655494,0.700805267,
20.3020302,143.8335106,99.65040812,140.6360663,0.700634334,
20.3220322,143.8042781,99.60568681,140.6065216,0.700463263,
20.3420342,143.7750193,99.56093177,140.5769156,0.700292054,
20.3620362,143.7457344,99.51614323,140.5472488,0.700120708,
20.3820382,143.7164237,99.47132143,140.5175214,0.699949225,
20.4020402,143.6870872,99.4264666,140.4877338,0.699777606,
20.4220422,143.6577252,99.38157898,140.4578865,0.699605852,
20.4420442,143.6283378,99.3366588,140.4279796,0.699433962,
20.4620462,143.5989253,99.29170632,140.3980137,0.699261939,
20.4820482,143.5694879,99.24672175,140.3679891,0.699089782,
20.50205021,143.5400256,99.20170534,140.3379061,0.698917492,
20.52205221,143.5105387,99.15665733,140.307765,0.698745069,
20.54205421,143.4810274,99.11157794,140.2775664,0.698572515,
20.56205621,143.4514918,99.06646743,140.2473104,0.69839983,
20.58205821,143.4219322,99.02132603,140.2169975,0.698227015,
20.60206021,143.3923487,98.97615396,140.1866281,0.698054069,
20.62206221,143.3627415,98.93095148,140.1562024,0.697880995,
20.64206421,143.3331108,98.88571882,140.1257209,0.697707792,
20.66206621,143.3034568,98.8404562,140.0951839,0.697534461,
20.68206821,143.2737797,98.79516388,140.0645918,0.697361002,
20.70207021,143.2440795,98.74984209,140.033945,0.697187417,
20.72207221,143.2143566,98.70449107,140.0032437,0.697013706,
20.74207421,143.1846111,98.65911104,139.9724884,0.696839869,
20.76207621,143.1548432,98.61370226,139.9416794,0.696665908,
20.78207821,143.1250531,98.56826495,139.9108171,0.696491822,
20.80208021,143.0952409,98.52279935,139.8799019,0.696317613,
20.82208221,143.0654069,98.4773057,139.848934,0.69614328,
20.84208421,143.0355512,98.43178424,139.8179139,0.695968826,
20.86208621,143.005674,98.38623521,139.786842,0.695794249,
20.88208821,142.9757755,98.34065883,139.7557185,0.695619552,
20.90209021,142.9458558,98.29505536,139.7245439,0.695444734,
20.92209221,142.9159153,98.24942502,139.6933184,0.695269796,
20.94209421,142.8859539,98.20376805,139.6620426,0.695094739,
20.96209621,142.855972,98.15808469,139.6307167,0.694919564,
20.98209821,142.8259697,98.11237517,139.5993411,0.69474427,
21.00210021,142.7959472,98.06663974,139.5679161,0.694568859,
21.02210221,142.7659047,98.02087863,139.5364421,0.694393332,
21.04210421,142.7358423,97.97509207,139.5049195,0.694217688,
21.06210621,142.7057602,97.92928031,139.4733487,0.694041929,
21.08210821,142.6756587,97.88344358,139.4417299,0.693866054,
21.10211021,142.6455379,97.83758212,139.4100636,0.693690066,
21.12211221,142.615398,97.79169616,139.3783501,0.693513964,
21.14211421,142.5852391,97.74578595,139.3465898,0.693337749,
21.16211621,142.5550616,97.69985171,139.314783,0.693161422,
21.18211821,142.5248654,97.65389369,139.2829302,0.692984983,
21.20212021,142.4946509,97.60791212,139.2510316,0.692808433,
21.22212221,142.4644182,97.56190724,139.2190876,0.692631772,
21.24212421,142.4341675,97.51587929,139.1870986,0.692455001,
21.26212621,142.4038989,97.4698285,139.1550649,0.692278121,
21.28212821,142.3736127,97.42375511,139.1229869,0.692101133,
21.30213021,142.3433091,97.37765936,139.090865,0.691924037,
21.32213221,142.3129882,97.33154148,139.0586996,0.691746833,
21.34213421,142.2826501,97.28540172,139.0264909,0.691569522,
21.36213621,142.2522952,97.2392403,138.9942393,0.691392105,
21.38213821,142.2219236,97.19305747,138.9619453,0.691214583,
21.40214021,142.1915354,97.14685346,138.9296091,0.691036956,
21.42214221,142.1611308,97.10062852,138.8972312,0.690859225,
21.44214421,142.1307101,97.05438286,138.8648119,0.69068139,
21.46214621,142.1002734,97.00811675,138.8323515,0.690503452,
21.48214821,142.0698209,96.9618304,138.7998504,0.690325411,
21.50215022,142.0393527,96.91552406,138.767309,0.690147269,
21.52215222,142.0088691,96.86919796,138.7347276,0.689969026,
21.54215422,141.9783703,96.82285235,138.7021066,0.689790682,
21.56215622,141.9478564,96.77648745,138.6694464,0.689612238,
21.58215822,141.9173276,96.73010351,138.6367473,0.689433695,
21.60216022,141.886784,96.68370076,138.6040097,0.689255053,
21.62216222,141.856226,96.63727944,138.5712339,0.689076314,
21.64216422,141.8256536,96.59083979,138.5384203,0.688897476,
21.66216622,141.7950671,96.54438204,138.5055693,0.688718543,
21.68216822,141.7644665,96.49790643,138.4726812,0.688539512,
21.70217022,141.7338522,96.4514132,138.4397563,0.688360387,
21.72217222,141.7032243,96.40490258,138.4067951,0.688181166,
21.74217422,141.672583,96.35837482,138.373798,0.688001852,
21.76217622,141.6419284,96.31183014,138.3407651,0.687822443,
21.78217822,141.6112607,96.26526879,138.307697,0.687642942,
21.80218022,141.5805802,96.21869099,138.274594,0.687463348,
21.82218222,141.549887,96.172097,138.2414565,0.687283662,
21.84218422,141.5191813,96.12548705,138.2082847,0.687103885,
21.86218622,141.4884633,96.07886137,138.1750791,0.686924018,
21.88218822,141.4577331,96.03222019,138.1418401,0.68674406,
21.90219022,141.4269909,95.98556377,138.1085679,0.686564014,
21.92219222,141.396237,95.93889233,138.075263,0.686383878,
21.94219422,141.3654715,95.89220611,138.0419257,0.686203655,
21.96219622,141.3346946,95.84550534,138.0085563,0.686023344,
21.98219822,141.3039065,95.79879028,137.9751553,0.685842946,
22.00220022,141.2731073,95.75206114,137.941723,0.685662463,
22.02220222,141.2422973,95.70531818,137.9082598,0.685481893,
22.04220422,141.2114766,95.65856162,137.8747659,0.685301239,
22.06220622,141.1806454,95.6117917,137.8412419,0.6851205,
22.08220822,141.1498039,95.56500866,137.807688,0.684939678,
22.10221022,141.1189522,95.51821274,137.7741045,0.684758773,
22.12221222,141.0880907,95.47140418,137.740492,0.684577785,
22.14221422,141.0572193,95.4245832,137.7068506,0.684396715,
22.16221622,141.0263384,95.37775005,137.6731809,0.684215564,
22.18221822,140.9954481,95.33090497,137.639483,0.684034333,
22.20222022,140.9645486,95.28404819,137.6057575,0.683853022,
22.22222222,140.9336401,95.23717995,137.5720047,0.683671631,
22.24222422,140.9027228,95.19030048,137.5382248,0.683490162,
22.26222622,140.8717967,95.14341003,137.5044184,0.683308614,
22.28222822,140.8408622,95.09650883,137.4705857,0.683126989,
22.30223022,140.8099195,95.04959711,137.4367271,0.682945288,
22.32223222,140.7789686,95.00267512,137.402843,0.68276351,
22.34223422,140.7480098,94.95574308,137.3689337,0.682581656,
22.36223622,140.7170432,94.90880125,137.3349996,0.682399728,
22.38223822,140.6860691,94.86184985,137.301041,0.682217725,
22.40224022,140.6550876,94.81488912,137.2670583,0.682035648,
22.42224222,140.6240989,94.7679193,137.233052,0.681853499,
22.44224422,140.5931033,94.72094063,137.1990222,0.681671277,
22.46224622,140.5621008,94.67395334,137.1649695,0.681488983,
22.48224822,140.5310916,94.62695766,137.1308941,0.681306618,
22.50225023,140.500076,94.57995385,137.0967964,0.681124182,
22.52225223,140.4690541,94.53294213,137.0626768,0.680941676,
22.54225423,140.4380262,94.48592273,137.0285356,0.680759101,
22.56225623,140.4069923,94.43889591,136.9943733,0.680576457,
22.58225823,140.3759527,94.39186189,136.9601901,0.680393745,
22.60226023,140.3449076,94.34482091,136.9259864,0.680210966,
22.62226223,140.3138571,94.29777321,136.8917626,0.68002812,
22.64226423,140.2828014,94.25071903,136.857519,0.679845207,
22.66226623,140.2517408,94.2036586,136.823256,0.679662229,
22.68226823,140.2206753,94.15659216,136.788974,0.679479186,
22.70227023,140.1896052,94.10951994,136.7546733,0.679296079,
22.72227223,140.1585307,94.06244219,136.7203543,0.679112908,
22.74227423,140.1274519,94.01535914,136.6860174,0.678929673,
22.76227623,140.0963691,93.96827102,136.6516628,0.678746377,
22.78227823,140.0652824,93.92117808,136.6172911,0.678563018,
22.80228023,140.0341919,93.87408055,136.5829024,0.678379598,
22.82228223,140.0030979,93.82697867,136.5484972,0.678196118,
22.84228423,139.9720006,93.77987268,136.5140759,0.678012577,
22.86228623,139.9409002,93.73276281,136.4796388,0.677828977,
22.88228823,139.9097967,93.68564929,136.4451863,0.677645319,
22.90229023,139.8786905,93.63853237,136.4107187,0.677461602,
22.92229223,139.8475817,93.59141229,136.3762364,0.677277828,
22.94229423,139.8164704,93.54428928,136.3417397,0.677093997,
22.96229623,139.7853569,93.49716357,136.3072291,0.676910109,
22.98229823,139.7542414,93.45003541,136.2727049,0.676726166,
23.00230023,139.723124,93.40290502,136.2381673,0.676542168,
23.02230223,139.6920049,93.35577266,136.2036169,0.676358116,
23.04230423,139.6608843,93.30863855,136.1690539,0.67617401,
23.06230623,139.6297623,93.26150294,136.1344788,0.67598985,
23.08230823,139.5986392,93.21436605,136.0998918,0.675805638,
23.10231023,139.5675152,93.16722813,136.0652934,0.675621375,
23.12231223,139.5363904,93.12008941,136.0306839,0.67543706,
23.14231423,139.505265,93.07295013,135.9960636,0.675252694,
23.16231623,139.4741392,93.02581053,135.9614329,0.675068279,
23.18231823,139.4430132,92.97867084,135.9267923,0.674883814,
23.20232023,139.4118871,92.9315313,135.892142,0.6746993,
23.22232223,139.3807612,92.88439216,135.8574824,0.674514738,
23.24232423,139.3496356,92.83725363,135.8228138,0.674330128,
23.26232623,139.3185106,92.79011597,135.7881367,0.674145472,
23.28232823,139.2873862,92.74297941,135.7534514,0.673960769,
23.30233023,139.2562627,92.69584418,135.7187582,0.673776021,
23.32233223,139.2251402,92.64871053,135.6840575,0.673591227,
23.34233423,139.194019,92.60157868,135.6493497,0.67340639,
23.36233623,139.1628993,92.55444889,135.6146352,0.673221508,
23.38233823,139.1317811,92.50732137,135.5799142,0.673036583,
23.40234023,139.1006648,92.46019638,135.5451872,0.672851616,
23.42234223,139.0695504,92.41307414,135.5104545,0.672666607,
23.44234423,139.0384382,92.3659549,135.4757164,0.672481556,
23.46234623,139.0073283,92.3188389,135.4409735,0.672296465,
23.48234823,138.9762209,92.27172636,135.4062259,0.672111334,
23.50235024,138.9451163,92.22461752,135.371474,0.671926163,
23.52235224,138.9140146,92.17751263,135.3367183,0.671740954,
23.54235424,138.8829159,92.13041192,135.3019591,0.671555706,
23.56235624,138.8518205,92.08331562,135.2671967,0.671370421,
23.58235824,138.8207286,92.03622398,135.2324315,0.671185099,
23.60236024,138.7896402,91.98913723,135.1976638,0.670999741,
23.62236224,138.7585557,91.94205561,135.1628941,0.670814347,
23.64236424,138.7274752,91.89497935,135.1281227,0.670628918,
23.66236624,138.6963989,91.84790869,135.0933499,0.670443454,
23.68236824,138.6653269,91.80084387,135.0585761,0.670257957,
23.70237024,138.6342594,91.75378513,135.0238017,0.670072426,
23.72237224,138.6031967,91.7067327,134.989027,0.669886863,
23.74237424,138.572139,91.65968682,134.9542524,0.669701268,
23.76237624,138.5410863,91.61264772,134.9194782,0.669515642,
23.78237824,138.5100388,91.56561565,134.8847049,0.669329985,
23.80238024,138.4789969,91.51859084,134.8499327,0.669144298,
23.82238224,138.4479606,91.47157353,134.8151621,0.668958581,
23.84238424,138.4169301,91.42456395,134.7803933,0.668772836,
23.86238624,138.3859056,91.37756234,134.7456268,0.668587062,
23.88238824,138.3548874,91.33056894,134.7108629,0.668401261,
23.90239024,138.3238755,91.28358399,134.676102,0.668215433,
23.92239224,138.2928701,91.23660772,134.6413444,0.668029578,
23.94239424,138.2618716,91.18964037,134.6065905,0.667843698,
23.96239624,138.2308799,91.14268217,134.5718407,0.667657793,
23.98239824,138.1998954,91.09573337,134.5370953,0.667471863,
24.00240024,138.1689181,91.04879419,134.5023547,0.667285909,
24.02240224,138.1379483,91.00186489,134.4676192,0.667099933,
24.04240424,138.1069862,90.95494569,134.4328892,0.666913933,
24.06240624,138.076032,90.90803683,134.3981651,0.666727912,
24.08240824,138.0450858,90.86113855,134.3634472,0.666541869,
24.10241024,138.0141477,90.81425108,134.3287359,0.666355806,
24.12241224,137.9832181,90.76737467,134.2940315,0.666169722,
24.14241424,137.9522971,90.72050954,134.2593344,0.66598362,
24.16241624,137.9213848,90.67365594,134.224645,0.665797498,
24.18241824,137.8904815,90.62681411,134.1899636,0.665611358,
24.20242024,137.8595873,90.57998427,134.1552906,0.6654252,
24.22242224,137.8287024,90.53316667,134.1206264,0.665239025,
24.24242424,137.797827,90.48636155,134.0859713,0.665052835,
24.26242624,137.7669613,90.43956913,134.0513256,0.664866628,
24.28242824,137.7361054,90.39278967,134.0166898,0.664680406,
24.30243024,137.7052596,90.34602339,133.9820641,0.66449417,
24.32243224,137.6744241,90.29927053,133.947449,0.66430792,
24.34243424,137.6435989,90.25253133,133.9128448,0.664121656,
24.36243624,137.6127843,90.20580603,133.8782519,0.66393538,
24.38243824,137.5819806,90.15909486,133.8436707,0.663749092,
24.40244024,137.5511877,90.11239805,133.8091014,0.663562793,
24.42244224,137.5204061,90.06571586,133.7745445,0.663376483,
24.44244424,137.4896357,90.01904851,133.7400003,0.663190163,
24.46244624,137.4588769,89.97239624,133.7054691,0.663003833,
24.48244824,137.4281298,89.92575929,133.6709515,0.662817494,
24.50245025,137.3973945,89.87913789,133.6364476,0.662631148,
24.52245225,137.3666713,89.83253229,133.6019578,0.662444793,
24.54245425,137.3359604,89.78594271,133.5674826,0.662258432,
24.56245625,137.3052619,89.7393694,133.5330223,0.662072064,
24.58245825,137.274576,89.69281259,133.4985772,0.66188569,
24.60246025,137.2439029,89.64627253,133.4641478,0.661699312,
24.62246225,137.2132427,89.59974944,133.4297343,0.661512928,
24.64246425,137.1825958,89.55324356,133.3953371,0.661326541,
24.66246625,137.1519622,89.50675513,133.3609566,0.661140151,
24.68246825,137.1213421,89.46028439,133.3265931,0.660953758,
24.70247025,137.0907357,89.41383158,133.2922471,0.660767363,
24.72247225,137.0601433,89.36739693,133.2579188,0.660580966,
24.74247425,137.0295649,89.32098067,133.2236087,0.660394569,
24.76247625,136.9990008,89.27458305,133.189317,0.660208172,
24.78247825,136.9684511,89.22820431,133.1550442,0.660021775,
24.80248025,136.937916,89.18184467,133.1207906,0.659835379,
24.82248225,136.9073958,89.13550438,133.0865566,0.659648985,
24.84248425,136.8768906,89.08918367,133.0523426,0.659462594,
24.86248625,136.8464005,89.04288279,133.0181488,0.659276205,
24.88248825,136.8159258,88.99660196,132.9839756,0.65908982,
24.90249025,136.7854667,88.95034143,132.9498235,0.658903439,
24.92249225,136.7550233,88.90410142,132.9156928,0.658717063,
24.94249425,136.7245958,88.85788219,132.8815838,0.658530692,
24.96249625,136.6941844,88.81168396,132.8474969,0.658344328,
24.98249825,136.6637893,88.76550698,132.8134325,0.65815797,
25.00250025,136.6334106,88.71935147,132.7793909,0.65797162,
25.02250225,136.6030486,88.67321768,132.7453724,0.657785277,
25.04250425,136.5727034,88.62710584,132.7113775,0.657598943,
25.06250625,136.5423753,88.58101619,132.6774066,0.657412619,
25.08250825,136.5120643,88.53494898,132.6434598,0.657226304,
25.10251025,136.4817707,88.48890442,132.6095377,0.65704,
25.12251225,136.4514947,88.44288277,132.5756406,0.656853706,
25.14251425,136.4212364,88.39688425,132.5417689,0.656667425,
25.16251625,136.3909961,88.35090911,132.5079228,0.656481155,
25.18251825,136.3607739,88.30495758,132.4741028,0.656294899,
25.20252025,136.3305699,88.2590299,132.4403093,0.656108656,
25.22252225,136.3003845,88.21312631,132.4065425,0.655922428,
25.24252425,136.2702177,88.16724704,132.3728029,0.655736214,
25.26252625,136.2400698,88.12139233,132.3390908,0.655550016,
25.28252825,136.2099409,88.07556242,132.3054065,0.655363834,
25.30253025,136.1798312,88.02975754,132.2717505,0.655177668,
25.32253225,136.1497409,87.98397793,132.2381231,0.65499152,
25.34253425,136.1196702,87.93822384,132.2045247,0.654805389,
25.36253625,136.0896193,87.89249548,132.1709556,0.654619278,
25.38253825,136.0595883,87.84679311,132.1374161,0.654433185,
25.40254025,136.0295774,87.80111696,132.1039067,0.654247112,
25.42254225,135.9995869,87.75546726,132.0704277,0.65406106,
25.44254425,135.9696168,87.70984426,132.0369794,0.653875029,
25.46254625,135.9396675,87.66424818,132.0035623,0.653689019,
25.48254825,135.909739,87.61867928,131.9701766,0.653503032,
25.50255026,135.8798315,87.57313777,131.9368228,0.653317068,
25.52255226,135.8499453,87.52762391,131.9035012,0.653131127,
25.54255426,135.8200805,87.48213793,131.8702121,0.65294521,
25.56255626,135.7902373,87.43668006,131.836956,0.652759318,
25.58255826,135.7604159,87.39125054,131.8037332,0.652573452,
25.60256026,135.7306164,87.34584961,131.770544,0.652387612,
25.62256226,135.7008391,87.30047751,131.7373888,0.652201798,
25.64256426,135.6710841,87.25513447,131.704268,0.652016011,
25.66256626,135.6413517,87.20982073,131.6711819,0.651830253,
25.68256826,135.6116419,87.16453653,131.6381309,0.651644523,
25.70257026,135.581955,87.1192821,131.6051153,0.651458822,
25.72257226,135.5522912,87.07405768,131.5721356,0.651273151,
25.74257426,135.5226506,87.02886351,131.539192,0.65108751,
25.76257626,135.4930335,86.98369982,131.506285,0.650901901,
25.78257826,135.46344,86.93856686,131.4734149,0.650716323,
25.80258026,135.4338703,86.89346485,131.440582,0.650530777,
25.82258226,135.4043245,86.84839404,131.4077867,0.650345264,
25.84258426,135.3748029,86.80335466,131.3750294,0.650159785,
25.86258626,135.3453057,86.75834696,131.3423105,0.64997434,
25.88258826,135.315833,86.71337116,131.3096302,0.64978893,
25.90259026,135.2863851,86.6684275,131.276989,0.649603555,
25.92259226,135.256962,86.62351622,131.2443873,0.649418216,
25.94259426,135.227564,86.57863756,131.2118253,0.649232914,
25.96259626,135.1981913,86.53379176,131.1793034,0.649047649,
25.98259826,135.168844,86.48897904,131.1468221,0.648862421,
26.00260026,135.1395223,86.44419966,131.1143816,0.648677233,
26.02260226,135.1102265,86.39945384,131.0819823,0.648492083,
26.04260426,135.0809567,86.35474182,131.0496246,0.648306974,
26.06260626,135.051713,86.31006384,131.0173089,0.648121904,
26.08260826,135.0224958,86.26542014,130.9850355,0.647936876,
26.10261026,134.993305,86.22081096,130.9528047,0.647751889,
26.12261226,134.964141,86.17623652,130.920617,0.647566945,
26.14261426,134.935004,86.13169707,130.8884726,0.647382043,
26.16261626,134.905894,86.08719284,130.8563721,0.647197185,
26.18261826,134.8768113,86.04272408,130.8243156,0.647012371,
26.20262026,134.847756,85.99829101,130.7923036,0.646827602,
26.22262226,134.8187285,85.95389388,130.7603364,0.646642878,
26.24262426,134.7897287,85.90953292,130.7284144,0.6464582,
26.26262626,134.760757,85.86520838,130.696538,0.646273569,
26.28262826,134.7318134,85.82092047,130.6647075,0.646088985,
26.30263026,134.7028983,85.77666945,130.6329232,0.645904449,
26.32263226,134.6740117,85.73245555,130.6011856,0.645719961,
26.34263426,134.6451539,85.68827901,130.569495,0.645535523,
26.36263626,134.616325,85.64414006,130.5378518,0.645351134,
26.38263826,134.5875252,85.60003895,130.5062563,0.645166795,
26.40264026,134.5587547,85.5559759,130.4747088,0.644982508,
26.42264226,134.5300137,85.51195116,130.4432098,0.644798272,
26.44264426,134.5013024,85.46796496,130.4117596,0.644614088,
26.46264626,134.4726209,85.42401753,130.3803586,0.644429958,
26.48264826,134.4439694,85.38010913,130.3490071,0.64424588,
26.50265027,134.4153482,85.33623997,130.3177054,0.644061857,
26.52265227,134.3867574,85.29241031,130.286454,0.643877889,
26.54265427,134.3581971,85.24862038,130.2552533,0.643693975,
26.56265627,134.3296677,85.2048704,130.2241034,0.643510118,
26.58265827,134.3011691,85.16116063,130.193005,0.643326318,
26.60266027,134.2727017,85.1174913,130.1619582,0.643142574,
26.62266227,134.2442656,85.07386264,130.1309634,0.642958889,
26.64266427,134.2158611,85.0302749,130.1000211,0.642775262,
26.66266627,134.1874882,84.9867283,130.0691315,0.642591694,
26.68266827,134.1591471,84.94322309,130.0382951,0.642408185,
26.70267027,134.1308382,84.8997595,130.0075121,0.642224737,
26.72267227,134.1025614,84.85633777,129.9767831,0.64204135,
26.74267427,134.0743171,84.81295814,129.9461082,0.641858025,
26.76267627,134.0461054,84.76962084,129.9154879,0.641674762,
26.78267827,134.0179264,84.72632612,129.8849225,0.641491561,
26.80268027,133.9897804,84.6830742,129.8544125,0.641308424,
26.82268227,133.9616676,84.63986532,129.8239581,0.641125352,
26.84268427,133.9335881,84.59669973,129.7935597,0.640942343,
26.86268627,133.9055422,84.55357766,129.7632177,0.640759401,
26.88268827,133.8775299,84.51049934,129.7329324,0.640576524,
26.90269027,133.8495515,84.46746502,129.7027042,0.640393713,
26.92269227,133.8216072,84.42447492,129.6725335,0.64021097,
26.94269427,133.7936971,84.38152929,129.6424206,0.640028295,
26.96269627,133.7658215,84.33862837,129.612366,0.639845688,
26.98269827,133.7379804,84.29577238,129.5823698,0.63966315,
27.00270027,133.7101742,84.25296158,129.5524326,0.639480682,
27.02270227,133.682403,84.21019618,129.5225546,0.639298284,
27.04270427,133.6546669,84.16747644,129.4927362,0.639115957,
27.06270627,133.6269662,84.12480259,129.4629779,0.638933702,
27.08270827,133.599301,84.08217486,129.4332798,0.638751519,
27.10271027,133.5716716,84.0395935,129.4036425,0.638569408,
27.12271227,133.544078,83.99705874,129.3740663,0.638387371,
27.14271427,133.5165205,83.95457081,129.3445515,0.638205408,
27.16271627,133.4889993,83.91212995,129.3150985,0.63802352,
27.18271827,133.4615146,83.86973641,129.2857076,0.637841707,
27.20272027,133.4340665,83.82739041,129.2563793,0.63765997,
27.22272227,133.4066552,83.7850922,129.2271138,0.63747831,
27.24272427,133.3792809,83.74284201,129.1979116,0.637296727,
27.26272627,133.3519437,83.70064008,129.1687729,0.637115221,
27.28272827,133.324644,83.65848664,129.1396983,0.636933794,
27.30273027,133.2973818,83.61638194,129.1106879,0.636752446,
27.32273227,133.2701573,83.5743262,129.0817422,0.636571177,
27.34273427,133.2429708,83.53231967,129.0528616,0.636389989,
27.36273627,133.2158224,83.49036259,129.0240463,0.636208882,
27.38273827,133.1887122,83.44845518,128.9952969,0.636027856,
27.40274027,133.1616405,83.4065977,128.9666135,0.635846913,
27.42274227,133.1346075,83.36479036,128.9379966,0.635666052,
27.44274427,133.1076133,83.32303342,128.9094466,0.635485275,
27.46274627,133.0806581,83.28132711,128.8809638,0.635304581,
27.48274827,133.0537421,83.23967166,128.8525485,0.635123973,
27.50275028,133.0268655,83.19806731,128.8242012,0.634943449,
27.52275228,133.0000285,83.1565143,128.7959221,0.634763012,
27.54275428,132.9732312,83.11501287,128.7677117,0.634582661,
27.56275628,132.9464739,83.07356325,128.7395704,0.634402397,
27.58275828,132.9197566,83.03216569,128.7114983,0.634222221,
27.60276028,132.8930797,82.9908204,128.6834961,0.634042133,
27.62276228,132.8664433,82.94952765,128.6555639,0.633862134,
27.64276428,132.8398475,82.90828765,128.6277021,0.633682225,
27.66276628,132.8132926,82.86710065,128.5999112,0.633502407,
27.68276828,132.7867787,82.82596689,128.5721914,0.633322679,
27.70277028,132.7603061,82.7848866,128.5445432,0.633143042,
27.72277228,132.7338748,82.74386002,128.5169669,0.632963498,
27.74277428,132.7074851,82.70288738,128.4894628,0.632784046,
27.76277628,132.6811372,82.66196893,128.4620314,0.632604688,
27.78277828,132.6548313,82.6211049,128.4346729,0.632425424,
27.80278028,132.6285675,82.58029552,128.4073878,0.632246255,
27.82278228,132.602346,82.53954104,128.3801764,0.63206718,
27.84278428,132.576167,82.49884169,128.353039,0.631888202,
27.86278628,132.5500307,82.45819771,128.325976,0.63170932,
27.88278828,132.5239373,82.41760933,128.2989879,0.631530535,
27.90279028,132.4978869,82.37707679,128.2720749,0.631351848,
27.92279228,132.4718797,82.33660033,128.2452373,0.631173259,
27.94279428,132.445916,82.29618019,128.2184757,0.63099477,
27.96279628,132.4199959,82.2558166,128.1917903,0.63081638,
27.98279828,132.3941195,82.2155098,128.1651814,0.63063809,
28.00280028,132.3682872,82.17526003,128.1386495,0.630459901,
28.02280228,132.3424989,82.13506752,128.112195,0.630281813,
28.04280428,132.3167551,82.09493252,128.0858181,0.630103828,
28.06280628,132.2910557,82.05485525,128.0595192,0.629925945,
28.08280828,132.265401,82.01483595,128.0332987,0.629748166,
28.10281028,132.2397913,81.97487487,128.0071569,0.62957049,
28.12281228,132.2142266,81.93497223,127.9810943,0.62939292,
28.14281428,132.1887071,81.89512828,127.9551112,0.629215454,
28.16281628,132.1632331,81.85534325,127.9292079,0.629038094,
28.18281828,132.1378047,81.81561739,127.9033847,0.628860841,
28.20282028,132.1124221,81.77595092,127.8776422,0.628683695,
28.22282228,132.0870855,81.73634408,127.8519805,0.628506657,
28.24282428,132.0617951,81.69679711,127.8264002,0.628329726,
28.26282628,132.036551,81.65731025,127.8009014,0.628152905,
28.28282828,132.0113534,81.61788374,127.7754847,0.627976194,
28.30283028,131.9862026,81.57851781,127.7501503,0.627799592,
28.32283228,131.9610987,81.53921269,127.7248987,0.627623102,
28.34283428,131.9360418,81.49996863,127.6997301,0.627446723,
28.36283628,131.9110323,81.46078586,127.674645,0.627270456,
28.38283828,131.8860702,81.42166463,127.6496437,0.627094302,
28.40284028,131.8611557,81.38260516,127.6247265,0.626918261,
28.42284228,131.836289,81.34360769,127.5998939,0.626742334,
28.44284428,131.8114704,81.30467246,127.5751461,0.626566521,
28.46284628,131.7866999,81.26579971,127.5504836,0.626390824,
28.48284828,131.7619778,81.22698968,127.5259068,0.626215243,
28.50285029,131.7373043,81.18824259,127.5014158,0.626039778,
28.52285229,131.7126795,81.1495587,127.4770112,0.62586443,
28.54285429,131.6881036,81.11093823,127.4526933,0.6256892,
28.56285629,131.6635768,81.07238142,127.4284625,0.625514088,
28.58285829,131.6390993,81.03388851,127.4043191,0.625339095,
28.60286029,131.6146713,80.99545974,127.3802634,0.625164222,
28.62286229,131.5902929,80.95709534,127.3562959,0.624989469,
28.64286429,131.5659644,80.91879555,127.3324168,0.624814836,
28.66286629,131.5416859,80.8805606,127.3086267,0.624640325,
28.68286829,131.5174576,80.84239075,127.2849257,0.624465936,
28.70287029,131.4932797,80.80428621,127.2613143,0.62429167,
28.72287229,131.4691523,80.76624723,127.2377929,0.624117527,
28.74287429,131.4450757,80.72827405,127.2143617,0.623943508,
28.76287629,131.42105,80.6903669,127.1910213,0.623769614,
28.78287829,131.3970755,80.65252601,127.1677718,0.623595845,
28.80288029,131.3731523,80.61475164,127.1446137,0.623422201,
28.82288229,131.3492805,80.577044,127.1215474,0.623248684,
28.84288429,131.3254605,80.53940335,127.0985731,0.623075294,
28.86288629,131.3016922,80.50182991,127.0756914,0.622902032,
28.88288829,131.277976,80.46432393,127.0529024,0.622728898,
28.90289029,131.2543121,80.42688564,127.0302067,0.622555893,
28.92289229,131.2307005,80.38951528,127.0076044,0.622383017,
28.94289429,131.2071416,80.35221308,126.9850961,0.622210272,
28.96289629,131.1836354,80.31497928,126.9626821,0.622037657,
28.98289829,131.1601821,80.27781412,126.9403627,0.621865174,
29.00290029,131.136782,80.24071784,126.9181383,0.621692822,
29.02290229,131.1134352,80.20369067,126.8960092,0.621520604,
29.04290429,131.0901419,80.16673285,126.8739759,0.621348519,
29.06290629,131.0669023,80.12984462,126.8520386,0.621176567,
29.08290829,131.0437166,80.09302621,126.8301977,0.62100475,
29.10291029,131.0205849,80.05627787,126.8084537,0.620833069,
29.12291229,130.9975075,80.01959982,126.7868068,0.620661523,
29.14291429,130.9744845,79.9829923,126.7652574,0.620490113,
29.16291629,130.9515161,79.94645556,126.7438059,0.620318841,
29.18291829,130.9286025,79.90998982,126.7224526,0.620147706,
29.20292029,130.9057438,79.87359533,126.7011979,0.619976709,
29.22292229,130.8829404,79.83727233,126.6800422,0.619805852,
29.24292429,130.8601922,79.80102104,126.6589858,0.619635133,
29.26292629,130.8374996,79.76484171,126.6380291,0.619464555,
29.28292829,130.8148626,79.72873458,126.6171725,0.619294118,
29.30293029,130.7922816,79.69269987,126.5964162,0.619123822,
29.32293229,130.7697566,79.65673783,126.5757607,0.618953668,
29.34293429,130.7472879,79.6208487,126.5552063,0.618783657,
29.36293629,130.7248757,79.58503271,126.5347534,0.618613789,
29.38293829,130.70252,79.54929009,126.5144024,0.618444065,
29.40294029,130.6802212,79.5136211,126.4941535,0.618274485,
29.42294229,130.6579793,79.47802595,126.4740073,0.618105051,
29.44294429,130.6357946,79.44250489,126.4539639,0.617935762,
29.46294629,130.6136673,79.40705816,126.4340239,0.617766619,
29.48294829,130.5915975,79.371686,126.4141875,0.617597624,
29.5029503,130.5695854,79.33638863,126.3944551,0.617428776,
29.5229523,130.5476313,79.30116631,126.3748271,0.617260077,
29.5429543,130.5257352,79.26601925,126.3553038,0.617091526,
29.5629563,130.5038974,79.23094771,126.3358856,0.616923125,
29.5829583,130.482118,79.19595192,126.3165729,0.616754874,
29.6029603,130.4603973,79.16103211,126.2973659,0.616586773,
29.6229623,130.4387354,79.12618852,126.2782652,0.616418824,
29.6429643,130.4171326,79.09142139,126.259271,0.616251027,
29.6629663,130.3955889,79.05673096,126.2403837,0.616083383,
29.6829683,130.3741045,79.02211747,126.2216036,0.615915892,
29.7029703,130.3526798,78.98758114,126.2029312,0.615748554,
29.7229723,130.3313148,78.95312222,126.1843667,0.615581372,
29.7429743,130.3100097,78.91874095,126.1659106,0.615414344,
29.7629763,130.2887647,78.88443755,126.1475632,0.615247472,
29.7829783,130.2675799,78.85021227,126.1293249,0.615080756,
29.8029803,130.2464557,78.81606535,126.111196,0.614914197,
29.8229823,130.2253921,78.78199703,126.0931768,0.614747796,
29.8429843,130.2043894,78.74800753,126.0752678,0.614581553,
29.8629863,130.1834477,78.71409709,126.0574694,0.614415469,
29.8829883,130.1625672,78.68026596,126.0397817,0.614249545,
29.9029903,130.141748,78.64651437,126.0222054,0.61408378,
29.9229923,130.1209905,78.61284256,126.0047406,0.613918176,
29.9429943,130.1002947,78.57925076,125.9873877,0.613752734,
29.9629963,130.0796608,78.54573921,125.9701472,0.613587453,
29.9829983,130.0590891,78.51230815,125.9530193,0.613422336,
30.0030003,130.038579,78.47895733,125.9360037,0.61325738,
30.0230023,130.0180956,78.44565953,125.9190553,0.613092528,
30.0430043,129.9976187,78.41239898,125.9021481,0.612927748,
30.0630063,129.9771482,78.3791756,125.885282,0.612763038,
30.0830083,129.9566844,78.34598933,125.8684568,0.612598399,
30.1030103,129.9362272,78.31284008,125.8516725,0.61243383,
30.1230123,129.9157768,78.27972779,125.8349288,0.612269331,
30.1430143,129.8953332,78.24665239,125.8182257,0.612104903,
30.1630163,129.8748965,78.21361381,125.8015631,0.611940544,
30.1830183,129.8544667,78.18061198,125.7849408,0.611776256,
30.2030203,129.8340439,78.14764682,125.7683586,0.611612038,
30.2230223,129.8136282,78.11471827,125.7518166,0.611447889,
30.2430243,129.7932197,78.08182626,125.7353145,0.611283809,
30.2630263,129.7728183,78.04897071,125.7188522,0.6111198,
30.2830283,129.7524243,78.01615155,125.7024297,0.610955859,
30.3030303,129.7320376,77.98336872,125.6860467,0.610791988,
30.3230323,129.7116584,77.95062214,125.6697032,0.610628186,
30.3430343,129.6912867,77.91791175,125.653399,0.610464453,
30.3630363,129.6709225,77.88523746,125.637134,0.610300789,
30.3830383,129.650566,77.85259922,125.6209081,0.610137193,
30.4030403,129.6302172,77.81999695,125.6047212,0.609973666,
30.4230423,129.6098761,77.78743058,125.5885731,0.609810208,
30.4430443,129.589543,77.75490003,125.5724638,0.609646818,
30.4630463,129.5692177,77.72240525,125.556393,0.609483496,
30.4830483,129.5489004,77.68994615,125.5403607,0.609320243,
30.50305031,129.5285912,77.65752267,125.5243667,0.609157057,
30.52305231,129.5082901,77.62513474,125.508411,0.608993939,
30.54305431,129.4879971,77.59278229,125.4924933,0.608830889,
30.56305631,129.4677125,77.56046523,125.4766137,0.608667907,
30.58305831,129.4474362,77.52818352,125.4607718,0.608504992,
30.60306031,129.4271683,77.49593707,125.4449678,0.608342145,
30.62306231,129.4069088,77.46372581,125.4292013,0.608179364,
30.64306431,129.3866579,77.43154967,125.4134723,0.608016651,
30.66306631,129.3664156,77.39940859,125.3977806,0.607854005,
30.68306831,129.346182,77.36730248,125.3821262,0.607691426,
30.70307031,129.3259572,77.33523129,125.3665089,0.607528914,
30.72307231,129.3057411,77.30319494,125.3509285,0.607366468,
30.74307431,129.285534,77.27119336,125.3353851,0.607204089,
30.76307631,129.2653358,77.23922648,125.3198783,0.607041777,
30.78307831,129.2451466,77.20729422,125.3044082,0.60687953,
30.80308031,129.2249665,77.17539652,125.2889746,0.60671735,
30.82308231,129.2047956,77.14353331,125.2735773,0.606555236,
30.84308431,129.1846339,77.11170452,125.2582163,0.606393188,
30.86308631,129.1644815,77.07991007,125.2428914,0.606231205,
30.88308831,129.1443385,77.0481499,125.2276025,0.606069289,
30.90309031,129.124205,77.01642393,125.2123495,0.605907438,
30.92309231,129.1040809,76.98473209,125.1971322,0.605745652,
30.94309431,129.0839665,76.95307432,125.1819506,0.605583932,
30.96309631,129.0638617,76.92145054,125.1668044,0.605422277,
30.98309831,129.0437666,76.88986069,125.1516937,0.605260687,
31.00310031,129.0236813,76.85830468,125.1366181,0.605099161,
31.02310231,129.0036058,76.82678245,125.1215777,0.604937701,
31.04310431,128.9835403,76.79529394,125.1065724,0.604776306,
31.06310631,128.9634848,76.76383906,125.0916019,0.604614975,
31.08310831,128.9434393,76.73241775,125.0766661,0.604453708,
31.10311031,128.923404,76.70102994,125.061765,0.604292506,
31.12311231,128.9033789,76.66967556,125.0468984,0.604131368,
31.14311431,128.883364,76.63835453,125.0320662,0.603970294,
31.16311631,128.8633595,76.60706679,125.0172683,0.603809285,
31.18311831,128.8433655,76.57581226,125.0025045,0.603648339,
31.20312031,128.8233819,76.54459088,124.9877747,0.603487457,
31.22312231,128.8034088,76.51340257,124.9730788,0.603326638,
31.24312431,128.7834464,76.48224727,124.9584167,0.603165883,
31.26312631,128.7634947,76.4511249,124.9437882,0.603005191,
31.28312831,128.7435537,76.42003539,124.9291933,0.602844563,
31.30313031,128.7236235,76.38897867,124.9146317,0.602683997,
31.32313231,128.7037043,76.35795468,124.9001035,0.602523495,
31.34313431,128.683796,76.32696333,124.8856084,0.602363056,
31.36313631,128.6638988,76.29600456,124.8711463,0.602202679,
31.38313831,128.6440126,76.2650783,124.8567171,0.602042365,
31.40314031,128.6241377,76.23418448,124.8423207,0.601882114,
31.42314231,128.604274,76.20332303,124.8279569,0.601721925,
31.44314431,128.5844216,76.17249388,124.8136257,0.601561798,
31.46314631,128.5645806,76.14169695,124.7993269,0.601401733,
31.48314831,128.544751,76.11093217,124.7850604,0.60124173,
31.50315032,128.524933,76.08019948,124.7708261,0.60108179,
31.52315232,128.5051265,76.04949881,124.7566237,0.600921911,
31.54315432,128.4853318,76.01883008,124.7424533,0.600762094,
31.56315632,128.4655487,75.98819322,124.7283147,0.600602338,
31.58315832,128.4457775,75.95758816,124.7142078,0.600442644,
31.60316032,128.4260181,75.92701484,124.7001324,0.600283011,
31.62316232,128.4062706,75.89647318,124.6860884,0.600123439,
31.64316432,128.3865352,75.86596311,124.6720758,0.599963928,
31.66316632,128.3668118,75.83548455,124.6580943,0.599804479,
31.68316832,128.3471006,75.80503745,124.6441438,0.59964509,
31.70317032,128.3274016,75.77462173,124.6302243,0.599485761,
31.72317232,128.3077149,75.74423731,124.6163356,0.599326494,
31.74317432,128.2880406,75.71388413,124.6024776,0.599167287,
31.76317632,128.2683787,75.68356212,124.5886501,0.59900814,
31.78317832,128.2487292,75.6532712,124.574853,0.598849053,
31.80318032,128.2290924,75.62301131,124.5610863,0.598690026,
31.82318232,128.2094681,75.59278237,124.5473497,0.59853106,
31.84318432,128.1898566,75.56258431,124.5336432,0.598372153,
31.86318632,128.1702579,75.53241707,124.5199667,0.598213306,
31.88318832,128.1506719,75.50228058,124.5063199,0.598054519,
31.90319032,128.1310989,75.47217475,124.4927029,0.597895791,
31.92319232,128.1115389,75.44209953,124.4791154,0.597737122,
31.94319432,128.0919919,75.41205483,124.4655573,0.597578513,
31.96319632,128.072458,75.3820406,124.4520286,0.597419962,
31.98319832,128.0529374,75.35205676,124.4385291,0.597261471,
32.00320032,128.03343,75.32210323,124.4250586,0.597103039,
32.02320232,128.0139359,75.29217995,124.4116171,0.596944665,
32.04320432,127.9944552,75.26228685,124.3982044,0.59678635,
32.06320632,127.9749879,75.23242386,124.3848205,0.596628093,
32.08320832,127.9555342,75.20259091,124.3714651,0.596469895,
32.10321032,127.9360941,75.17278791,124.3581381,0.596311755,
32.12321232,127.9166677,75.14301482,124.3448395,0.596153674,
32.14321432,127.897255,75.11327155,124.3315691,0.59599565,
32.16321632,127.8778562,75.08355803,124.3183267,0.595837684,
32.18321832,127.8584712,75.05387419,124.3051124,0.595679776,
32.20322032,127.8391002,75.02421997,124.2919258,0.595521925,
32.22322232,127.8197431,74.99459529,124.278767,0.595364133,
32.24322432,127.8004002,74.96500008,124.2656358,0.595206397,
32.26322632,127.7810714,74.93543427,124.252532,0.595048719,
32.28322832,127.7617569,74.90589779,124.2394556,0.594891098,
32.30323032,127.7424567,74.87639057,124.2264064,0.594733534,
32.32323232,127.7231708,74.84691254,124.2133842,0.594576027,
32.34323432,127.7038993,74.81746362,124.2003891,0.594418576,
32.36323632,127.6846424,74.78804375,124.1874208,0.594261183,
32.38323832,127.6654001,74.75865286,124.1744792,0.594103846,
32.40324032,127.6461723,74.72929088,124.1615642,0.593946565,
32.42324232,127.6269593,74.69995773,124.1486757,0.593789341,
32.44324432,127.6077611,74.67065334,124.1358136,0.593632173,
32.46324632,127.5885777,74.64137765,124.1229777,0.593475061,
32.48324832,127.5694093,74.61213058,124.1101679,0.593318005,
32.50325033,127.5502558,74.58291207,124.097384,0.593161004,
32.52325233,127.5311174,74.55372203,124.084626,0.59300406,
32.54325433,127.5119942,74.52456041,124.0718938,0.592847171,
32.56325633,127.4928861,74.49542713,124.0591872,0.592690337,
32.58325833,127.4737933,74.46632212,124.046506,0.592533559,
32.60326033,127.4547159,74.4372453,124.0338502,0.592376836,
32.62326233,127.4356538,74.40819662,124.0212197,0.592220168,
32.64326433,127.4166072,74.37917599,124.0086143,0.592063555,
32.66326633,127.3975762,74.35018336,123.9960338,0.591906997,
32.68326833,127.3785608,74.32121863,123.9834783,0.591750494,
32.70327033,127.359561,74.29228176,123.9709474,0.591594045,
32.72327233,127.3405771,74.26337266,123.9584412,0.591437651,
32.74327433,127.3216089,74.23449126,123.9459595,0.591281311,
32.76327633,127.3026566,74.2056375,123.9335022,0.591125025,
32.78327833,127.2837203,74.17681131,123.9210691,0.590968794,
32.80328033,127.2648001,74.1480126,123.9086602,0.590812616,
32.82328233,127.2458959,74.11924132,123.8962752,0.590656492,
32.84328433,127.2270079,74.09049739,123.8839141,0.590500422,
32.86328633,127.2081361,74.06178074,123.8715768,0.590344406,
32.88328833,127.1892807,74.0330913,123.8592631,0.590188443,
32.90329033,127.1704416,74.004429,123.846973,0.590032534,
32.92329233,127.151619,73.97579377,123.8347062,0.589876678,
32.94329433,127.1328128,73.94718554,123.8224626,0.589720875,
32.96329633,127.1140233,73.91860424,123.8102422,0.589565125,
32.98329833,127.0952504,73.89004979,123.7980449,0.589409428,
33.00330033,127.0764943,73.86152213,123.7858704,0.589253783,
33.02330233,127.0577549,73.83302118,123.7737187,0.589098192,
33.04330433,127.0390324,73.80454688,123.7615896,0.588942653,
33.06330633,127.0203269,73.77609916,123.749483,0.588787166,
33.08330833,127.0016383,73.74767794,123.7373988,0.588631732,
33.10331033,126.9829668,73.71928315,123.725337,0.588476349,
33.12331233,126.9643125,73.69091472,123.7132972,0.588321019,
33.14331433,126.9456754,73.66257259,123.7012795,0.588165741,
33.16331633,126.9270555,73.63425668,123.6892837,0.588010515,
33.18331833,126.908453,73.60596692,123.6773096,0.58785534,
33.20332033,126.8898679,73.57770323,123.6653572,0.587700217,
33.22332233,126.8713003,73.54946556,123.6534264,0.587545145,
33.24332433,126.8527503,73.52125383,123.6415169,0.587390124,
33.26332633,126.8342179,73.49306796,123.6296288,0.587235155,
33.28332833,126.8157031,73.46490789,123.6177618,0.587080237,
33.30333033,126.7972062,73.43677355,123.6059158,0.58692537,
33.32333233,126.7787271,73.40866487,123.5940907,0.586770553,
33.34333433,126.7602658,73.38058177,123.5822865,0.586615788,
33.36333633,126.7418226,73.35252418,123.5705029,0.586461072,
33.38333833,126.7233974,73.32449204,123.5587398,0.586306408,
33.40334033,126.7049903,73.29648527,123.5469971,0.586151793,
33.42334233,126.6866014,73.26850381,123.5352748,0.585997229,
33.44334433,126.6682307,73.24054758,123.5235726,0.585842715,
33.46334633,126.6498784,73.2126165,123.5118905,0.585688251,
33.48334833,126.6315444,73.18471052,123.5002283,0.585533837,
33.50335034,126.6132289,73.15682956,123.4885858,0.585379473,
33.52335234,126.594932,73.12897355,123.4769631,0.585225158,
33.54335434,126.5766536,73.10114242,123.4653599,0.585070893,
33.56335634,126.5583939,73.0733361,123.4537762,0.584916677,
33.58335834,126.5401529,73.04555451,123.4422117,0.58476251,
33.60336034,126.5219308,73.0177976,123.4306664,0.584608392,
33.62336234,126.5037275,72.99006527,123.4191402,0.584454324,
33.64336434,126.4855432,72.96235748,123.4076329,0.584300304,
33.66336634,126.4673778,72.93467414,123.3961445,0.584146333,
33.68336834,126.4492316,72.90701518,123.3846747,0.583992411,
33.70337034,126.4311045,72.87938054,123.3732234,0.583838537,
33.72337234,126.4129966,72.85177014,123.3617907,0.583684711,
33.74337434,126.394908,72.82418391,123.3503762,0.583530934,
33.76337634,126.3768388,72.79662179,123.3389799,0.583377205,
33.78337834,126.358789,72.76908369,123.3276017,0.583223524,
33.80338034,126.3407587,72.74156956,123.3162414,0.583069891,
33.82338234,126.322748,72.71407932,123.304899,0.582916306,
33.84338434,126.3047569,72.68661289,123.2935743,0.582762768,
33.86338634,126.2867855,72.65917022,123.2822671,0.582609278,
33.88338834,126.2688339,72.63175122,123.2709774,0.582455836,
33.90339034,126.2509021,72.60435583,123.259705,0.58230244,
33.92339234,126.2329903,72.57698397,123.2484498,0.582149092,
33.94339434,126.2150984,72.54963559,123.2372117,0.581995791,
33.96339634,126.1972266,72.5223106,123.2259905,0.581842537,
33.98339834,126.1793749,72.49500893,123.2147862,0.581689329,
34.00340034,126.1615435,72.46773051,123.2035986,0.581536168,
34.02340234,126.1437322,72.44047528,123.1924275,0.581383054,
34.04340434,126.1259413,72.41324317,123.181273,0.581229987,
34.06340634,126.1081708,72.38603409,123.1701347,0.581076965,
34.08340834,126.0904208,72.35884799,123.1590127,0.58092399,
34.10341034,126.0726913,72.33168479,123.1479068,0.580771061,
34.12341234,126.0549824,72.30454441,123.1368168,0.580618178,
34.14341434,126.0372942,72.2774268,123.1257427,0.58046534,
34.16341634,126.0196267,72.25033188,123.1146843,0.580312549,
34.18341834,126.0019801,72.22325957,123.1036415,0.580159803,
34.20342034,125.9843543,72.19620981,123.0926142,0.580007102,
34.22342234,125.9667495,72.16918253,123.0816022,0.579854447,
34.24342434,125.9491658,72.14217766,123.0706054,0.579701837,
34.26342634,125.9316031,72.11519512,123.0596238,0.579549272,
34.28342834,125.9140616,72.08823485,123.0486571,0.579396752,
34.30343034,125.8965413,72.06129677,123.0377052,0.579244277,
34.32343234,125.8790423,72.03438081,123.0267681,0.579091847,
34.34343434,125.8615647,72.00748691,123.0158457,0.578939461,
34.36343634,125.8441085,71.98061499,123.0049376,0.57878712,
34.38343834,125.8266738,71.95376498,122.994044,0.578634823,
34.40344034,125.8092608,71.92693681,122.9831646,0.578482571,
34.42344234,125.7918693,71.90013042,122.9722993,0.578330362,
34.44344434,125.7744996,71.87334572,122.961448,0.578178198,
34.46344634,125.7571517,71.84658265,122.9506105,0.578026077,
34.48344834,125.7398256,71.81984114,122.9397868,0.577874,
34.50345035,125.7225215,71.79312112,122.9289767,0.577721967,
34.52345235,125.7052393,71.76642252,122.9181801,0.577569978,
34.54345435,125.6879792,71.73974526,122.9073969,0.577418031,
34.56345635,125.6707413,71.71308928,122.8966269,0.577266128,
34.58345835,125.6535255,71.68645451,122.8858701,0.577114269,
34.60346035,125.636332,71.65984086,122.8751262,0.576962452,
34.62346235,125.6191609,71.63324829,122.8643952,0.576810678,
34.64346435,125.6020122,71.6066767,122.853677,0.576658947,
34.66346635,125.5848859,71.58012604,122.8429714,0.576507259,
34.68346835,125.5677822,71.55359623,122.8322783,0.576355613,
34.70347035,125.5507012,71.52708721,122.8215976,0.576204009,
34.72347235,125.5336428,71.50059889,122.8109291,0.576052448,
34.74347435,125.5166072,71.47413121,122.8002728,0.575900929,
34.76347635,125.4995944,71.44768411,122.7896285,0.575749452,
34.78347835,125.4826045,71.4212575,122.778996,0.575598017,
34.80348035,125.4656375,71.39485132,122.7683754,0.575446624,
34.82348235,125.4486936,71.3684655,122.7577663,0.575295273,
34.84348435,125.4317728,71.34209996,122.7471688,0.575143963,
34.86348635,125.4148752,71.31575464,122.7365827,0.574992694,
34.88348835,125.3980009,71.28942947,122.7260078,0.574841467,
34.90349035,125.3811498,71.26312437,122.7154441,0.574690281,
34.92349235,125.3643221,71.23683928,122.7048914,0.574539137,
34.94349435,125.3475179,71.21057412,122.6943497,0.574388033,
34.96349635,125.3307372,71.18432882,122.6838186,0.57423697,
34.98349835,125.3139801,71.15810332,122.6732983,0.574085947,
35.00350035,125.2972466,71.13189753,122.6627884,0.573934966,
35.02350235,125.2805369,71.1057114,122.652289,0.573784025,
35.04350435,125.263851,71.07954485,122.6417998,0.573633124,
35.06350635,125.2471889,71.05339781,122.6313208,0.573482263,
35.08350835,125.2305508,71.02727021,122.6208519,0.573331442,
35.10351035,125.2139367,71.00116197,122.6103928,0.573180662,
35.12351235,125.1973466,70.97507304,122.5999435,0.573029921,
35.14351435,125.1807807,70.94900333,122.5895039,0.57287922,
35.16351635,125.164239,70.92295277,122.5790738,0.572728559,
35.18351835,125.1477216,70.89692131,122.5686532,0.572577937,
35.20352035,125.1312286,70.87090886,122.5582418,0.572427355,
35.22352235,125.11476,70.84491535,122.5478396,0.572276811,
35.24352435,125.0983159,70.81894072,122.5374464,0.572126307,
35.26352635,125.0818963,70.79298489,122.5270622,0.571975842,
35.28352835,125.0655014,70.76704779,122.5166867,0.571825416,
35.30353035,125.0491311,70.74112936,122.5063199,0.571675029,
35.32353235,125.0327857,70.71522952,122.4959617,0.57152468,
35.34353435,125.016465,70.68934819,122.4856119,0.57137437,
35.36353635,125.0001693,70.66348532,122.4752704,0.571224098,
35.38353835,124.9838986,70.63764083,122.464937,0.571073865,
35.40354035,124.9676529,70.61181464,122.4546118,0.570923669,
35.42354235,124.9514323,70.5860067,122.4442944,0.570773512,
35.44354435,124.9352369,70.56021692,122.4339849,0.570623392,
35.46354635,124.9190668,70.53444524,122.423683,0.570473311,
35.48354835,124.902922,70.50869159,122.4133887,0.570323267,
35.50355036,124.8868026,70.48295589,122.4031019,0.57017326,
35.52355236,124.8707086,70.45723807,122.3928223,0.570023291,
35.54355436,124.8546402,70.43153807,122.3825499,0.56987336,
35.56355636,124.8385974,70.40585582,122.3722847,0.569723465,
35.58355836,124.8225802,70.38019123,122.3620263,0.569573608,
35.60356036,124.8065888,70.35454425,122.3517748,0.569423787,
35.62356236,124.7906232,70.3289148,122.3415299,0.569274004,
35.64356436,124.7746835,70.30330281,122.3312916,0.569124257,
35.66356636,124.7587697,70.27770821,122.3210598,0.568974546,
35.68356836,124.742882,70.25213094,122.3108343,0.568824872,
35.70357036,124.7270203,70.22657091,122.300615,0.568675235,
35.72357236,124.7111848,70.20102806,122.2904018,0.568525633,
35.74357436,124.6953755,70.17550231,122.2801945,0.568376068,
35.76357636,124.6795925,70.14999361,122.269993,0.568226539,
35.78357836,124.6638359,70.12450187,122.2597973,0.568077045,
35.80358036,124.6481057,70.09902703,122.2496071,0.567927587,
35.82358236,124.632402,70.07356901,122.2394224,0.567778165,
35.84358436,124.6167249,70.04812775,122.229243,0.567628779,
35.86358636,124.6010744,70.02270317,122.2190688,0.567479427,
35.88358836,124.5854507,69.9972952,122.2088998,0.567330111,
35.90359036,124.5698537,69.97190378,122.1987356,0.56718083,
35.92359236,124.5542836,69.94652883,122.1885764,0.567031584,
35.94359436,124.5387404,69.92117028,122.1784218,0.566882373,
35.96359636,124.5232241,69.89582806,122.1682718,0.566733197,
35.98359836,124.507735,69.8705021,122.1581263,0.566584055,
36.00360036,124.4922729,69.84519233,122.1479852,0.566434948,
36.02360236,124.4768381,69.81989868,122.1378482,0.566285875,
36.04360436,124.4614305,69.79462107,122.1277154,0.566136836,
36.06360636,124.4460503,69.76935945,122.1175865,0.565987832,
36.08360836,124.4306975,69.74411373,122.1074615,0.565838861,
36.10361036,124.4153721,69.71888385,122.0973402,0.565689925,
36.12361236,124.4000743,69.69366973,122.0872225,0.565541022,
36.14361436,124.3848041,69.66847131,122.0771083,0.565392153,
36.16361636,124.3695616,69.64328851,122.0669975,0.565243317,
36.18361836,124.3543468,69.61812126,122.0568898,0.565094515,
36.20362036,124.3391599,69.5929695,122.0467853,0.564945746,
36.22362236,124.3240008,69.56783315,122.0366838,0.564797011,
36.24362436,124.3088697,69.54271215,122.0265851,0.564648308,
36.26362636,124.2937667,69.51760641,122.0164892,0.564499638,
36.28362836,124.2786917,69.49251587,122.0063959,0.564351001,
36.30363036,124.2636449,69.46744047,121.996305,0.564202397,
36.32363236,124.2486263,69.44238012,121.9862166,0.564053825,
36.34363436,124.2336361,69.41733476,121.9761304,0.563905286,
36.36363636,124.2186742,69.39230432,121.9660463,0.563756779,
36.38363836,124.2037408,69.36728873,121.9559641,0.563608304,
36.40364036,124.1888358,69.34228791,121.9458839,0.563459861,
36.42364236,124.1739595,69.3173018,121.9358054,0.56331145,
36.44364436,124.1591118,69.29233032,121.9257286,0.563163071,
36.46364636,124.1442929,69.26737341,121.9156532,0.563014724,
36.48364836,124.1295027,69.24243099,121.9055792,0.562866409,
36.50365037,124.1147414,69.217503,121.8955065,0.562718124,
36.52365237,124.100009,69.19258935,121.8854349,0.562569871,
36.54365437,124.0853057,69.16768999,121.8753643,0.56242165,
36.56365637,124.0706314,69.14280485,121.8652946,0.562273459,
36.58365837,124.0559862,69.11793384,121.8552256,0.5621253,
36.60366037,124.0413702,69.0930769,121.8451573,0.561977171,
36.62366237,124.0267835,69.06823396,121.8350895,0.561829073,
36.64366437,124.0122262,69.04340495,121.8250221,0.561681005,
36.66366637,123.9976983,69.0185898,121.8149549,0.561532968,
36.68366837,123.9831999,68.99378843,121.8048879,0.561384962,
36.70367037,123.968731,68.96900079,121.7948209,0.561236986,
36.72367237,123.9542917,68.94422678,121.7847538,0.561089039,
36.74367437,123.9398822,68.91946636,121.7746865,0.560941123,
36.76367637,123.9255024,68.89471944,121.7646188,0.560793237,
36.78367837,123.9111524,68.86998595,121.7545506,0.56064538,
36.80368037,123.8968324,68.84526582,121.7444819,0.560497553,
36.82368237,123.8825423,68.82055899,121.7344124,0.560349756,
36.84368437,123.8682822,68.79586539,121.7243421,0.560201988,
36.86368637,123.8540523,68.77118493,121.7142708,0.560054249,
36.88368837,123.8398525,68.74651755,121.7041983,0.559906539,
36.90369037,123.825683,68.72186319,121.6941247,0.559758859,
36.92369237,123.8115438,68.69722176,121.6840498,0.559611207,
36.94369437,123.797435,68.6725932,121.6739733,0.559463584,
36.96369637,123.7833567,68.64797744,121.6638953,0.55931599,
36.98369837,123.7693088,68.62337441,121.6538156,0.559168424,
37.00370037,123.7552916,68.59878404,121.643734,0.559020887,
37.02370237,123.741305,68.57420625,121.6336504,0.558873378,
37.04370437,123.7273492,68.54964098,121.6235648,0.558725897,
37.06370637,123.7134242,68.52508815,121.613477,0.558578444,
37.08370837,123.69953,68.5005477,121.6033868,0.558431019,
37.10371037,123.6856668,68.47601955,121.5932942,0.558283622,
37.12371237,123.6718346,68.45150364,121.583199,0.558136252,
37.14371437,123.6580335,68.42699989,121.5731011,0.557988911,
37.16371637,123.6442635,68.40250823,121.5630004,0.557841596,
37.18371837,123.6305248,68.37802859,121.5528967,0.557694309,
37.20372037,123.6168173,68.3535609,121.54279,0.557547049,
37.22372237,123.6031412,68.32910509,121.53268,0.557399816,
37.24372437,123.5894965,68.30466109,121.5225668,0.557252611,
37.26372637,123.5758833,68.28022883,121.5124501,0.557105431,
37.28372837,123.5623017,68.25580824,121.5023298,0.556958279,
37.30373037,123.5487518,68.23139924,121.4922058,0.556811153,
37.32373237,123.5352335,68.20700177,121.482078,0.556664054,
37.34373437,123.521747,68.18261576,121.4719463,0.556516981,
37.36373637,123.5082923,68.15824113,121.4618105,0.556369934,
37.38373837,123.4948696,68.13387782,121.4516705,0.556222914,
37.40374037,123.4814788,68.10952575,121.4415262,0.556075919,
37.42374237,123.4681201,68.08518486,121.4313775,0.55592895,
37.44374437,123.4547935,68.06085506,121.4212242,0.555782007,
37.46374637,123.4414991,68.0365363,121.4110663,0.55563509,
37.48374837,123.428237,68.01222851,121.4009035,0.555488198,
37.50375038,123.4150072,67.9879316,121.3907358,0.555341331,
37.52375238,123.4018098,67.96364551,121.3805631,0.55519449,
37.54375438,123.3886448,67.93937017,121.3703851,0.555047674,
37.56375638,123.3755124,67.91510552,121.3602019,0.554900883,
37.58375838,123.3624126,67.89085147,121.3500133,0.554754116,
37.60376038,123.3493455,67.86660795,121.3398191,0.554607375,
37.62376238,123.3363111,67.84237491,121.3296192,0.554460658,
37.64376438,123.3233096,67.81815226,121.3194136,0.554313965,
37.66376638,123.3103409,67.79393994,121.309202,0.554167297,
37.68376838,123.2974052,67.76973787,121.2989844,0.554020653,
37.70377038,123.2845025,67.74554598,121.2887606,0.553874034,
37.72377238,123.2716329,67.72136421,121.2785305,0.553727438,
37.74377438,123.2587964,67.69719249,121.2682941,0.553580867,
37.76377638,123.2459932,67.67303073,121.2580511,0.553434319,
37.78377838,123.2332233,67.64887888,121.2478014,0.553287794,
37.80378038,123.2204867,67.62473686,121.2375449,0.553141294,
37.82378238,123.2077836,67.6006046,121.2272816,0.552994816,
37.84378438,123.195114,67.57648203,121.2170112,0.552848363,
37.86378638,123.182478,67.55236907,121.2067336,0.552701932,
37.88378838,123.1698756,67.52826567,121.1964488,0.552555524,
37.90379038,123.1573069,67.50417175,121.1861566,0.552409139,
37.92379238,123.1447721,67.48008723,121.1758568,0.552262777,
37.94379438,123.132271,67.45601205,121.1655494,0.552116438,
37.96379638,123.1198039,67.43194613,121.1552343,0.551970121,
37.98379838,123.1073708,67.40788941,121.1449112,0.551823827,
38.00380038,123.0949718,67.38384182,121.1345801,0.551677555,
38.02380238,123.0826069,67.35980328,121.1242409,0.551531305,
38.04380438,123.0702762,67.33577372,121.1138934,0.551385077,
38.06380638,123.0579797,67.31175307,121.1035375,0.551238872,
38.08380838,123.0457176,67.28774127,121.0931731,0.551092688,
38.10381038,123.03349,67.26373824,121.0828001,0.550946525,
38.12381238,123.0212968,67.23974391,121.0724183,0.550800385,
38.14381438,123.0091381,67.21575821,121.0620276,0.550654266,
38.16381638,122.9970141,67.19178107,121.0516279,0.550508168,
38.18381838,122.9849247,67.16781242,121.0412191,0.550362091,
38.20382038,122.9728701,67.14385218,121.030801,0.550216036,
38.22382238,122.9608503,67.1199003,121.0203735,0.550070001,
38.24382438,122.9488655,67.09595669,121.0099366,0.549923988,
38.26382638,122.9369155,67.07202129,120.99949,0.549777995,
38.28382838,122.9250007,67.04809402,120.9890336,0.549632023,
38.30383038,122.9131209,67.02417482,120.9785674,0.549486071,
38.32383238,122.9012763,67.00026361,120.9680912,0.54934014,
38.34383438,122.8894669,66.97636033,120.9576049,0.549194228,
38.36383638,122.8776929,66.9524649,120.9471083,0.549048337,
38.38383838,122.8659542,66.92857725,120.9366014,0.548902466,
38.40384038,122.854251,66.90469731,120.9260839,0.548756615,
38.42384238,122.8425833,66.88082502,120.9155559,0.548610784,
38.44384438,122.8309512,66.85696029,120.9050171,0.548464972,
38.46384638,122.8193547,66.83310307,120.8944674,0.54831918,
38.48384838,122.807794,66.80925327,120.8839068,0.548173407,
38.50385039,122.7962691,66.78541084,120.873335,0.548027654,
38.52385239,122.78478,66.76157569,120.862752,0.547881919,
38.54385439,122.7733269,66.73774776,120.8521577,0.547736204,
38.56385639,122.7619098,66.71392697,120.8415519,0.547590508,
38.58385839,122.7505287,66.69011326,120.8309344,0.54744483,
38.60386039,122.7391838,66.66630656,120.8203053,0.547299171,
38.62386239,122.7278751,66.64250679,120.8096643,0.547153531,
38.64386439,122.7166027,66.61871388,120.7990113,0.547007909,
38.66386639,122.7053667,66.59492777,120.7883462,0.546862305,
38.68386839,122.694167,66.57114838,120.7776689,0.546716719,
38.70387039,122.6830039,66.54737564,120.7669792,0.546571152,
38.72387239,122.6718773,66.52360949,120.7562771,0.546425602,
38.74387439,122.6607873,66.49984984,120.7455624,0.546280071,
38.76387639,122.6497341,66.47609664,120.7348349,0.546134557,
38.78387839,122.6387176,66.4523498,120.7240947,0.54598906,
38.80388039,122.6277379,66.42860927,120.7133414,0.545843581,
38.82388239,122.6167952,66.40487496,120.7025751,0.54569812,
38.84388439,122.6058894,66.38114681,120.6917956,0.545552675,
38.86388639,122.5950207,66.35742475,120.6810027,0.545407248,
38.88388839,122.5841891,66.3337087,120.6701963,0.545261838,
38.90389039,122.5733946,66.3099986,120.6593764,0.545116444,
38.92389239,122.5626375,66.28629437,120.6485428,0.544971067,
38.94389439,122.5519176,66.26259595,120.6376953,0.544825707,
38.96389639,122.5412351,66.23890326,120.6268339,0.544680363,
38.98389839,122.5305901,66.21521623,120.6159584,0.544535036,
39.00390039,122.5199827,66.1915348,120.6050687,0.544389725,
39.02390239,122.5094128,66.16785889,120.5941647,0.544244429,
39.04390439,122.4988806,66.14418843,120.5832462,0.54409915,
39.06390639,122.4883861,66.12052335,120.5723132,0.543953887,
39.08390839,122.4779295,66.09686358,120.5613655,0.54380864,
39.10391039,122.4675107,66.07320905,120.5504029,0.543663408,
39.12391239,122.4571299,66.04955968,120.5394254,0.543518191,
39.14391439,122.4467871,66.02591542,120.5284329,0.54337299,
39.16391639,122.4364823,66.00227618,120.5174251,0.543227805,
39.18391839,122.4262158,65.9786419,120.506402,0.543082634,
39.20392039,122.4159874,65.95501251,120.4953635,0.542937479,
39.22392239,122.4057974,65.93138793,120.4843095,0.542792338,
39.24392439,122.3956457,65.90776809,120.4732397,0.542647212,
39.26392639,122.3855324,65.88415293,120.4621541,0.542502101,
39.28392839,122.3754577,65.86054237,120.4510527,0.542357004,
39.30393039,122.3654215,65.83693635,120.4399351,0.542211922,
39.32393239,122.3554239,65.81333479,120.4288014,0.542066854,
39.34393439,122.3454651,65.78973761,120.4176513,0.5419218,
39.36393639,122.335545,65.76614476,120.4064849,0.54177676,
39.38393839,122.3256638,65.74255616,120.3953019,0.541631734,
39.40394039,122.3158215,65.71897174,120.3841022,0.541486722,
39.42394239,122.3060182,65.69539143,120.3728857,0.541341723,
39.44394439,122.296254,65.67181515,120.3616523,0.541196738,
39.46394639,122.2865288,65.64824285,120.3504019,0.541051767,
39.48394839,122.2768429,65.62467444,120.3391343,0.540906809,
39.5039504,122.2671962,65.60110985,120.3278493,0.540761864,
39.5239524,122.2575889,65.57754902,120.316547,0.540616932,
39.5439544,122.248021,65.55399188,120.3052272,0.540472013,
39.5639564,122.2384925,65.53043835,120.2938896,0.540327107,
39.5839584,122.2290036,65.50688837,120.2825343,0.540182213,
39.6039604,122.2195543,65.48334185,120.2711611,0.540037332,
39.6239624,122.2101447,65.45979874,120.2597698,0.539892464,
39.6439644,122.2007748,65.43625897,120.2483604,0.539747608,
39.6639664,122.1914448,65.41272245,120.2369327,0.539602764,
39.6839684,122.1821546,65.38918912,120.2254866,0.539457932,
39.7039704,122.1729044,65.36565891,120.214022,0.539313112,
39.7239724,122.1636942,65.34213176,120.2025387,0.539168304,
39.7439744,122.1545241,65.31860758,120.1910367,0.539023508,
39.7639764,122.1453942,65.2950863,120.1795157,0.538878723,
39.7839784,122.1363045,65.27156787,120.1679757,0.53873395,
39.8039804,122.1272552,65.2480522,120.1564166,0.538589188,
39.8239824,122.1182462,65.22453923,120.1448382,0.538444438,
39.8439844,122.1092776,65.20102888,120.1332404,0.538299698,
39.8639864,122.1003496,65.17752109,120.1216231,0.53815497,
39.8839884,122.0914621,65.15401578,120.1099862,0.538010252,
39.9039904,122.0826153,65.13051289,120.0983294,0.537865545,
39.9239924,122.0738092,65.10701233,120.0866528,0.537720849,
39.9439944,122.0650439,65.08351405,120.0749562,0.537576163,
39.9639964,122.0563195,65.06001797,120.0632395,0.537431488,
39.9839984,122.0476359,65.03652402,120.0515025,0.537286823,
40.0040004,122.0389931,65.01303237,120.0397452,0.537142168,
40.0240024,122.03038,64.98955057,120.0279723,0.536997535,
40.0440044,122.0217914,64.96608232,120.0161861,0.536852927,
40.0640064,122.0132271,64.94262758,120.0043866,0.536708345,
40.0840084,122.004687,64.91918636,119.992574,0.53656379,
40.1040104,121.9961712,64.89575861,119.9807483,0.53641926,
40.1240124,121.9876794,64.87234434,119.9689096,0.536274757,
40.1440144,121.9792116,64.84894352,119.9570579,0.536130279,
40.1640164,121.9707678,64.82555614,119.9451935,0.535985828,
40.1840184,121.9623478,64.80218217,119.9333163,0.535841403,
40.2040204,121.9539516,64.7788216,119.9214264,0.535697003,
40.2240224,121.945579,64.75547441,119.9095239,0.53555263,
40.2440244,121.9372301,64.73214059,119.8976089,0.535408283,
40.2640264,121.9289047,64.70882012,119.8856815,0.535263962,
40.2840284,121.9206027,64.68551298,119.8737417,0.535119668,
40.3040304,121.9123241,64.66221915,119.8617897,0.534975399,
40.3240324,121.9040687,64.63893861,119.8498255,0.534831157,
40.3440344,121.8958366,64.61567135,119.8378492,0.53468694,
40.3640364,121.8876275,64.59241735,119.8258608,0.53454275,
40.3840384,121.8794415,64.5691766,119.8138605,0.534398586,
40.4040404,121.8712785,64.54594907,119.8018484,0.534254449,
40.4240424,121.8631383,64.52273475,119.7898245,0.534110337,
40.4440444,121.8550209,64.49953362,119.7777888,0.533966252,
40.4640464,121.8469262,64.47634566,119.7657416,0.533822192,
40.4840484,121.8388541,64.45317086,119.7536828,0.533678159,
40.50405041,121.8308045,64.43000919,119.7416126,0.533534153,
40.52405241,121.8227774,64.40686065,119.729531,0.533390172,
40.54405441,121.8147727,64.38372521,119.7174381,0.533246218,
40.56405641,121.8067903,64.36060285,119.705334,0.53310229,
40.58405841,121.7988301,64.33749356,119.6932187,0.532958388,
40.60406041,121.790892,64.31439733,119.6810924,0.532814513,
40.62406241,121.782976,64.29131413,119.6689552,0.532670663,
40.64406441,121.7750819,64.26824394,119.656807,0.53252684,
40.66406641,121.7672098,64.24518675,119.6446481,0.532383044,
40.68406841,121.7593594,64.22214255,119.6324784,0.532239273,
40.70407041,121.7515307,64.1991113,119.6202981,0.532095529,
40.72407241,121.7437237,64.17609301,119.6081073,0.531951812,
40.74407441,121.7359383,64.15308764,119.5959059,0.53180812,
40.76407641,121.7281743,64.13009518,119.5836942,0.531664455,
40.78407841,121.7204317,64.10711562,119.5714721,0.531520817,
40.80408041,121.7127105,64.08414894,119.5592398,0.531377204,
40.82408241,121.7050104,64.06119511,119.5469973,0.531233618,
40.84408441,121.6973315,64.03825412,119.5347448,0.531090059,
40.86408641,121.6896737,64.01532596,119.5224823,0.530946525,
40.88408841,121.6820369,63.99241061,119.5102099,0.530803019,
40.90409041,121.6744209,63.96950804,119.4979276,0.530659538,
40.92409241,121.6668258,63.94661825,119.4856356,0.530516084,
40.94409441,121.6592515,63.92374121,119.473334,0.530372656,
40.96409641,121.6516978,63.90087691,119.4610227,0.530229255,
40.98409841,121.6441646,63.87802533,119.4487019,0.53008588,
41.00410041,121.636652,63.85518645,119.4363718,0.529942532,
41.02410241,121.6291598,63.83236025,119.4240322,0.52979921,
41.04410441,121.6216879,63.80954672,119.4116834,0.529655915,
41.06410641,121.6142362,63.78674584,119.3993255,0.529512646,
41.08410841,121.6068047,63.76395759,119.3869584,0.529369403,
41.10411041,121.5993933,63.74118196,119.3745823,0.529226187,
41.12411241,121.592002,63.71841893,119.3621973,0.529082998,
41.14411441,121.5846305,63.69566847,119.3498035,0.528939835,
41.16411641,121.5772789,63.67293058,119.3374008,0.528796698,
41.18411841,121.569947,63.65020523,119.3249895,0.528653588,
41.20412041,121.5626348,63.62749241,119.3125696,0.528510505,
41.22412241,121.5553422,63.6047921,119.3001411,0.528367448,
41.24412441,121.5480691,63.58210429,119.2877042,0.528224418,
41.26412641,121.5408155,63.55942895,119.2752589,0.528081414,
41.28412841,121.5335812,63.53676606,119.2628053,0.527938437,
41.30413041,121.5263661,63.51411562,119.2503436,0.527795486,
41.32413241,121.5191703,63.4914776,119.2378737,0.527652562,
41.34413441,121.5119936,63.46885198,119.2253957,0.527509664,
41.36413641,121.5048358,63.44623876,119.2129098,0.527366794,
41.38413841,121.4976971,63.4236379,119.2004161,0.527223949,
41.40414041,121.4905772,63.4010494,119.1879145,0.527081132,
41.42414241,121.483476,63.37847323,119.1754052,0.526938341,
41.44414441,121.4763936,63.35590938,119.1628883,0.526795576,
41.46414641,121.4693297,63.33335783,119.1503638,0.526652838,
41.48414841,121.4622844,63.31081857,119.1378318,0.526510127,
41.50415042,121.4552576,63.28829157,119.1252925,0.526367443,
41.52415242,121.4482491,63.26577682,119.1127458,0.526224785,
41.54415442,121.4412589,63.2432743,119.100192,0.526082154,
41.56415642,121.4342869,63.22078399,119.0876309,0.525939549,
41.58415842,121.4273331,63.19830588,119.0750629,0.525796972,
41.60416042,121.4203972,63.17583995,119.0624878,0.525654421,
41.62416242,121.4134794,63.15338618,119.0499058,0.525511896,
41.64416442,121.4065794,63.13094456,119.037317,0.525369399,
41.66416642,121.3996972,63.10851506,119.0247214,0.525226928,
41.68416842,121.3928327,63.08609767,119.0121192,0.525084484,
41.70417042,121.3859859,63.06369237,118.9995105,0.524942066,
41.72417242,121.3791566,63.04129914,118.9868952,0.524799676,
41.74417442,121.3723447,63.01891798,118.9742735,0.524657312,
41.76417642,121.3655503,62.99654885,118.9616454,0.524514975,
41.78417842,121.3587732,62.97419174,118.9490112,0.524372664,
41.80418042,121.3520133,62.95184664,118.9363707,0.524230381,
41.82418242,121.3452705,62.92951352,118.9237242,0.524088124,
41.84418442,121.3385448,62.90719237,118.9110716,0.523945894,
41.86418642,121.3318361,62.88488318,118.8984131,0.523803691,
41.88418842,121.3251442,62.86258592,118.8857488,0.523661515,
41.90419042,121.3184692,62.84030057,118.8730787,0.523519365,
41.92419242,121.3118109,62.81802713,118.8604029,0.523377242,
41.94419442,121.3051693,62.79576557,118.8477215,0.523235147,
41.96419642,121.2985442,62.77351587,118.8350346,0.523093078,
41.98419842,121.2919356,62.75127802,118.8223422,0.522951036,
42.00420042,121.2853435,62.729052,118.8096445,0.522809021,
42.02420242,121.2787676,62.7068378,118.7969416,0.522667032,
42.04420442,121.272208,62.68463538,118.7842334,0.522525071,
42.06420642,121.2656646,62.66244475,118.7715201,0.522383136,
42.08420842,121.2591372,62.64026587,118.7588017,0.522241229,
42.10421042,121.2526258,62.61809874,118.7460784,0.522099348,
42.12421242,121.2461304,62.59594333,118.7333503,0.521957494,
42.14421442,121.2396508,62.57379964,118.7206173,0.521815668,
42.16421642,121.2331869,62.55166763,118.7078797,0.521673868,
42.18421842,121.2267387,62.52954729,118.6951374,0.521532095,
42.20422042,121.2203061,62.50743861,118.6823905,0.521390349,
42.22422242,121.213889,62.48534157,118.6696392,0.52124863,
42.24422442,121.2074873,62.46325614,118.6568835,0.521106938,
42.26422642,121.2011009,62.44118233,118.6441236,0.520965273,
42.28422842,121.1947299,62.41912009,118.6313593,0.520823635,
42.30423042,121.1883739,62.39706943,118.618591,0.520682024,
42.32423242,121.1820331,62.37503031,118.6058186,0.52054044,
42.34423442,121.1757074,62.35300273,118.5930422,0.520398883,
42.36423642,121.1693965,62.33098667,118.5802619,0.520257353,
42.38423842,121.1631005,62.3089821,118.5674778,0.52011585,
42.40424042,121.1568193,62.28698901,118.55469,0.519974375,
42.42424242,121.1505527,62.26500739,118.5418985,0.519832926,
42.44424442,121.1443008,62.24303721,118.5291034,0.519691504,
42.46424642,121.1380634,62.22107847,118.5163049,0.51955011,
42.48424842,121.1318404,62.19913113,118.5035029,0.519408742,
42.50425043,121.1256318,62.17719519,118.4906976,0.519267402,
42.52425243,121.1194374,62.15527062,118.4778891,0.519126088,
42.54425443,121.1132573,62.13335741,118.4650774,0.518984802,
42.56425643,121.1070913,62.11145554,118.4522626,0.518843543,
42.58425843,121.1009393,62.089565,118.4394448,0.518702311,
42.60426043,121.0948013,62.06768577,118.4266241,0.518561106,
42.62426243,121.0886771,62.04581782,118.4138005,0.518419929,
42.64426443,121.0825667,62.02396114,118.4009742,0.518278778,
42.66426643,121.0764701,62.00211572,118.3881452,0.518137655,
42.68426843,121.070387,61.98028154,118.3753136,0.517996559,
42.70427043,121.0643175,61.95845857,118.3624795,0.51785549,
42.72427243,121.0582615,61.93664681,118.349643,0.517714448,
42.74427443,121.0522188,61.91484623,118.3368041,0.517573433,
42.76427643,121.0461895,61.89305682,118.323963,0.517432446,
42.78427843,121.0401733,61.87127856,118.3111196,0.517291486,
42.80428043,121.0341703,61.84951143,118.2982742,0.517150553,
42.82428243,121.0281804,61.82775541,118.2854267,0.517009647,
42.84428443,121.0222034,61.8060105,118.2725772,0.516868768,
42.86428643,121.0162393,61.78427666,118.2597259,0.516727917,
42.88428843,121.010288,61.76255388,118.2468729,0.516587093,
42.90429043,121.0043494,61.74084215,118.2340181,0.516446296,
42.92429243,120.9984235,61.71914145,118.2211617,0.516305527,
42.94429443,120.9925101,61.69745175,118.2083037,0.516164785,
42.96429643,120.9866093,61.67577305,118.1954443,0.51602407,
42.98429843,120.9807208,61.65410533,118.1825835,0.515883382,
43.00430043,120.9748446,61.63244856,118.1697214,0.515742722,
43.02430243,120.9689807,61.61080273,118.1568582,0.515602089,
43.04430443,120.9631289,61.58916782,118.1439937,0.515461484,
43.06430643,120.9572892,61.56754382,118.1311282,0.515320906,
43.08430843,120.9514615,61.54593071,118.1182618,0.515180355,
43.10431043,120.9456457,61.52432847,118.1053944,0.515039831,
43.12431243,120.9398417,61.50273708,118.0925263,0.514899335,
43.14431443,120.9340494,61.48115653,118.0796574,0.514758866,
43.16431643,120.9282689,61.45958679,118.0667879,0.514618425,
43.18431843,120.9224999,61.43802786,118.0539178,0.514478011,
43.20432043,120.9167424,61.41647971,118.0410472,0.514337624,
43.22432243,120.9109963,61.39494232,118.0281762,0.514197265,
43.24432443,120.9052615,61.37341568,118.0153049,0.514056933,
43.26432643,120.899538,61.35189978,118.0024334,0.513916629,
43.28432843,120.8938257,61.33039458,117.9895617,0.513776352,
43.30433043,120.8881245,61.30890009,117.9766899,0.513636102,
43.32433243,120.8824343,61.28741627,117.9638182,0.51349588,
43.34433443,120.876755,61.26594311,117.9509465,0.513355685,
43.36433643,120.8710865,61.2444806,117.938075,0.513215518,
43.38433843,120.8654288,61.22302871,117.9252037,0.513075379,
43.40434043,120.8597818,61.20158743,117.9123327,0.512935267,
43.42434243,120.8541454,61.18015674,117.8994622,0.512795182,
43.44434443,120.8485195,61.15873663,117.8865922,0.512655125,
43.46434643,120.842904,61.13732707,117.8737227,0.512515095,
43.48434843,120.8372989,61.11592805,117.8608539,0.512375093,
43.50435044,120.8317041,61.09453956,117.8479858,0.512235118,
43.52435244,120.8261195,61.07316156,117.8351185,0.512095171,
43.54435444,120.8205449,61.05179406,117.8222522,0.511955252,
43.56435644,120.8149804,61.03043702,117.8093868,0.51181536,
43.58435844,120.8094258,61.00909044,117.7965224,0.511675495,
43.60436044,120.8038811,60.98775429,117.7836593,0.511535659,
43.62436244,120.7983462,60.96642855,117.7707973,0.511395849,
43.64436444,120.792821,60.94511322,117.7579366,0.511256068,
43.66436644,120.7873054,60.92380827,117.7450774,0.511116314,
43.68436844,120.7817993,60.90251368,117.7322196,0.510976587,
43.70437044,120.7763027,60.88122944,117.7193633,0.510836888,
43.72437244,120.7708155,60.85995553,117.7065087,0.510697217,
43.74437444,120.7653375,60.83869193,117.6936557,0.510557574,
43.76437644,120.7598688,60.81743863,117.6808046,0.510417958,
43.78437844,120.7544092,60.7961956,117.6679554,0.510278369,
43.80438044,120.7489586,60.77496283,117.6551081,0.510138809,
43.82438244,120.743517,60.75374031,117.6422628,0.509999276,
43.84438444,120.7380843,60.73252801,117.6294196,0.509859771,
43.86438644,120.7326603,60.71132592,117.6165787,0.509720293,
43.88438844,120.7272451,60.69013402,117.60374,0.509580843,
43.90439044,120.7218386,60.66895229,117.5909037,0.509441421,
43.92439244,120.7164405,60.64778072,117.5780698,0.509302026,
43.94439444,120.711051,60.62661928,117.5652385,0.50916266,
43.96439644,120.7056698,60.60546797,117.5524097,0.509023321,
43.98439844,120.700297,60.58432675,117.5395837,0.508884009,
44.00440044,120.6949324,60.56319563,117.5267604,0.508744726,
44.02440244,120.6895759,60.54207457,117.5139399,0.50860547,
44.04440444,120.6842275,60.52096356,117.5011224,0.508466242,
44.06440644,120.6788871,60.49986258,117.4883079,0.508327042,
44.08440844,120.6735545,60.47877162,117.4754965,0.508187869,
44.10441044,120.6682298,60.45769066,117.4626883,0.508048725,
44.12441244,120.6629129,60.43661968,117.4498833,0.507909608,
44.14441444,120.6576035,60.41555866,117.4370816,0.507770519,
44.16441644,120.6523018,60.39450759,117.4242834,0.507631458,
44.18441844,120.6470075,60.37346645,117.4114887,0.507492424,
44.20442044,120.6417207,60.35243522,117.3986975,0.507353419,
44.22442244,120.6364412,60.33141388,117.38591,0.507214441,
44.24442444,120.6311689,60.31040242,117.3731263,0.507075491,
44.26442644,120.6259038,60.28940082,117.3603463,0.506936569,
44.28442844,120.6206458,60.26840905,117.3475703,0.506797675,
44.30443044,120.6153948,60.24742711,117.3347983,0.506658809,
44.32443244,120.6101507,60.22645498,117.3220303,0.50651997,
44.34443444,120.6049134,60.20549264,117.3092665,0.50638116,
44.36443644,120.5996829,60.18454007,117.2965069,0.506242377,
44.38443844,120.594459,60.16359725,117.2837516,0.506103622,
44.40444044,120.5892418,60.14266417,117.2710007,0.505964896,
44.42444244,120.5840311,60.12174081,117.2582543,0.505826197,
44.44444444,120.5788267,60.10082715,117.2455124,0.505687526,
44.46444644,120.5736288,60.07992317,117.2327752,0.505548883,
44.48444844,120.5684371,60.05902886,117.2200427,0.505410268,
44.50445045,120.5632516,60.0381442,117.207315,0.505271681,
44.52445245,120.5580722,60.01726917,117.1945921,0.505133122,
44.54445445,120.5528988,59.99640376,117.1818743,0.504994591,
44.56445645,120.5477313,59.97554795,117.1691614,0.504856088,
44.58445845,120.5425697,59.95470171,117.1564537,0.504717613,
44.60446045,120.5374139,59.93386503,117.1437512,0.504579166,
44.62446245,120.5322637,59.9130379,117.131054,0.504440747,
44.64446445,120.5271192,59.8922203,117.1183621,0.504302356,
44.66446645,120.5219802,59.87141221,117.1056757,0.504163993,
44.68446845,120.5168466,59.85061361,117.0929949,0.504025658,
44.70447045,120.5117185,59.82982448,117.0803196,0.503887351,
44.72447245,120.5065956,59.80904481,117.06765,0.503749072,
44.74447445,120.5014778,59.78827459,117.0549862,0.503610821,
44.76447645,120.4963653,59.76751378,117.0423283,0.503472599,
44.78447845,120.4912577,59.74676238,117.0296763,0.503334404,
44.80448045,120.4861551,59.72602037,117.0170303,0.503196238,
44.82448245,120.4810574,59.70528773,117.0043904,0.503058099,
44.84448445,120.4759645,59.68456444,116.9917567,0.502919989,
44.86448645,120.4708763,59.66385048,116.9791293,0.502781907,
44.88448845,120.4657927,59.64314585,116.9665082,0.502643853,
44.90449045,120.4607137,59.62245051,116.9538935,0.502505827,
44.92449245,120.4556391,59.60176446,116.9412853,0.502367829,
44.94449445,120.4505689,59.58108767,116.9286837,0.50222986,
44.96449645,120.445503,59.56042013,116.9160888,0.502091918,
44.98449845,120.4404413,59.53976182,116.9035006,0.501954005,
45.00450045,120.4353838,59.51911273,116.8909193,0.50181612,
45.02450245,120.4303303,59.49847283,116.8783448,0.501678263,
45.04450445,120.4252808,59.47784211,116.8657774,0.501540435,
45.06450645,120.4202352,59.45722055,116.853217,0.501402634,
45.08450845,120.4151934,59.43660813,116.8406638,0.501264862,
45.10451045,120.4101554,59.41600484,116.8281178,0.501127118,
45.12451245,120.4051209,59.39541066,116.8155792,0.500989402,
45.14451445,120.4000901,59.37482557,116.8030479,0.500851715,
45.16451645,120.3950627,59.35424955,116.7905241,0.500714055,
45.18451845,120.3900388,59.33368259,116.7780079,0.500576424,
45.20452045,120.3850181,59.31312467,116.7654993,0.500438822,
45.22452245,120.3800007,59.29257577,116.7529985,0.500301247,
45.24452445,120.3749864,59.27203587,116.7405054,0.500163701,
45.26452645,120.3699753,59.25150496,116.7280203,0.500026183,
45.28452845,120.3649671,59.23098302,116.7155431,0.499888694,
45.30453045,120.3599618,59.21047003,116.7030739,0.499751232,
45.32453245,120.3549594,59.18996598,116.6906129,0.499613799,
45.34453445,120.3499597,59.16947084,116.6781601,0.499476395,
45.36453645,120.3449626,59.1489846,116.6657156,0.499339018,
45.38453845,120.3399682,59.12850724,116.6532794,0.499201671,
45.40454045,120.3349762,59.10803875,116.6408518,0.499064351,
45.42454245,120.3299867,59.0875791,116.6284326,0.49892706,
45.44454445,120.3249995,59.06712829,116.6160221,0.498789797,
45.46454645,120.3200146,59.04668628,116.6036203,0.498652563,
45.48454845,120.3150319,59.02625307,116.5912272,0.498515357,
45.50455046,120.3100512,59.00582864,116.578843,0.498378179,
45.52455246,120.3050726,58.98541297,116.5664678,0.49824103,
45.54455446,120.3000958,58.96500604,116.5541015,0.498103909,
45.56455646,120.295121,58.94460783,116.5417444,0.497966816,
45.58455846,120.2901479,58.92421833,116.5293965,0.497829753,
45.60456046,120.2851765,58.90383752,116.5170578,0.497692717,
45.62456246,120.2802066,58.88346539,116.5047285,0.49755571,
45.64456446,120.2752383,58.86310191,116.4924086,0.497418731,
45.66456646,120.2702715,58.84274706,116.4800983,0.497281781,
45.68456846,120.265306,58.82240084,116.4677975,0.49714486,
45.70457046,120.2603418,58.80206322,116.4555064,0.497007966,
45.72457246,120.2553787,58.78173418,116.443225,0.496871102,
45.74457446,120.2504168,58.76141372,116.4309535,0.496734266,
45.76457646,120.2454559,58.7411018,116.4186919,0.496597458,
45.78457846,120.240496,58.72079842,116.4064403,0.496460679,
45.80458046,120.2355369,58.70050355,116.3941988,0.496323928,
45.82458246,120.2305786,58.68021718,116.3819675,0.496187206,
45.84458446,120.2256211,58.65993929,116.3697464,0.496050513,
45.86458646,120.2206641,58.63966986,116.3575356,0.495913848,
45.88458846,120.2157077,58.61940888,116.3453352,0.495777211,
45.90459046,120.2107517,58.59915633,116.3331453,0.495640604,
45.92459246,120.2057961,58.57891219,116.320966,0.495504024,
45.94459446,120.2008408,58.55867644,116.3087973,0.495367474,
45.96459646,120.1958858,58.53844907,116.2966393,0.495230952,
45.98459846,120.1909308,58.51823005,116.2844922,0.495094458,
46.00460046,120.1859759,58.49801938,116.272356,0.494957994,
46.02460246,120.181021,58.47781703,116.2602307,0.494821557,
46.04460446,120.1760659,58.45762299,116.2481165,0.49468515,
46.06460646,120.1711107,58.43743723,116.2360134,0.494548771,
46.08460846,120.1661551,58.41725975,116.2239216,0.494412421,
46.10461046,120.1611993,58.39709052,116.211841,0.494276099,
46.12461246,120.1562429,58.37692953,116.1997718,0.494139806,
46.14461446,120.1512861,58.35677675,116.1877141,0.494003542,
46.16461646,120.1463286,58.33663218,116.1756679,0.493867307,
46.18461846,120.1413705,58.31649579,116.1636334,0.4937311,
46.20462046,120.1364116,58.29636757,116.1516105,0.493594922,
46.22462246,120.1314518,58.2762475,116.1395995,0.493458772,
46.24462446,120.1264911,58.25613556,116.1276003,0.493322651,
46.26462646,120.1215294,58.23603173,116.1156131,0.49318656,
46.28462846,120.1165666,58.215936,116.1036379,0.493050496,
46.30463046,120.1116026,58.19584835,116.0916748,0.492914462,
46.32463246,120.1066374,58.17576877,116.0797239,0.492778456,
46.34463446,120.1016708,58.15569722,116.0677852,0.492642479,
46.36463646,120.0967028,58.13563371,116.055859,0.492506531,
46.38463846,120.0917333,58.1155782,116.0439451,0.492370612,
46.40464046,120.0867622,58.09553069,116.0320438,0.492234721,
46.42464246,120.0817894,58.07549115,116.0201551,0.492098859,
46.44464446,120.0768149,58.05545956,116.0082791,0.491963026,
46.46464646,120.0718385,58.03543592,115.9964158,0.491827222,
46.48464846,120.0668603,58.0154202,115.9845654,0.491691447,
46.50465047,120.06188,57.99541239,115.9727279,0.4915557,
46.52465247,120.0568977,57.97541246,115.9609034,0.491419983,
46.54465447,120.0519132,57.9554204,115.9490919,0.491284294,
46.56465647,120.0469264,57.9354362,115.9372937,0.491148634,
46.58465847,120.0419374,57.91545983,115.9255087,0.491013003,
46.60466047,120.0369459,57.89549127,115.913737,0.490877401,
46.62466247,120.031952,57.87553052,115.9019788,0.490741827,
46.64466447,120.0269554,57.85557755,115.890234,0.490606283,
46.66466647,120.0219563,57.83563235,115.8785029,0.490470767,
46.68466847,120.0169544,57.81569489,115.8667853,0.490335281,
46.70467047,120.0119497,57.79576517,115.8550815,0.490199823,
46.72467247,120.006942,57.77584316,115.8433916,0.490064394,
46.74467447,120.0019315,57.75592884,115.8317155,0.489928995,
46.76467647,119.9969178,57.7360222,115.8200534,0.489793624,
46.78467847,119.991901,57.71612323,115.8084054,0.489658282,
46.80468047,119.986881,57.69623189,115.7967715,0.489522969,
46.82468247,119.9818577,57.67634818,115.7851518,0.489387685,
46.84468447,119.976831,57.65647208,115.7735465,0.48925243,
46.86468647,119.9718008,57.63660358,115.7619555,0.489117204,
46.88468847,119.9667671,57.61674264,115.750379,0.488982007,
46.90469047,119.9617298,57.59688926,115.7388171,0.488846839,
46.92469247,119.9566887,57.57704342,115.7272697,0.4887117,
46.94469447,119.9516438,57.5572051,115.7157371,0.48857659,
46.96469647,119.9465951,57.53737429,115.7042193,0.48844151,
46.98469847,119.9415424,57.51755096,115.6927164,0.488306458,
47.00470047,119.9364857,57.4977351,115.6812284,0.488171435,
47.02470247,119.9314248,57.47792669,115.6697555,0.488036441,
47.04470447,119.9263598,57.45812572,115.6582977,0.487901477,
47.06470647,119.9212904,57.43833216,115.646855,0.487766541,
47.08470847,119.9162167,57.418546,115.6354277,0.487631635,
47.10471047,119.9111385,57.39876722,115.6240157,0.487496757,
47.12471247,119.9060559,57.37899581,115.6126192,0.487361909,
47.14471447,119.9009685,57.35923174,115.6012382,0.48722709,
47.16471647,119.8958765,57.339475,115.5898728,0.4870923,
47.18471847,119.8907798,57.31972558,115.578523,0.486957539,
47.20472047,119.8856781,57.29998345,115.5671891,0.486822807,
47.22472247,119.8805716,57.28024859,115.555871,0.486688105,
47.24472447,119.87546,57.260521,115.5445688,0.486553431,
47.26472647,119.8703433,57.24080065,115.5332827,0.486418787,
47.28472847,119.8652214,57.22108752,115.5220126,0.486284172,
47.30473047,119.8600942,57.2013816,115.5107587,0.486149586,
47.32473247,119.8549617,57.18168287,115.4995211,0.486015029,
47.34473447,119.8498238,57.16199131,115.4882998,0.485880502,
47.36473647,119.8446803,57.14230691,115.4770949,0.485746003,
47.38473847,119.8395313,57.12262964,115.4659066,0.485611534,
47.40474047,119.8343766,57.1029595,115.4547348,0.485477094,
47.42474247,119.8292161,57.08329645,115.4435796,0.485342684,
47.44474447,119.8240498,57.0636405,115.4324413,0.485208302,
47.46474647,119.8188776,57.04399161,115.4213197,0.48507395,
47.48474847,119.8136993,57.02434977,115.4102151,0.484939627,
47.50475048,119.808515,57.00471496,115.3991274,0.484805334,
47.52475248,119.8033245,56.98508717,115.3880568,0.484671069,
47.54475448,119.7981278,56.96546637,115.3770033,0.484536834,
47.56475648,119.7929247,56.94585256,115.3659671,0.484402629,
47.58475848,119.7877152,56.92624571,115.3549482,0.484268452,
47.60476048,119.7824993,56.9066458,115.3439467,0.484134305,
47.62476248,119.7772767,56.88705283,115.3329627,0.484000187,
47.64476448,119.7720475,56.86746676,115.3219962,0.483866099,
47.66476648,119.7668116,56.84788759,115.3110474,0.48373204,
47.68476848,119.7615688,56.82831529,115.3001163,0.48359801,
47.70477048,119.7563191,56.80874985,115.289203,0.48346401,
47.72477248,119.7510625,56.78919125,115.2783075,0.483330039,
47.74477448,119.7457988,56.76963948,115.26743,0.483196097,
47.76477648,119.7405279,56.75009451,115.2565706,0.483062185,
47.78477848,119.7352498,56.73055633,115.2457293,0.482928302,
47.80478048,119.7299644,56.71102492,115.2349062,0.482794449,
47.82478248,119.7246716,56.69150026,115.2241014,0.482660624,
47.84478448,119.7193713,56.67198235,115.213315,0.48252683,
47.86478648,119.7140635,56.65247115,115.202547,0.482393065,
47.88478848,119.708748,56.63296665,115.1917975,0.482259329,
47.90479048,119.7034248,56.61346883,115.1810667,0.482125623,
47.92479248,119.6980938,56.59397768,115.1703545,0.481991946,
47.94479448,119.6927549,56.57449318,115.1596612,0.481858298,
47.96479648,119.6874081,56.55501532,115.1489866,0.48172468,
47.98479848,119.6820532,56.53554406,115.1383311,0.481591092,
48.00480048,119.6766902,56.5160794,115.1276945,0.481457533,
48.02480248,119.6713189,56.49662133,115.117077,0.481324003,
48.04480448,119.6659394,56.47716981,115.1064788,0.481190503,
48.06480648,119.6605515,56.45772484,115.0958998,0.481057033,
48.08480848,119.6551551,56.43828639,115.0853401,0.480923592,
48.10481048,119.6497502,56.41885446,115.0747998,0.480790181,
48.12481248,119.6443367,56.39942902,115.0642791,0.480656799,
48.14481448,119.6389145,56.38001005,115.053778,0.480523447,
48.16481648,119.6334835,56.36059754,115.0432965,0.480390124,
48.18481848,119.6280436,56.34119146,115.0328348,0.480256831,
48.20482048,119.6225948,56.32179181,115.0223929,0.480123567,
48.22482248,119.6171369,56.30239857,115.0119709,0.479990333,
48.24482448,119.61167,56.28301171,115.0015689,0.479857129,
48.26482648,119.6061938,56.26363122,114.991187,0.479723954,
48.28482848,119.6007084,56.24425709,114.9808252,0.479590809,
48.30483048,119.5952136,56.22488929,114.9704837,0.479457693,
48.32483248,119.5897094,56.20552781,114.9601625,0.479324607,
48.34483448,119.5841957,56.18617262,114.9498617,0.479191551,
48.36483648,119.5786723,56.16682372,114.9395814,0.479058524,
48.38483848,119.5731393,56.14748109,114.9293216,0.478925527,
48.40484048,119.5675965,56.1281447,114.9190825,0.47879256,
48.42484248,119.5620439,56.10881455,114.9088641,0.478659622,
48.44484448,119.5564813,56.0894906,114.8986666,0.478526714,
48.46484648,119.5509087,56.07017286,114.8884899,0.478393836,
48.48484848,119.5453261,56.05086129,114.8783342,0.478260987,
48.50485049,119.5397332,56.03155588,114.8681995,0.478128168,
48.52485249,119.5341301,56.01225661,114.858086,0.477995379,
48.54485449,119.5285167,55.99296347,114.8479937,0.47786262,
48.56485649,119.5228928,55.97367644,114.8379226,0.47772989,
48.58485849,119.5172585,55.9543955,114.827873,0.47759719,
48.60486049,119.5116135,55.93512063,114.8178448,0.47746452,
48.62486249,119.5059579,55.91585182,114.8078381,0.477331879,
48.64486449,119.5002916,55.89658904,114.7978531,0.477199268,
48.66486649,119.4946144,55.87733229,114.7878898,0.477066688,
48.68486849,119.4889263,55.85808154,114.7779482,0.476934136,
48.70487049,119.4832272,55.83883678,114.7680285,0.476801615,
48.72487249,119.4775171,55.81959799,114.7581308,0.476669124,
48.74487449,119.4717957,55.80036514,114.7482551,0.476536662,
48.76487649,119.4660632,55.78113823,114.7384015,0.47640423,
48.78487849,119.4603193,55.76191724,114.7285701,0.476271828,
48.80488049,119.4545641,55.74270215,114.7187609,0.476139456,
48.82488249,119.4487973,55.72349294,114.7089741,0.476007113,
48.84488449,119.443019,55.70428959,114.6992097,0.475874801,
48.86488649,119.437229,55.68509209,114.6894679,0.475742518,
48.88488849,119.4314273,55.66590041,114.6797486,0.475610265,
48.90489049,119.4256138,55.64671455,114.6700521,0.475478042,
48.92489249,119.4197884,55.62753449,114.6603782,0.475345849,
48.94489449,119.4139511,55.6083602,114.6507272,0.475213686,
48.96489649,119.4081017,55.58919167,114.6410992,0.475081553,
48.98489849,119.4022401,55.57002888,114.6314941,0.474949449,
49.00490049,119.3963663,55.55087181,114.6219121,0.474817376,
49.02490249,119.3904803,55.53172046,114.6123533,0.474685333,
49.04490449,119.3845818,55.51257479,114.6028177,0.474553319,
49.06490649,119.3786709,55.4934348,114.5933055,0.474421336,
49.08490849,119.3727474,55.47430046,114.5838167,0.474289382,
49.10491049,119.3668113,55.45517175,114.5743513,0.474157458,
49.12491249,119.3608625,55.43604867,114.5649095,0.474025565,
49.14491449,119.3549009,55.41693119,114.5554914,0.473893701,
49.16491649,119.3489264,55.39781929,114.546097,0.473761867,
49.18491849,119.342939,55.37871296,114.5367264,0.473630064,
49.20492049,119.3369385,55.35961219,114.5273797,0.47349829,
49.22492249,119.330925,55.34051694,114.518057,0.473366546,
49.24492449,119.3248982,55.32142721,114.5087584,0.473234833,
49.26492649,119.3188581,55.30234298,114.4994839,0.473103149,
49.28492849,119.3128047,55.28326423,114.4902336,0.472971496,
49.30493049,119.3067378,55.26419094,114.4810076,0.472839872,
49.32493249,119.3006574,55.24512309,114.471806,0.472708279,
49.34493449,119.2945634,55.22606068,114.4626288,0.472576715,
49.36493649,119.2884557,55.20700367,114.4534762,0.472445182,
49.38493849,119.2823343,55.18795206,114.4443483,0.472313679,
49.40494049,119.2761989,55.16890582,114.435245,0.472182206,
49.42494249,119.2700497,55.14986494,114.4261665,0.472050763,
49.44494449,119.2638864,55.1308294,114.4171129,0.47191935,
49.46494649,119.257709,55.11179919,114.4080843,0.471787967,
49.48494849,119.2515174,55.09277428,114.3990806,0.471656615,
49.5049505,119.2453116,55.07375466,114.3901021,0.471525292,
49.5249525,119.2390915,55.05474031,114.3811488,0.471394,
49.5449545,119.2328569,55.03573121,114.3722208,0.471262738,
49.5649565,119.2266078,55.01672735,114.3633181,0.471131506,
49.5849585,119.2203441,54.99772871,114.3544409,0.471000304,
49.6049605,119.2140657,54.97873527,114.3455891,0.470869133,
49.6249625,119.2077726,54.95974701,114.336763,0.470737991,
49.6449645,119.2014646,54.94076392,114.3279626,0.47060688,
49.6649665,119.1951417,54.92178598,114.3191879,0.470475799,
49.6849685,119.1888039,54.90281317,114.3104391,0.470344748,
49.7049705,119.1824509,54.88384548,114.3017162,0.470213728,
49.7249725,119.1760828,54.86488288,114.2930193,0.470082737,
49.7449745,119.1696994,54.84592535,114.2843485,0.469951777,
49.7649765,119.1633007,54.8269729,114.2757039,0.469820847,
49.7849785,119.1568866,54.80802548,114.2670855,0.469689948,
49.8049805,119.1504571,54.78908309,114.2584935,0.469559079,
49.8249825,119.1440119,54.77014571,114.2499278,0.46942824,
49.8449845,119.1375511,54.75121333,114.2413887,0.469297431,
49.8649865,119.1310745,54.73228592,114.2328761,0.469166653,
49.8849885,119.1245822,54.71336346,114.2243902,0.469035905,
49.9049905,119.1180739,54.69444594,114.2159311,0.468905187,
49.9249925,119.1115497,54.67553335,114.2074987,0.468774499,
49.9449945,119.1050093,54.65662566,114.1990933,0.468643842,
49.9649965,119.0984529,54.63772286,114.1907149,0.468513216,
49.9849985,119.0918802,54.61882493,114.1823635,0.468382619,
50.0050005,119.0852912,54.5999318,114.1740386,0.468252052,
50.0250025,119.0786851,54.58104237,114.1657273,0.4681215,
50.0450045,119.0720618,54.56215623,114.1574241,0.467990957,
50.0650065,119.0654214,54.54327338,114.1491291,0.467860422,
50.0850085,119.0587638,54.52439385,114.1408422,0.467729897,
50.1050105,119.0520892,54.50551766,114.1325635,0.46759938,
50.1250125,119.0453978,54.48664482,114.1242929,0.467468872,
50.1450145,119.0386895,54.46777535,114.1160304,0.467338374,
50.1650165,119.0319644,54.44890928,114.107776,0.467207884,
50.1850185,119.0252227,54.43004661,114.0995298,0.467077405,
50.2050205,119.0184644,54.41118738,114.0912917,0.466946934,
50.2250225,119.0116896,54.3923316,114.0830617,0.466816474,
50.2450245,119.0048984,54.37347928,114.0748399,0.466686022,
50.2650265,118.9980909,54.35463046,114.0666261,0.466555581,
50.2850285,118.9912671,54.33578514,114.0584205,0.46642515,
50.3050305,118.9844272,54.31694335,114.0502229,0.466294729,
50.3250325,118.9775712,54.2981051,114.0420335,0.466164318,
50.3450345,118.9706991,54.27927041,114.0338521,0.466033917,
50.3650365,118.9638112,54.26043931,114.0256789,0.465903526,
50.3850385,118.9569074,54.24161181,114.0175137,0.465773146,
50.4050405,118.9499879,54.22278793,114.0093566,0.465642776,
50.4250425,118.9430527,54.20396769,114.0012076,0.465512417,
50.4450445,118.936102,54.18515111,113.9930666,0.465382069,
50.4650465,118.9291357,54.16633821,113.9849338,0.465251732,
50.4850485,118.922154,54.147529,113.976809,0.465121405,
50.50505051,118.915157,54.12872352,113.9686922,0.46499109,
50.52505251,118.9081448,54.10992176,113.9605835,0.464860786,
50.54505451,118.9011174,54.09112377,113.9524829,0.464730493,
50.56505651,118.8940749,54.07232954,113.9443903,0.464600212,
50.58505851,118.8870174,54.05353911,113.9363058,0.464469942,
50.60506051,118.879945,54.03475249,113.9282293,0.464339683,
50.62506251,118.8728578,54.0159697,113.9201608,0.464209437,
50.64506451,118.8657558,53.99719075,113.9121004,0.464079202,
50.66506651,118.8586391,53.97841568,113.904048,0.463948979,
50.68506851,118.8515079,53.9596445,113.8960037,0.463818768,
50.70507051,118.8443622,53.94087722,113.8879674,0.463688569,
50.72507251,118.8372021,53.92211387,113.879939,0.463558383,
50.74507451,118.8300276,53.90335446,113.8719187,0.463428209,
50.76507651,118.8228389,53.88459902,113.8639065,0.463298047,
50.78507851,118.815636,53.86584756,113.8559022,0.463167897,
50.80508051,118.8084191,53.8471001,113.8479059,0.463037761,
50.82508251,118.8011881,53.82835666,113.8399176,0.462907637,
50.84508451,118.7939432,53.80961726,113.8319373,0.462777526,
50.86508651,118.7866845,53.79088192,113.823965,0.462647428,
50.88508851,118.7794121,53.77215066,113.8160007,0.462517343,
50.90509051,118.772126,53.7534235,113.8080444,0.462387271,
50.92509251,118.7648263,53.73470045,113.8000961,0.462257213,
50.94509451,118.7575131,53.71598154,113.7921557,0.462127168,
50.96509651,118.7501865,53.69726679,113.7842233,0.461997136,
50.98509851,118.7428466,53.6785562,113.7762989,0.461867118,
51.00510051,118.7354935,53.65984981,113.7683825,0.461737114,
51.02510251,118.7281271,53.64114763,113.760474,0.461607123,
51.04510451,118.7207477,53.62244968,113.7525734,0.461477146,
51.06510651,118.7133553,53.60375598,113.7446808,0.461347184,
51.08510851,118.70595,53.58506655,113.7367962,0.461217235,
51.10511051,118.6985318,53.56638141,113.7289195,0.461087301,
51.12511251,118.6911009,53.54770057,113.7210507,0.460957381,
51.14511451,118.6836574,53.52902406,113.7131899,0.460827476,
51.16511651,118.6762012,53.51035189,113.705337,0.460697585,
51.18511851,118.6687326,53.49168409,113.6974921,0.460567708,
51.20512051,118.6612516,53.47302067,113.6896551,0.460437847,
51.22512251,118.6537582,53.45436165,113.6818259,0.460308,
51.24512451,118.6462526,53.43570706,113.6740047,0.460178168,
51.26512651,118.6387348,53.4170569,113.6661915,0.460048352,
51.28512851,118.6312049,53.3984112,113.6583861,0.45991855,
51.30513051,118.6236631,53.37976998,113.6505886,0.459788764,
51.32513251,118.6161093,53.36113326,113.6427991,0.459658993,
51.34513451,118.6085437,53.34250105,113.6350174,0.459529238,
51.36513651,118.6009664,53.32387338,113.6272436,0.459399498,
51.38513851,118.5933774,53.30525027,113.6194777,0.459269774,
51.40514051,118.5857768,53.28663172,113.6117197,0.459140065,
51.42514251,118.5781647,53.26801777,113.6039696,0.459010373,
51.44514451,118.5705412,53.24940843,113.5962274,0.458880697,
51.46514651,118.5629064,53.23080373,113.588493,0.458751036,
51.48514851,118.5552603,53.21220367,113.5807665,0.458621392,
51.50515052,118.5476031,53.19360828,113.5730479,0.458491765,
51.52515252,118.5399348,53.17501757,113.5653371,0.458362153,
51.54515452,118.5322555,53.15643158,113.5576342,0.458232559,
51.56515652,118.5245653,53.13785031,113.5499392,0.45810298,
51.58515852,118.5168642,53.11927378,113.5422519,0.457973419,
51.60516052,118.5091524,53.10070202,113.5345726,0.457843875,
51.62516252,118.50143,53.08213504,113.5269011,0.457714347,
51.64516452,118.493697,53.06357286,113.5192374,0.457584836,
51.66516652,118.4859534,53.0450155,113.5115815,0.457455343,
51.68516852,118.4781995,53.02646299,113.5039335,0.457325867,
51.70517052,118.4704352,53.00791533,113.4962933,0.457196408,
51.72517252,118.4626607,52.98937255,113.488661,0.457066967,
51.74517452,118.4548761,52.97083467,113.4810364,0.456937544,
51.76517652,118.4470813,52.9523017,113.4734197,0.456808138,
51.78517852,118.4392766,52.93377367,113.4658108,0.456678749,
51.80518052,118.4314619,52.9152506,113.4582097,0.456549379,
51.82518252,118.4236374,52.89673249,113.4506163,0.456420027,
51.84518452,118.4158032,52.87821938,113.4430308,0.456290693,
51.86518652,118.4079593,52.85971128,113.4354531,0.456161377,
51.88518852,118.4001059,52.84120821,113.4278832,0.456032079,
51.90519052,118.3922429,52.82271019,113.420321,0.4559028,
51.92519252,118.3843705,52.80421724,113.4127667,0.45577354,
51.94519452,118.3764888,52.78572938,113.4052201,0.455644298,
51.96519652,118.3685979,52.76724662,113.3976813,0.455515074,
51.98519852,118.3606978,52.74876899,113.3901503,0.45538587,
52.00520052,118.3527886,52.73029651,113.382627,0.455256684,
52.02520252,118.3448704,52.71182918,113.3751115,0.455127518,
52.04520452,118.3369433,52.69336704,113.3676038,0.454998371,
52.06520652,118.3290074,52.67491011,113.3601038,0.454869243,
52.08520852,118.3210628,52.65645839,113.3526116,0.454740134,
52.10521052,118.3131094,52.63801191,113.3451271,0.454611045,
52.12521252,118.3051475,52.61957069,113.3376503,0.454481976,
52.14521452,118.2971771,52.60113475,113.3301813,0.454352926,
52.16521652,118.2891983,52.58270411,113.3227201,0.454223896,
52.18521852,118.2812112,52.56427879,113.3152665,0.454094886,
52.20522052,118.2732158,52.54585879,113.3078207,0.453965895,
52.22522252,118.2652123,52.52744416,113.3003826,0.453836925,
52.24522452,118.2572007,52.50903489,113.2929523,0.453707976,
52.26522652,118.2491811,52.49063102,113.2855296,0.453579046,
52.28522852,118.2411536,52.47223256,113.2781147,0.453450137,
52.30523052,118.2331182,52.45383953,113.2707075,0.453321248,
52.32523252,118.2250751,52.43545195,113.263308,0.453192381,
52.34523452,118.2170244,52.41706984,113.2559161,0.453063533,
52.36523652,118.2089661,52.39869322,113.248532,0.452934707,
52.38523852,118.2009002,52.3803221,113.2411556,0.452805902,
52.40524052,118.192827,52.36195651,113.2337869,0.452677117,
52.42524252,118.1847465,52.34359646,113.2264258,0.452548354,
52.44524452,118.1766587,52.32524198,113.2190724,0.452419612,
52.46524652,118.1685637,52.30689307,113.2117267,0.452290892,
52.48524852,118.1604617,52.28854978,113.2043887,0.452162192,
52.50525053,118.1523526,52.2702121,113.1970583,0.452033515,
52.52525253,118.1442367,52.25188006,113.1897357,0.451904859,
52.54525453,118.1361139,52.23355368,113.1824206,0.451776225,
52.56525653,118.1279844,52.21523298,113.1751133,0.451647613,
52.58525853,118.1198483,52.19691798,113.1678135,0.451519023,
52.60526053,118.1117055,52.17860869,113.1605215,0.451390455,
52.62526253,118.1035563,52.16030514,113.153237,0.451261909,
52.64526453,118.0954006,52.14200734,113.1459603,0.451133385,
52.66526653,118.0872386,52.12371531,113.1386911,0.451004884,
52.68526853,118.0790704,52.10542908,113.1314296,0.450876406,
52.70527053,118.070896,52.08714866,113.1241757,0.45074795,
52.72527253,118.0627156,52.06887407,113.1169295,0.450619517,
52.74527453,118.0545291,52.05060532,113.1096908,0.450491106,
52.76527653,118.0463368,52.03234245,113.1024598,0.450362719,
52.78527853,118.0381386,52.01408547,113.0952364,0.450234354,
52.80528053,118.0299347,51.99583439,113.0880206,0.450106013,
52.82528253,118.0217251,51.97758923,113.0808125,0.449977695,
52.84528453,118.0135099,51.95935002,113.0736119,0.449849401,
52.86528653,118.0052893,51.94111678,113.0664189,0.449721129,
52.88528853,117.9970632,51.92288952,113.0592335,0.449592882,
52.90529053,117.9888318,51.90466826,113.0520557,0.449464658,
52.92529253,117.9805952,51.88645302,113.0448855,0.449336458,
52.94529453,117.9723534,51.86824382,113.0377229,0.449208282,
52.96529653,117.9641065,51.85004068,113.0305678,0.44908013,
52.98529853,117.9558547,51.83184361,113.0234203,0.448952001,
53.00530053,117.9475979,51.81365265,113.0162804,0.448823898,
53.02530253,117.9393363,51.7954678,113.0091481,0.448695818,
53.04530453,117.9310699,51.77728908,113.0020233,0.448567763,
53.06530653,117.9227989,51.75911652,112.9949061,0.448439732,
53.08530853,117.9145234,51.74095013,112.9877964,0.448311726,
53.10531053,117.9062433,51.72278994,112.9806943,0.448183745,
53.12531253,117.8979588,51.70463596,112.9735997,0.448055788,
53.14531453,117.88967,51.6864882,112.9665127,0.447927857,
53.16531653,117.881377,51.6683467,112.9594332,0.44779995,
53.18531853,117.8730798,51.65021146,112.9523613,0.447672069,
53.20532053,117.8647785,51.63208252,112.9452969,0.447544213,
53.22532253,117.8564732,51.61395987,112.93824,0.447416382,
53.24532453,117.8481641,51.59584356,112.9311906,0.447288577,
53.26532653,117.8398511,51.57773359,112.9241488,0.447160797,
53.28532853,117.8315343,51.55962998,112.9171145,0.447033043,
53.30533053,117.8232139,51.54153275,112.9100876,0.446905315,
53.32533253,117.8148899,51.52344193,112.9030683,0.446777613,
53.34533453,117.8065625,51.50535753,112.8960565,0.446649936,
53.36533653,117.7982316,51.48727957,112.8890522,0.446522286,
53.38533853,117.7898974,51.46920806,112.8820554,0.446394662,
53.40534053,117.7815599,51.45114304,112.8750661,0.446267064,
53.42534253,117.7732193,51.43308451,112.8680843,0.446139493,
53.44534453,117.7648756,51.4150325,112.8611099,0.446011948,
53.46534653,117.756529,51.39698702,112.854143,0.44588443,
53.48534853,117.7481794,51.3789481,112.8471837,0.445756938,
53.50535054,117.739827,51.36091575,112.8402317,0.445629474,
53.52535254,117.7314718,51.34288999,112.8332873,0.445502036,
53.54535454,117.723114,51.32487084,112.8263503,0.445374625,
53.56535654,117.7147536,51.30685833,112.8194208,0.445247242,
53.58535854,117.7063908,51.28885246,112.8124987,0.445119886,
53.60536054,117.6980255,51.27085326,112.8055841,0.444992557,
53.62536254,117.6896579,51.25286075,112.7986769,0.444865255,
53.64536454,117.681288,51.23487495,112.7917772,0.444737981,
53.66536654,117.672916,51.21689587,112.7848849,0.444610735,
53.68536854,117.664542,51.19892353,112.7780001,0.444483517,
53.70537054,117.6561659,51.18095796,112.7711227,0.444356326,
53.72537254,117.6477879,51.16299918,112.7642527,0.444229164,
53.74537454,117.6394081,51.14504719,112.7573901,0.444102029,
53.76537654,117.6310266,51.12710203,112.750535,0.443974923,
53.78537854,117.6226434,51.1091637,112.7436873,0.443847845,
53.80538054,117.6142586,51.09123223,112.736847,0.443720795,
53.82538254,117.6058723,51.07330764,112.7300141,0.443593774,
53.84538454,117.5974846,51.05538995,112.7231886,0.443466782,
53.86538654,117.5890956,51.03747918,112.7163705,0.443339818,
53.88538854,117.5807054,51.01957534,112.7095598,0.443212883,
53.90539054,117.572314,51.00167845,112.7027565,0.443085977,
53.92539254,117.5639215,50.98378854,112.6959606,0.442959101,
53.94539454,117.5555281,50.96590562,112.6891721,0.442832253,
53.96539654,117.5471337,50.94802971,112.682391,0.442705434,
53.98539854,117.5387385,50.93016083,112.6756172,0.442578645,
54.00540054,117.5303426,50.912299,112.6688508,0.442451885,
54.02540254,117.521946,50.89444424,112.6620918,0.442325155,
54.04540454,117.5135488,50.87659656,112.6553402,0.442198455,
54.06540654,117.5051512,50.85875599,112.6485959,0.442071784,
54.08540854,117.4967531,50.84092255,112.6418589,0.441945143,
54.10541054,117.4883547,50.82309625,112.6351294,0.441818532,
54.12541254,117.4799561,50.80527712,112.6284071,0.441691952,
54.14541454,117.4715573,50.78746517,112.6216923,0.441565401,
54.16541654,117.4631584,50.76966042,112.6149847,0.441438881,
54.18541854,117.4547596,50.75186289,112.6082845,0.441312391,
54.20542054,117.4463608,50.7340726,112.6015917,0.441185932,
54.22542254,117.4379623,50.71628957,112.5949061,0.441059503,
54.24542454,117.4295639,50.69851382,112.5882279,0.440933105,
54.26542654,117.421166,50.68074536,112.581557,0.440806738,
54.28542854,117.4127684,50.66298422,112.5748935,0.440680401,
54.30543054,117.4043714,50.64523042,112.5682372,0.440554096,
54.32543254,117.3959749,50.62748397,112.5615883,0.440427822,
54.34543454,117.3875792,50.60974489,112.5549467,0.440301579,
54.36543654,117.3791842,50.5920132,112.5483123,0.440175368,
54.38543854,117.37079,50.57428893,112.5416853,0.440049188,
54.40544054,117.3623967,50.55657209,112.5350656,0.439923039,
54.42544254,117.3540045,50.53886269,112.5284531,0.439796922,
54.44544454,117.3456134,50.52116077,112.521848,0.439670837,
54.46544654,117.3372234,50.50346633,112.5152501,0.439544784,
54.48544854,117.3288347,50.4857794,112.5086595,0.439418763,
54.50545055,117.3204474,50.46809999,112.5020762,0.439292774,
54.52545255,117.3120614,50.45042813,112.4955002,0.439166817,
54.54545455,117.303677,50.43276383,112.4889314,0.439040892,
54.56545655,117.2952942,50.41510711,112.4823699,0.438915,
54.58545855,117.286913,50.397458,112.4758156,0.43878914,
54.60546055,117.2785336,50.37981651,112.4692686,0.438663313,
54.62546255,117.2701561,50.36218265,112.4627289,0.438537519,
54.64546455,117.2617805,50.34455646,112.4561964,0.438411757,
54.66546655,117.2534069,50.32693794,112.4496711,0.438286028,
54.68546855,117.2450354,50.30932712,112.4431531,0.438160333,
54.70547055,117.236666,50.29172402,112.4366423,0.43803467,
54.72547255,117.228299,50.27412865,112.4301388,0.437909041,
54.74547455,117.2199342,50.25654103,112.4236425,0.437783445,
54.76547655,117.2115719,50.23896119,112.4171534,0.437657883,
54.78547855,117.2032121,50.22138914,112.4106715,0.437532354,
54.80548055,117.1948549,50.2038249,112.4041969,0.437406859,
54.82548255,117.1865004,50.18626849,112.3977294,0.437281397,
54.84548455,117.1781487,50.16871993,112.3912692,0.437155969,
54.86548655,117.1697997,50.15117924,112.3848162,0.437030576,
54.88548855,117.1614537,50.13364644,112.3783703,0.436905216,
54.90549055,117.1531108,50.11612154,112.3719317,0.436779891,
54.92549255,117.1447709,50.09860457,112.3655003,0.4366546,
54.94549455,117.1364342,50.08109555,112.359076,0.436529343,
54.96549655,117.1281007,50.06359448,112.352659,0.436404121,
54.98549855,117.1197706,50.0461014,112.3462491,0.436278933,
55.00550055,117.111444,50.02861632,112.3398464,0.436153781,
55.02550255,117.1031208,50.01113926,112.3334509,0.436028662,
55.04550455,117.0948012,49.99367024,112.3270625,0.435903579,
55.06550655,117.0864853,49.97620928,112.3206813,0.435778531,
55.08550855,117.0781732,49.9587564,112.3143073,0.435653518,
55.10551055,117.0698649,49.94131162,112.3079404,0.435528541,
55.12551255,117.0615606,49.92387495,112.3015807,0.435403598,
55.14551455,117.0532602,49.90644641,112.2952281,0.435278691,
55.16551655,117.044964,49.88902603,112.2888827,0.43515382,
55.18551855,117.0366719,49.87161383,112.2825444,0.435028984,
55.20552055,117.0283841,49.85420981,112.2762132,0.434904184,
55.22552255,117.0201007,49.83681401,112.2698892,0.43477942,
55.24552455,117.0118216,49.81942643,112.2635723,0.434654692,
55.26552655,117.0035471,49.80204711,112.2572626,0.43453,
55.28552855,116.9952772,49.78467605,112.2509599,0.434405344,
55.30553055,116.9870119,49.76731328,112.2446644,0.434280724,
55.32553255,116.9787514,49.74995882,112.238376,0.434156141,
55.34553455,116.9704958,49.73261268,112.2320947,0.434031594,
55.36553655,116.9622451,49.71527489,112.2258205,0.433907084,
55.38553855,116.9539994,49.69794546,112.2195535,0.433782611,
55.40554055,116.9457588,49.68062442,112.2132935,0.433658174,
55.42554255,116.9375233,49.66331177,112.2070406,0.433533775,
55.44554455,116.9292932,49.64600755,112.2007948,0.433409412,
55.46554655,116.9210683,49.62871176,112.1945561,0.433285087,
55.48554855,116.9128489,49.61142444,112.1883244,0.433160798,
55.50555056,116.9046351,49.59414559,112.1820999,0.433036547,
55.52555256,116.8964268,49.57687524,112.1758824,0.432912334,
55.54555456,116.8882242,49.5596134,112.169672,0.432788158,
55.56555656,116.8800273,49.5423601,112.1634687,0.43266402,
55.58555856,116.8718363,49.52511536,112.1572724,0.432539919,
55.60556056,116.8636512,49.50787918,112.1510832,0.432415856,
55.62556256,116.8554722,49.4906516,112.144901,0.432291832,
55.64556456,116.8472992,49.47343263,112.1387259,0.432167845,
55.66556656,116.8391324,49.45622229,112.1325578,0.432043897,
55.68556856,116.8309719,49.4390206,112.1263968,0.431919986,
55.70557056,116.8228177,49.42182758,112.1202428,0.431796115,
55.72557256,116.81467,49.40464324,112.1140959,0.431672281,
55.74557456,116.8065288,49.38746761,112.107956,0.431548487,
55.76557656,116.7983941,49.37030071,112.1018231,0.431424731,
55.78557856,116.7902662,49.35314255,112.0956972,0.431301013,
55.80558056,116.782145,49.33599316,112.0895784,0.431177335,
55.82558256,116.7740306,49.31885254,112.0834666,0.431053696,
55.84558456,116.7659232,49.30172073,112.0773618,0.430930096,
55.86558656,116.7578228,49.28459774,112.071264,0.430806535,
55.88558856,116.7497295,49.26748359,112.0651732,0.430683013,
55.90559056,116.7416433,49.2503783,112.0590894,0.430559531,
55.92559256,116.7335645,49.23328188,112.0530126,0.430436088,
55.94559456,116.725493,49.21619437,112.0469427,0.430312686,
55.96559656,116.7174289,49.19911577,112.0408799,0.430189322,
55.98559856,116.7093723,49.1820461,112.0348241,0.430065999,
56.00560056,116.7013233,49.16498539,112.0287752,0.429942716,
56.02560256,116.693282,49.14793365,112.0227333,0.429819472,
56.04560456,116.6852484,49.1308909,112.0166984,0.429696269,
56.06560656,116.6772227,49.11385716,112.0106705,0.429573106,
56.08560856,116.669205,49.09683245,112.0046495,0.429449984,
56.10561056,116.6611952,49.0798168,111.9986355,0.429326902,
56.12561256,116.6531936,49.06281021,111.9926284,0.429203861,
56.14561456,116.6452001,49.04581271,111.9866283,0.42908086,
56.16561656,116.6372149,49.02882431,111.9806352,0.4289579,
56.18561856,116.629238,49.01184504,111.974649,0.428834981,
56.20562056,116.6212696,48.99487491,111.9686697,0.428712103,
56.22562256,116.6133097,48.97791395,111.9626974,0.428589266,
56.24562456,116.6053583,48.96096217,111.956732,0.428466471,
56.26562656,116.5974157,48.94401959,111.9507735,0.428343716,
56.28562856,116.5894818,48.92708624,111.944822,0.428221004,
56.30563056,116.5815568,48.91016212,111.9388773,0.428098332,
56.32563256,116.5736407,48.89324726,111.9329396,0.427975703,
56.34563456,116.5657336,48.87634168,111.9270088,0.427853115,
56.36563656,116.5578356,48.85944539,111.921085,0.427730569,
56.38563856,116.5499468,48.84255842,111.915168,0.427608065,
56.40564056,116.5420672,48.82568079,111.9092579,0.427485603,
56.42564256,116.534197,48.80881251,111.9033547,0.427363183,
56.44564456,116.5263362,48.7919536,111.8974584,0.427240805,
56.46564656,116.518485,48.77510409,111.8915691,0.42711847,
56.48564856,116.5106433,48.75826398,111.8856866,0.426996177,
56.50565057,116.5028113,48.74143331,111.8798109,0.426873927,
56.52565257,116.4949891,48.72461208,111.8739422,0.42675172,
56.54565457,116.4871767,48.70780033,111.8680803,0.426629555,
56.56565657,116.4793743,48.69099806,111.8622253,0.426507433,
56.58565857,116.4715819,48.67420529,111.8563772,0.426385355,
56.60566057,116.4637995,48.65742206,111.8505359,0.426263319,
56.62566257,116.4560274,48.64064836,111.8447015,0.426141327,
56.64566457,116.4482655,48.62388423,111.8388739,0.426019378,
56.66566657,116.440514,48.60712969,111.8330532,0.425897472,
56.68566857,116.4327729,48.59038474,111.8272394,0.42577561,
56.70567057,116.4250423,48.57364941,111.8214323,0.425653792,
56.72567257,116.4173223,48.55692373,111.8156322,0.425532017,
56.74567457,116.409613,48.5402077,111.8098388,0.425410286,
56.76567657,116.4019144,48.52350135,111.8040523,0.425288599,
56.78567857,116.3942267,48.5068047,111.7982726,0.425166956,
56.80568057,116.38655,48.49011776,111.7924997,0.425045358,
56.82568257,116.3788842,48.47344056,111.7867337,0.424923803,
56.84568457,116.3712296,48.45677311,111.7809745,0.424802293,
56.86568657,116.3635861,48.44011544,111.775222,0.424680828,
56.88568857,116.3559539,48.42346755,111.7694764,0.424559407,
56.90569057,116.348333,48.40682948,111.7637376,0.424438031,
56.92569257,116.3407236,48.39020124,111.7580056,0.424316699,
56.94569457,116.3331257,48.37358285,111.7522804,0.424195413,
56.96569657,116.3255393,48.35697432,111.746562,0.424074171,
56.98569857,116.3179647,48.34037568,111.7408504,0.423952975,
57.00570057,116.3104018,48.32378695,111.7351455,0.423831823,
57.02570257,116.3028508,48.30720815,111.7294474,0.423710717,
57.04570457,116.2953117,48.29063929,111.7237561,0.423589657,
57.06570657,116.2877846,48.27408039,111.7180716,0.423468642,
57.08570857,116.2802697,48.25753147,111.7123939,0.423347673,
57.10571057,116.2727669,48.24099256,111.7067229,0.423226749,
57.12571257,116.2652763,48.22446366,111.7010586,0.423105872,
57.14571457,116.2577981,48.20794481,111.6954012,0.42298504,
57.16571657,116.2503324,48.19143601,111.6897504,0.422864254,
57.18571857,116.2428791,48.1749373,111.6841065,0.422743515,
57.20572057,116.2354385,48.15844867,111.6784692,0.422622821,
57.22572257,116.2280106,48.14197017,111.6728388,0.422502174,
57.24572457,116.2205954,48.1255018,111.667215,0.422381574,
57.26572657,116.213193,48.10904358,111.661598,0.42226102,
57.28572857,116.2058036,48.09259554,111.6559877,0.422140513,
57.30573057,116.1984272,48.07615769,111.6503841,0.422020053,
57.32573257,116.1910639,48.05973005,111.6447873,0.421899639,
57.34573457,116.1837138,48.04331263,111.6391972,0.421779273,
57.36573657,116.176377,48.02690547,111.6336137,0.421658953,
57.38573857,116.1690535,48.01050858,111.628037,0.421538681,
57.40574057,116.1617434,47.99412197,111.622467,0.421418456,
57.42574257,116.1544468,47.97774567,111.6169037,0.421298279,
57.44574457,116.1471639,47.9613797,111.6113471,0.421178149,
57.46574657,116.1398946,47.94502407,111.6057972,0.421058067,
57.48574857,116.1326391,47.9286788,111.600254,0.420938033,
57.50575058,116.1253974,47.91234391,111.5947175,0.420818046,
57.52575258,116.1181697,47.89601943,111.5891876,0.420698107,
57.54575458,116.110956,47.87970537,111.5836644,0.420578217,
57.56575658,116.1037564,47.86340175,111.5781479,0.420458374,
57.58575858,116.096571,47.84710858,111.5726381,0.42033858,
57.60576058,116.0893998,47.83082589,111.5671349,0.420218834,
57.62576258,116.082243,47.8145537,111.5616384,0.420099137,
57.64576458,116.0751006,47.79829203,111.5561486,0.419979488,
57.66576658,116.0679728,47.78204089,111.5506654,0.419859888,
57.68576858,116.0608595,47.7658003,111.5451889,0.419740336,
57.70577058,116.0537609,47.74957029,111.539719,0.419620834,
57.72577258,116.0466771,47.73335087,111.5342557,0.419501381,
57.74577458,116.0396081,47.71714206,111.5287991,0.419381976,
57.76577658,116.0325541,47.70094388,111.5233491,0.419262621,
57.78577858,116.0255151,47.68475635,111.5179058,0.419143315,
57.80578058,116.0184912,47.66857948,111.512469,0.419024059,
57.82578258,116.0114824,47.65241331,111.5070389,0.418904852,
57.84578458,116.004489,47.63625784,111.5016154,0.418785695,
57.86578658,115.9975109,47.62011309,111.4961986,0.418666587,
57.88578858,115.9905482,47.60397909,111.4907883,0.41854753,
57.90579058,115.983601,47.58785586,111.4853847,0.418428522,
57.92579258,115.9766694,47.5717434,111.4799876,0.418309564,
57.94579458,115.9697536,47.55564175,111.4745972,0.418190657,
57.96579658,115.9628534,47.53955092,111.4692133,0.4180718,
57.98579858,115.9559692,47.52347092,111.463836,0.417952993,
58.00580058,115.9491008,47.50740179,111.4584654,0.417834236,
58.02580258,115.9422485,47.49134353,111.4531013,0.41771553,
58.04580458,115.9354123,47.47529617,111.4477437,0.417596875,
58.06580658,115.9285923,47.45925973,111.4423928,0.417478271,
58.08580858,115.9217885,47.44323422,111.4370484,0.417359717,
58.10581058,115.9150011,47.42721966,111.4317106,0.417241215,
58.12581258,115.9082301,47.41121608,111.4263794,0.417122764,
58.14581458,115.9014756,47.39522349,111.4210547,0.417004363,
58.16581658,115.8947378,47.37924191,111.4157366,0.416886014,
58.18581858,115.8880166,47.36327136,111.410425,0.416767717,
58.20582058,115.8813122,47.34731186,111.40512,0.416649471,
58.22582258,115.8746246,47.33136342,111.3998215,0.416531277,
58.24582458,115.867954,47.31542608,111.3945296,0.416413134,
58.26582658,115.8613004,47.29949984,111.3892442,0.416295043,
58.28582858,115.8546638,47.28358472,111.3839653,0.416177005,
58.30583058,115.8480445,47.26768075,111.378693,0.416059018,
58.32583258,115.8414424,47.25178794,111.3734271,0.415941083,
58.34583458,115.8348577,47.23590632,111.3681678,0.415823201,
58.36583658,115.8282905,47.2200359,111.362915,0.415705371,
58.38583858,115.8217407,47.20417669,111.3576688,0.415587593,
58.40584058,115.8152085,47.18832873,111.352429,0.415469869,
58.42584258,115.8086941,47.17249202,111.3471957,0.415352196,
58.44584458,115.8021973,47.1566666,111.341969,0.415234577,
58.46584658,115.7957185,47.14085247,111.3367487,0.41511701,
58.48584858,115.7892576,47.12504965,111.331535,0.414999497,
58.50585059,115.7828147,47.10925817,111.3263277,0.414882036,
58.52585259,115.7763899,47.09347805,111.3211269,0.414764629,
58.54585459,115.7699832,47.07770929,111.3159326,0.414647275,
58.56585659,115.7635949,47.06195193,111.3107447,0.414529974,
58.58585859,115.7572249,47.04620598,111.3055634,0.414412727,
58.60586059,115.7508733,47.03047146,111.3003885,0.414295534,
58.62586259,115.7445403,47.01474839,111.29522,0.414178394,
58.64586459,115.7382258,46.99903678,111.2900581,0.414061308,
58.66586659,115.7319301,46.98333666,111.2849025,0.413944276,
58.68586859,115.7256531,46.96764805,111.2797535,0.413827298,
58.70587059,115.7193949,46.95197097,111.2746109,0.413710374,
58.72587259,115.7131557,46.93630543,111.2694747,0.413593505,
58.74587459,115.7069355,46.92065145,111.264345,0.41347669,
58.76587659,115.7007344,46.90500905,111.2592217,0.413359929,
58.78587859,115.6945525,46.88937826,111.2541048,0.413243223,
58.80588059,115.6883899,46.87375908,111.2489944,0.413126571,
58.82588259,115.6822466,46.85815155,111.2438904,0.413009975,
58.84588459,115.6761227,46.84255567,111.2387928,0.412893433,
58.86588659,115.6700184,46.82697148,111.2337017,0.412776946,
58.88588859,115.6639337,46.81139897,111.2286169,0.412660514,
58.90589059,115.6578686,46.79583819,111.2235386,0.412544138,
58.92589259,115.6518233,46.78028914,111.2184667,0.412427817,
58.94589459,115.6457979,46.76475184,111.2134011,0.412311551,
58.96589659,115.6397924,46.74922631,111.208342,0.41219534,
58.98589859,115.633807,46.73371258,111.2032893,0.412079186,
59.00590059,115.6278416,46.71821066,111.1982429,0.411963087,
59.02590259,115.6218964,46.70272057,111.193203,0.411847044,
59.04590459,115.6159715,46.68724232,111.1881694,0.411731056,
59.06590659,115.6100669,46.67177595,111.1831422,0.411615125,
59.08590859,115.6041828,46.65632146,111.1781214,0.41149925,
59.10591059,115.5983192,46.64087888,111.1731069,0.411383432,
59.12591259,115.5924762,46.62544822,111.1680989,0.411267669,
59.14591459,115.5866538,46.61002951,111.1630971,0.411151963,
59.16591659,115.5808523,46.59462276,111.1581018,0.411036314,
59.18591859,115.5750716,46.57922799,111.1531128,0.410920721,
59.20592059,115.5693118,46.56384522,111.1481301,0.410805185,
59.22592259,115.5635731,46.54847448,111.1431538,0.410689706,
59.24592459,115.5578554,46.53311577,111.1381838,0.410574284,
59.26592659,115.552159,46.51776912,111.1332202,0.410458919,
59.28592859,115.5464838,46.50243455,111.1282629,0.410343611,
59.30593059,115.5408299,46.48711208,111.1233119,0.410228361,
59.32593259,115.5351975,46.47180172,111.1183673,0.410113168,
59.34593459,115.5295866,46.4565035,111.113429,0.409998032,
59.36593659,115.5239974,46.44121743,111.108497,0.409882954,
59.38593859,115.5184298,46.42594353,111.1035713,0.409767934,
59.40594059,115.5128839,46.41068183,111.098652,0.409652971,
59.42594259,115.50736,46.39543233,111.0937389,0.409538067,
59.44594459,115.5018579,46.38019507,111.0888321,0.40942322,
59.46594659,115.4963779,46.36497005,111.0839317,0.409308432,
59.48594859,115.49092,46.3497573,111.0790375,0.409193702,
59.5059506,115.4854843,46.33455684,111.0741497,0.40907903,
59.5259526,115.4800708,46.31936869,111.0692681,0.408964417,
59.5459546,115.4746797,46.30419286,111.0643928,0.408849862,
59.5659566,115.469311,46.28902937,111.0595238,0.408735366,
59.5859586,115.4639649,46.27387825,111.054661,0.408620929,
59.6059606,115.4586413,46.25873951,111.0498046,0.40850655,
59.6259626,115.4533404,46.24361317,111.0449544,0.408392231,
59.6459646,115.4480624,46.22849926,111.0401105,0.408277971,
59.6659666,115.4428071,46.21339778,111.0352728,0.40816377,
59.6859686,115.4375748,46.19830876,111.0304414,0.408049628,
59.7059706,115.4323655,46.18323222,111.0256162,0.407935545,
59.7259726,115.4271793,46.16816817,111.0207973,0.407821522,
59.7459746,115.4220164,46.15311664,111.0159846,0.407707559,
59.7659766,115.4168766,46.13807764,111.0111782,0.407593655,
59.7859786,115.4117603,46.1230512,111.006378,0.407479811,
59.8059806,115.4066673,46.10803733,111.001584,0.407366028,
59.8259826,115.4015979,46.09303605,110.9967963,0.407252304,
59.8459846,115.3965521,46.07804739,110.9920148,0.40713864,
59.8659866,115.39153,46.06307135,110.9872395,0.407025037,
59.8859886,115.3865316,46.04810796,110.9824704,0.406911493,
59.9059906,115.3815571,46.03315724,110.9777076,0.406798011,
59.9259926,115.3766066,46.01821921,110.972951,0.406684589,
59.9459946,115.37168,46.00329388,110.9682005,0.406571227,
59.9659966,115.3667776,45.98838128,110.9634563,0.406457926,
59.9859986,115.3618993,45.97348142,110.9587182,0.406344687,
60.0060006,115.3570445,45.95859415,110.9539863,0.406231507,
60.0260026,115.3522007,45.9437168,110.94926,0.406118371,
60.0460046,115.3473635,45.92884843,110.9445389,0.406005274,
60.0660066,115.3425329,45.91398903,110.9398231,0.405892216,
60.0860086,115.337709,45.89913858,110.9351126,0.405779197,
60.1060106,115.3328916,45.88429708,110.9304074,0.405666216,
60.1260126,115.3280808,45.86946452,110.9257074,0.405553274,
60.1460146,115.3232766,45.85464088,110.9210127,0.405440371,
60.1660166,115.3184789,45.83982616,110.9163232,0.405327507,
60.1860186,115.3136879,45.82502035,110.9116389,0.405214681,
60.2060206,115.3089033,45.81022343,110.9069599,0.405101894,
60.2260226,115.3041253,45.79543539,110.9022861,0.404989146,
60.2460246,115.2993538,45.78065623,110.8976175,0.404876436,
60.2660266,115.2945889,45.76588594,110.8929542,0.404763765,
60.2860286,115.2898304,45.7511245,110.888296,0.404651132,
60.3060306,115.2850785,45.7363719,110.883643,0.404538538,
60.3260326,115.280333,45.72162813,110.8789952,0.404425983,
60.3460346,115.275594,45.70689319,110.8743526,0.404313466,
60.3660366,115.2708615,45.69216706,110.8697151,0.404200988,
60.3860386,115.2661354,45.67744973,110.8650828,0.404088548,
60.4060406,115.2614158,45.6627412,110.8604556,0.403976147,
60.4260426,115.2567027,45.64804144,110.8558336,0.403863784,
60.4460446,115.2519959,45.63335045,110.8512167,0.40375146,
60.4660466,115.2472956,45.61866823,110.846605,0.403639175,
60.4860486,115.2426017,45.60399475,110.8419983,0.403526928,
60.50605061,115.2379142,45.58933002,110.8373968,0.403414719,
60.52605261,115.2332331,45.57467401,110.8328004,0.403302549,
60.54605461,115.2285584,45.56002672,110.828209,0.403190417,
60.56605661,115.2238901,45.54538814,110.8236228,0.403078323,
60.58605861,115.2192281,45.53075826,110.8190416,0.402966269,
60.60606061,115.2145724,45.51613707,110.8144655,0.402854252,
60.62606261,115.2099231,45.50152455,110.8098945,0.402742274,
60.64606461,115.2052802,45.4869207,110.8053285,0.402630334,
60.66606661,115.2006436,45.47232551,110.8007675,0.402518433,
60.68606861,115.1960133,45.45773896,110.7962116,0.402406569,
60.70607061,115.1913892,45.44316105,110.7916608,0.402294745,
60.72607261,115.1867715,45.42859176,110.7871149,0.402182958,
60.74607461,115.1821601,45.41403109,110.7825741,0.40207121,
60.76607661,115.177555,45.39947902,110.7780383,0.4019595,
60.78607861,115.1729561,45.38493555,110.7735074,0.401847829,
60.80608061,115.1683635,45.37040066,110.7689816,0.401736195,
60.82608261,115.1637771,45.35587434,110.7644607,0.4016246,
60.84608461,115.1591969,45.34135659,110.7599448,0.401513043,
60.86608661,115.154623,45.32684739,110.7554339,0.401401525,
60.88608861,115.1500553,45.31234673,110.7509279,0.401290044,
60.90609061,115.1454939,45.2978546,110.7464269,0.401178602,
60.92609261,115.1409386,45.28337099,110.7419309,0.401067198,
60.94609461,115.1363895,45.2688959,110.7374397,0.400955832,
60.96609661,115.1318466,45.25442931,110.7329535,0.400844504,
60.98609861,115.1273098,45.2399712,110.7284722,0.400733215,
61.00610061,115.1227792,45.22552158,110.7239958,0.400621963,
61.02610261,115.1182548,45.21108042,110.7195243,0.40051075,
61.04610461,115.1137365,45.19664773,110.7150577,0.400399574,
61.06610661,115.1092244,45.18222348,110.710596,0.400288437,
61.08610861,115.1047183,45.16780767,110.7061392,0.400177338,
61.10611061,115.1002184,45.15340029,110.7016873,0.400066277,
61.12611261,115.0957246,45.13900132,110.6972402,0.399955254,
61.14611461,115.0912369,45.12461077,110.6927979,0.399844269,
61.16611661,115.0867552,45.11022861,110.6883605,0.399733322,
61.18611861,115.0822796,45.09585483,110.683928,0.399622413,
61.20612061,115.0778101,45.08148943,110.6795003,0.399511542,
61.22612261,115.0733467,45.0671324,110.6750774,0.399400709,
61.24612461,115.0688893,45.05278372,110.6706593,0.399289914,
61.26612661,115.0644379,45.03844339,110.666246,0.399179157,
61.28612861,115.0599925,45.02411139,110.6618375,0.399068437,
61.30613061,115.0555532,45.00978772,110.6574338,0.398957756,
61.32613261,115.0511199,44.99547236,110.6530349,0.398847113,
61.34613461,115.0466926,44.9811653,110.6486408,0.398736507,
61.36613661,115.0422712,44.96686654,110.6442514,0.39862594,
61.38613861,115.0378558,44.95257605,110.6398668,0.39851541,
61.40614061,115.0334464,44.93829384,110.6354869,0.398404918,
61.42614261,115.029043,44.92401989,110.6311118,0.398294464,
61.44614461,115.0246455,44.9097542,110.6267414,0.398184048,
61.46614661,115.020254,44.89549674,110.6223757,0.398073669,
61.48614861,115.0158683,44.88124751,110.6180148,0.397963328,
61.50615062,115.0114886,44.86700651,110.6136586,0.397853026,
61.52615262,115.0071148,44.85277371,110.609307,0.39774276,
61.54615462,115.0027469,44.83854911,110.6049602,0.397632533,
61.56615662,114.9983849,44.8243327,110.600618,0.397522344,
61.58615862,114.9940288,44.81012447,110.5962806,0.397412192,
61.60616062,114.9896785,44.79592441,110.5919478,0.397302077,
61.62616262,114.9853341,44.78173251,110.5876196,0.397192001,
61.64616462,114.9809956,44.76754875,110.5832961,0.397081962,
61.66616662,114.9766629,44.75337313,110.5789773,0.396971961,
61.68616862,114.972336,44.73920564,110.5746631,0.396861998,
61.70617062,114.968015,44.72504626,110.5703535,0.396752072,
61.72617262,114.9636997,44.71089499,110.5660486,0.396642184,
61.74617462,114.9593903,44.69675182,110.5617482,0.396532333,
61.76617662,114.9550867,44.68261672,110.5574525,0.39642252,
61.78617862,114.9507888,44.66848971,110.5531614,0.396312745,
61.80618062,114.9464967,44.65437076,110.5488749,0.396203007,
61.82618262,114.9422104,44.64025986,110.5445929,0.396093307,
61.84618462,114.9379299,44.626157,110.5403155,0.395983644,
61.86618662,114.9336551,44.61206218,110.5360427,0.395874019,
61.88618862,114.929386,44.59797538,110.5317744,0.395764431,
61.90619062,114.9251226,44.5838966,110.5275107,0.395654881,
61.92619262,114.920865,44.56982581,110.5232516,0.395545368,
61.94619462,114.9166131,44.55576302,110.5189969,0.395435893,
61.96619662,114.9123668,44.54170821,110.5147468,0.395326456,
61.98619862,114.9081263,44.52766137,110.5105012,0.395217055,
62.00620062,114.9038914,44.51362248,110.5062602,0.395107693,
62.02620262,114.8996622,44.49959155,110.5020236,0.394998367,
62.04620462,114.8954387,44.48556856,110.4977915,0.394889079,
62.06620662,114.8912208,44.4715535,110.4935639,0.394779829,
62.08620862,114.8870085,44.45754636,110.4893408,0.394670615,
62.10621062,114.8828019,44.44354712,110.4851222,0.39456144,
62.12621262,114.8786009,44.42955578,110.480908,0.394452301,
62.14621462,114.8744055,44.41557233,110.4766983,0.3943432,
62.16621662,114.8702157,44.40159676,110.472493,0.394234136,
62.18621862,114.8660315,44.38762906,110.4682921,0.39412511,
62.20622062,114.8618528,44.37366921,110.4640957,0.394016121,
62.22622262,114.8576798,44.35971721,110.4599037,0.393907169,
62.24622462,114.8535123,44.34577304,110.4557162,0.393798254,
62.26622662,114.8493504,44.3318367,110.451533,0.393689377,
62.28622862,114.845194,44.31790817,110.4473542,0.393580537,
62.30623062,114.8410431,44.30398745,110.4431799,0.393471734,
62.32623262,114.8368978,44.29007452,110.4390099,0.393362968,
62.34623462,114.8327579,44.27616937,110.4348442,0.39325424,
62.36623662,114.8286236,44.262272,110.430683,0.393145549,
62.38623862,114.8244948,44.2483824,110.4265261,0.393036894,
62.40624062,114.8203714,44.23450054,110.4223735,0.392928278,
62.42624262,114.8162535,44.22062643,110.4182253,0.392819698,
62.44624462,114.8121411,44.20676004,110.4140815,0.392711155,
62.46624662,114.8080342,44.19290138,110.4099419,0.39260265,
62.48624862,114.8039327,44.17905044,110.4058067,0.392494181,
62.50625063,114.7998366,44.16520719,110.4016758,0.39238575,
62.52625263,114.795746,44.15137163,110.3975492,0.392277356,
62.54625463,114.7916607,44.13754375,110.3934269,0.392168999,
62.56625663,114.7875809,44.12372354,110.3893089,0.392060679,
62.58625863,114.7835065,44.10991099,110.3851951,0.391952396,
62.60626063,114.7794375,44.09610609,110.3810856,0.39184415,
62.62626263,114.7753738,44.08230883,110.3769804,0.391735941,
62.64626463,114.7713155,44.06851919,110.3728795,0.391627769,
62.66626663,114.7672626,44.05473717,110.3687827,0.391519634,
62.68626863,114.763215,44.04096276,110.3646903,0.391411536,
62.70627063,114.7591728,44.02719595,110.360602,0.391303475,
62.72627263,114.7551359,44.01343672,110.356518,0.39119545,
62.74627463,114.7511043,43.99968507,110.3524382,0.391087463,
62.76627663,114.747078,43.98594099,110.3483626,0.390979513,
62.78627863,114.743057,43.97220445,110.3442912,0.3908716,
62.80628063,114.7390413,43.95847547,110.340224,0.390763723,
62.82628263,114.7350309,43.94475402,110.336161,0.390655884,
62.84628463,114.7310258,43.93104009,110.3321021,0.390548081,
62.86628663,114.7270259,43.91733368,110.3280474,0.390440315,
62.88628863,114.7230313,43.90363477,110.3239969,0.390332586,
62.90629063,114.7190419,43.88994335,110.3199505,0.390224894,
62.92629263,114.7150577,43.87625941,110.3159083,0.390117238,
62.94629463,114.7110788,43.86258295,110.3118702,0.39000962,
62.96629663,114.7071051,43.84891395,110.3078362,0.389902038,
62.98629863,114.7031366,43.8352524,110.3038064,0.389794493,
63.00630063,114.6991733,43.82159829,110.2997806,0.389686984,
63.02630263,114.6952152,43.80795161,110.295759,0.389579513,
63.04630463,114.6912622,43.79431235,110.2917414,0.389472078,
63.06630663,114.6873144,43.7806805,110.287728,0.38936468,
63.08630863,114.6833718,43.76705605,110.2837186,0.389257318,
63.10631063,114.6794343,43.75343899,110.2797133,0.389149994,
63.12631263,114.675502,43.73982931,110.2757121,0.389042706,
63.14631463,114.6715748,43.726227,110.2717149,0.388935454,
63.16631663,114.6676527,43.71263204,110.2677217,0.388828239,
63.18631863,114.6637357,43.69904443,110.2637326,0.388721061,
63.20632063,114.6598238,43.68546416,110.2597476,0.38861392,
63.22632263,114.655917,43.67189122,110.2557665,0.388506815,
63.24632463,114.6520152,43.65832559,110.2517895,0.388399747,
63.26632663,114.6481186,43.64476727,110.2478164,0.388292715,
63.28632863,114.644227,43.63121624,110.2438474,0.38818572,
63.30633063,114.6403404,43.6176725,110.2398824,0.388078761,
63.32633263,114.6364589,43.60413603,110.2359213,0.387971839,
63.34633463,114.6325824,43.59060683,110.2319643,0.387864953,
63.36633663,114.628711,43.57708488,110.2280111,0.387758104,
63.38633863,114.6248445,43.56357017,110.224062,0.387651292,
63.40634063,114.6209831,43.5500627,110.2201168,0.387544515,
63.42634263,114.6171266,43.53656245,110.2161755,0.387437776,
63.44634463,114.6132751,43.52306941,110.2122382,0.387331073,
63.46634663,114.6094286,43.50958358,110.2083048,0.387224406,
63.48634863,114.6055871,43.49610493,110.2043753,0.387117776,
63.50635064,114.6017505,43.48263347,110.2004498,0.387011182,
63.52635264,114.5979188,43.46916918,110.1965281,0.386904624,
63.54635464,114.5940921,43.45571205,110.1926103,0.386798103,
63.56635664,114.5902703,43.44226207,110.1886965,0.386691618,
63.58635864,114.5864535,43.42881922,110.1847865,0.38658517,
63.60636064,114.5826415,43.41538351,110.1808803,0.386478758,
63.62636264,114.5788344,43.40195492,110.1769781,0.386372382,
63.64636464,114.5750322,43.38853343,110.1730797,0.386266043,
63.66636664,114.5712349,43.37511905,110.1691851,0.38615974,
63.68636864,114.5674425,43.36171175,110.1652944,0.386053473,
63.70637064,114.5636549,43.34831152,110.1614075,0.385947242,
63.72637264,114.5598721,43.33491837,110.1575244,0.385841048,
63.74637464,114.5560942,43.32153227,110.1536452,0.38573489,
63.76637664,114.5523212,43.30815322,110.1497697,0.385628768,
63.78637864,114.5485529,43.2947812,110.1458981,0.385522683,
63.80638064,114.5447894,43.28141621,110.1420302,0.385416633,
63.82638264,114.5410308,43.26805823,110.1381661,0.38531062,
63.84638464,114.5372769,43.25470726,110.1343058,0.385204643,
63.86638664,114.5335278,43.24136328,110.1304493,0.385098702,
63.88638864,114.5297835,43.22802629,110.1265965,0.384992798,
63.90639064,114.526044,43.21469627,110.1227475,0.384886929,
63.92639264,114.5223092,43.20137321,110.1189022,0.384781097,
63.94639464,114.5185791,43.18805711,110.1150607,0.3846753,
63.96639664,114.5148537,43.17474795,110.1112229,0.38456954,
63.98639864,114.5111331,43.16144572,110.1073888,0.384463816,
64.00640064,114.5074172,43.14815041,110.1035584,0.384358128,
64.02640264,114.503706,43.13486201,110.0997317,0.384252476,
64.04640464,114.4999995,43.12158051,110.0959088,0.38414686,
64.06640664,114.4962977,43.1083059,110.0920895,0.38404128,
64.08640864,114.4926005,43.09503818,110.0882738,0.383935736,
64.10641064,114.488908,43.08177732,110.0844619,0.383830228,
64.12641264,114.4852202,43.06852332,110.0806536,0.383724757,
64.14641464,114.481537,43.05527617,110.076849,0.383619321,
64.16641664,114.4778584,43.04203586,110.073048,0.383513921,
64.18641864,114.4741845,43.02880238,110.0692507,0.383408557,
64.20642064,114.4705152,43.01557571,110.065457,0.383303229,
64.22642264,114.4668505,43.00235585,110.0616669,0.383197936,
64.24642464,114.4631903,42.98914279,110.0578804,0.38309268,
64.26642664,114.4595348,42.97593652,110.0540976,0.38298746,
64.28642864,114.4558838,42.96273702,110.0503183,0.382882275,
64.30643064,114.4522375,42.94954428,110.0465426,0.382777127,
64.32643264,114.4485956,42.9363583,110.0427705,0.382672014,
64.34643464,114.4449583,42.92317907,110.039002,0.382566937,
64.36643664,114.4413256,42.91000657,110.0352371,0.382461896,
64.38643864,114.4376974,42.8968408,110.0314757,0.38235689,
64.40644064,114.4340736,42.88368174,110.0277179,0.382251921,
64.42644264,114.4304544,42.87052938,110.0239636,0.382146987,
64.44644464,114.4268397,42.85738371,110.0202128,0.382042089,
64.46644664,114.4232295,42.84424473,110.0164656,0.381937227,
64.48644864,114.4196238,42.83111242,110.0127219,0.381832401,
64.50645065,114.4160225,42.81798677,110.0089817,0.38172761,
64.52645265,114.4124257,42.80486778,110.005245,0.381622855,
64.54645465,114.4088334,42.79175542,110.0015118,0.381518135,
64.56645665,114.4052455,42.77864969,109.9977821,0.381413452,
64.58645865,114.401662,42.76555059,109.9940559,0.381308804,
64.60646065,114.398083,42.75245809,109.9903331,0.381204192,
64.62646265,114.3945083,42.7393722,109.9866138,0.381099615,
64.64646465,114.3909381,42.72629289,109.982898,0.380995074,
64.66646665,114.3873722,42.71322016,109.9791856,0.380890568,
64.68646865,114.3838108,42.700154,109.9754767,0.380786099,
64.70647065,114.3802537,42.6870944,109.9717712,0.380681664,
64.72647265,114.3767009,42.67404134,109.9680691,0.380577266,
64.74647465,114.3731526,42.66099483,109.9643704,0.380472903,
64.76647665,114.3696085,42.64795484,109.9606751,0.380368575,
64.78647865,114.3660688,42.63492136,109.9569832,0.380264283,
64.80648065,114.3625335,42.62189439,109.9532948,0.380160027,
64.82648265,114.3590024,42.60887392,109.9496097,0.380055806,
64.84648465,114.3554757,42.59585993,109.945928,0.37995162,
64.86648665,114.3519532,42.58285242,109.9422496,0.37984747,
64.88648865,114.348435,42.56985137,109.9385746,0.379743356,
64.90649065,114.3449211,42.55685677,109.934903,0.379639277,
64.92649265,114.3414115,42.54386862,109.9312347,0.379535233,
64.94649465,114.3379061,42.53088691,109.9275697,0.379431225,
64.96649665,114.334405,42.51791161,109.9239081,0.379327252,
64.98649865,114.3309081,42.50494273,109.9202498,0.379223315,
65.00650065,114.3274155,42.49198025,109.9165948,0.379119413,
65.02650265,114.3239271,42.47902416,109.9129431,0.379015546,
65.04650465,114.3204428,42.46607445,109.9092947,0.378911715,
65.06650665,114.3169628,42.45313111,109.9056496,0.378807919,
65.08650865,114.313487,42.44019414,109.9020077,0.378704159,
65.10651065,114.3100153,42.42726351,109.8983692,0.378600433,
65.12651265,114.3065478,42.41433922,109.8947339,0.378496743,
65.14651465,114.3030845,42.40142127,109.8911019,0.378393089,
65.16651665,114.2996253,42.38850963,109.8874731,0.378289469,
65.18651865,114.2961703,42.3756043,109.8838475,0.378185885,
65.20652065,114.2927194,42.36270527,109.8802252,0.378082336,
65.22652265,114.2892726,42.34981252,109.8766061,0.377978823,
65.24652465,114.2858299,42.33692606,109.8729902,0.377875344,
65.26652665,114.2823914,42.32404586,109.8693775,0.377771901,
65.28652865,114.2789569,42.31117191,109.8657681,0.377668493,
65.30653065,114.2755265,42.29830422,109.8621618,0.37756512,
65.32653265,114.2721002,42.28544276,109.8585587,0.377461783,
65.34653465,114.2686779,42.27258752,109.8549588,0.37735848,
65.36653665,114.2652598,42.2597385,109.851362,0.377255213,
65.38653865,114.2618456,42.24689568,109.8477684,0.37715198,
65.40654065,114.2584355,42.23405906,109.844178,0.377048783,
65.42654265,114.2550294,42.22122862,109.8405907,0.376945621,
65.44654465,114.2516273,42.20840436,109.8370066,0.376842494,
65.46654665,114.2482292,42.19558626,109.8334255,0.376739402,
65.48654865,114.2448352,42.18277431,109.8298476,0.376636346,
65.50655066,114.2414451,42.1699685,109.8262728,0.376533324,
65.52655266,114.238059,42.15716883,109.8227011,0.376430337,
65.54655466,114.2346768,42.14437528,109.8191325,0.376327385,
65.56655666,114.2312987,42.13158784,109.815567,0.376224469,
65.58655866,114.2279244,42.1188065,109.8120046,0.376121587,
65.60656066,114.2245541,42.10603125,109.8084452,0.37601874,
65.62656266,114.2211878,42.09326208,109.8048889,0.375915928,
65.64656466,114.2178253,42.08049898,109.8013357,0.375813151,
65.66656666,114.2144668,42.06774193,109.7977855,0.375710409,
65.68656866,114.2111121,42.05499094,109.7942384,0.375607702,
65.70657066,114.2077614,42.04224599,109.7906942,0.37550503,
65.72657266,114.2044145,42.02950706,109.7871532,0.375402393,
65.74657466,114.2010715,42.01677415,109.7836151,0.375299791,
65.76657666,114.1977324,42.00404725,109.78008,0.375197223,
65.78657866,114.1943971,41.99132635,109.7765479,0.375094691,
65.80658066,114.1910656,41.97861143,109.7730189,0.374992193,
65.82658266,114.187738,41.96590249,109.7694928,0.37488973,
65.84658466,114.1844142,41.95319951,109.7659697,0.374787302,
65.86658666,114.1810943,41.94050249,109.7624495,0.374684908,
65.88658866,114.1777781,41.92781142,109.7589323,0.37458255,
65.90659066,114.1744657,41.91512627,109.7554181,0.374480226,
65.92659266,114.1711571,41.90244706,109.7519068,0.374377937,
65.94659466,114.1678523,41.88977375,109.7483985,0.374275683,
65.96659666,114.1645512,41.87710635,109.744893,0.374173463,
65.98659866,114.1612539,41.86444485,109.7413905,0.374071278,
66.00660066,114.1579604,41.85178922,109.737891,0.373969128,
66.02660266,114.1546706,41.83913947,109.7343943,0.373867013,
66.04660466,114.1513845,41.82649558,109.7309005,0.373764932,
66.06660666,114.1481021,41.81385754,109.7274096,0.373662886,
66.08660866,114.1448234,41.80122535,109.7239216,0.373560874,
66.10661066,114.1415484,41.78859898,109.7204364,0.373458898,
66.12661266,114.1382772,41.77597843,109.7169541,0.373356955,
66.14661466,114.1350095,41.7633637,109.7134747,0.373255048,
66.16661666,114.1317456,41.75075476,109.7099981,0.373153175,
66.18661866,114.1284853,41.73815161,109.7065244,0.373051336,
66.20662066,114.1252287,41.72555424,109.7030535,0.372949532,
66.22662266,114.1219757,41.71296264,109.6995854,0.372847763,
66.24662466,114.1187263,41.7003768,109.6961201,0.372746028,
66.26662666,114.1154806,41.6877967,109.6926577,0.372644328,
66.28662866,114.1122384,41.67522234,109.689198,0.372542662,
66.30663066,114.1089999,41.66265371,109.6857411,0.372441031,
66.32663266,114.1057649,41.65009079,109.6822871,0.372339434,
66.34663466,114.1025336,41.63753359,109.6788358,0.372237872,
66.36663666,114.0993058,41.62498207,109.6753872,0.372136344,
66.38663866,114.0960815,41.61243624,109.6719415,0.372034851,
66.40664066,114.0928609,41.59989609,109.6684984,0.371933392,
66.42664266,114.0896437,41.5873616,109.6650582,0.371831967,
66.44664466,114.0864301,41.57483277,109.6616206,0.371730577,
66.46664666,114.08322,41.56230957,109.6581858,0.371629221,
66.48664866,114.0800135,41.54979202,109.6547537,0.3715279,
66.50665067,114.0768104,41.53728008,109.6513243,0.371426613,
66.52665267,114.0736108,41.52477376,109.6478977,0.37132536,
66.54665467,114.0704147,41.51227304,109.6444737,0.371224142,
66.56665667,114.0672221,41.49977791,109.6410524,0.371122958,
66.58665867,114.064033,41.48728836,109.6376338,0.371021808,
66.60666067,114.0608473,41.47480438,109.6342179,0.370920692,
66.62666267,114.057665,41.46232597,109.6308046,0.370819611,
66.64666467,114.0544862,41.4498531,109.627394,0.370718564,
66.66666667,114.0513109,41.43738578,109.623986,0.370617552,
66.68666867,114.0481389,41.42492398,109.6205807,0.370516573,
66.70667067,114.0449703,41.4124677,109.617178,0.370415629,
66.72667267,114.0418052,41.40001693,109.6137779,0.370314719,
66.74667467,114.0386434,41.38757166,109.6103805,0.370213843,
66.76667667,114.035485,41.37513188,109.6069857,0.370113002,
66.78667867,114.03233,41.36269757,109.6035934,0.370012194,
66.80668067,114.0291783,41.35026873,109.6002038,0.369911421,
66.82668267,114.02603,41.33784535,109.5968167,0.369810682,
66.84668467,114.022885,41.32542742,109.5934322,0.369709977,
66.86668667,114.0197433,41.31301492,109.5900503,0.369609306,
66.88668867,114.016605,41.30060784,109.586671,0.369508669,
66.90669067,114.01347,41.28820618,109.5832942,0.369408066,
66.92669267,114.0103383,41.27580993,109.5799199,0.369307498,
66.94669467,114.0072098,41.26341907,109.5765482,0.369206963,
66.96669667,114.0040847,41.25103359,109.573179,0.369106462,
66.98669867,114.0009628,41.23865349,109.5698123,0.369005996,
67.00670067,113.9978442,41.22627875,109.5664482,0.368905563,
67.02670267,113.9947288,41.21390937,109.5630865,0.368805165,
67.04670467,113.9916167,41.20154532,109.5597273,0.3687048,
67.06670667,113.9885078,41.18918661,109.5563707,0.36860447,
67.08670867,113.9854022,41.17683322,109.5530165,0.368504173,
67.10671067,113.9822997,41.16448514,109.5496648,0.368403911,
67.12671267,113.9792005,41.15214236,109.5463155,0.368303682,
67.14671467,113.9761044,41.13980487,109.5429687,0.368203487,
67.16671667,113.9730116,41.12747266,109.5396244,0.368103326,
67.18671867,113.9699219,41.11514573,109.5362825,0.368003199,
67.20672067,113.9668354,41.10282405,109.532943,0.367903106,
67.22672267,113.963752,41.09050762,109.529606,0.367803047,
67.24672467,113.9606718,41.07819643,109.5262714,0.367703022,
67.26672667,113.9575947,41.06589046,109.5229391,0.36760303,
67.28672867,113.9545207,41.05358972,109.5196093,0.367503073,
67.30673067,113.9514499,41.04129418,109.5162819,0.367403149,
67.32673267,113.9483821,41.02900384,109.5129569,0.367303259,
67.34673467,113.9453175,41.01671868,109.5096342,0.367203402,
67.36673667,113.942256,41.0044387,109.5063139,0.36710358,
67.38673867,113.9391975,40.99216389,109.502996,0.367003791,
67.40674067,113.9361421,40.97989423,109.4996804,0.366904036,
67.42674267,113.9330898,40.96762972,109.4963672,0.366804315,
67.44674467,113.9300405,40.95537034,109.4930563,0.366704627,
67.46674667,113.9269942,40.94311609,109.4897477,0.366604973,
67.48674867,113.923951,40.93086695,109.4864415,0.366505353,
67.50675068,113.9209108,40.91862291,109.4831375,0.366405766,
67.52675268,113.9178736,40.90638397,109.4798359,0.366306214,
67.54675468,113.9148394,40.89415011,109.4765366,0.366206694,
67.56675668,113.9118082,40.88192132,109.4732395,0.366107209,
67.58675868,113.90878,40.8696976,109.4699448,0.366007757,
67.60676068,113.9057548,40.85747892,109.4666523,0.365908338,
67.62676268,113.9027325,40.84526529,109.4633621,0.365808954,
67.64676468,113.8997132,40.83305668,109.4600741,0.365709602,
67.66676668,113.8966968,40.8208531,109.4567884,0.365610285,
67.68676868,113.8936833,40.80865453,109.4535049,0.365511001,
67.70677068,113.8906728,40.79646096,109.4502237,0.36541175,
67.72677268,113.8876652,40.78427237,109.4469447,0.365312533,
67.74677468,113.8846605,40.77208877,109.4436679,0.36521335,
67.76677668,113.8816587,40.75991013,109.4403933,0.3651142,
67.78677868,113.8786597,40.74773645,109.4371209,0.365015083,
67.80678068,113.8756637,40.73556772,109.4338507,0.364916,
67.82678268,113.8726705,40.72340393,109.4305827,0.364816951,
67.84678468,113.8696802,40.71124506,109.4273169,0.364717935,
67.86678668,113.8666927,40.69909111,109.4240532,0.364618952,
67.88678868,113.8637081,40.68694206,109.4207917,0.364520003,
67.90679068,113.8607262,40.67479791,109.4175323,0.364421087,
67.92679268,113.8577472,40.66265865,109.4142751,0.364322204,
67.94679468,113.8547711,40.65052426,109.4110201,0.364223355,
67.96679668,113.8517977,40.63839474,109.4077671,0.364124539,
67.98679868,113.8488271,40.62627007,109.4045163,0.364025757,
68.00680068,113.8458592,40.61415024,109.4012676,0.363927008,
68.02680268,113.8428942,40.60203525,109.398021,0.363828292,
68.04680468,113.8399319,40.58992508,109.3947765,0.36372961,
68.06680668,113.8369723,40.57781972,109.3915341,0.36363096,
68.08680868,113.8340155,40.56571917,109.3882938,0.363532344,
68.10681068,113.8310615,40.5536234,109.3850555,0.363433762,
68.12681268,113.8281101,40.54153242,109.3818194,0.363335212,
68.14681468,113.8251615,40.52944621,109.3785852,0.363236696,
68.16681668,113.8222155,40.51736476,109.3753531,0.363138213,
68.18681868,113.8192723,40.50528806,109.3721231,0.363039764,
68.20682068,113.8163317,40.4932161,109.3688951,0.362941347,
68.22682268,113.8133938,40.48114887,109.3656691,0.362842964,
68.24682468,113.8104586,40.46908636,109.3624452,0.362744614,
68.26682668,113.807526,40.45702856,109.3592232,0.362646297,
68.28682868,113.8045961,40.44497545,109.3560033,0.362548013,
68.30683068,113.8016688,40.43292703,109.3527853,0.362449762,
68.32683268,113.7987441,40.42088329,109.3495693,0.362351544,
68.34683468,113.795822,40.40884422,109.3463553,0.36225336,
68.36683668,113.7929026,40.39680981,109.3431433,0.362155209,
68.38683868,113.7899857,40.38478004,109.3399332,0.36205709,
68.40684068,113.7870715,40.37275491,109.3367251,0.361959005,
68.42684268,113.7841598,40.3607344,109.333519,0.361860953,
68.44684468,113.7812506,40.34871851,109.3303147,0.361762933,
68.46684668,113.7783441,40.33670722,109.3271124,0.361664947,
68.48684868,113.77544,40.32470053,109.3239121,0.361566994,
68.50685069,113.7725385,40.31269842,109.3207136,0.361469074,
68.52685269,113.7696396,40.30070088,109.317517,0.361371187,
68.54685469,113.7667431,40.28870791,109.3143224,0.361273332,
68.56685669,113.7638492,40.27671949,109.3111296,0.361175511,
68.58685869,113.7609578,40.26473561,109.3079387,0.361077723,
68.60686069,113.7580688,40.25275627,109.3047497,0.360979967,
68.62686269,113.7551824,40.24078144,109.3015626,0.360882245,
68.64686469,113.7522984,40.22881113,109.2983773,0.360784555,
68.66686669,113.7494168,40.21684532,109.2951938,0.360686898,
68.68686869,113.7465377,40.204884,109.2920122,0.360589274,
68.70687069,113.7436611,40.19292716,109.2888325,0.360491683,
68.72687269,113.7407869,40.18097479,109.2856545,0.360394125,
68.74687469,113.7379151,40.16902688,109.2824784,0.3602966,
68.76687669,113.7350457,40.15708342,109.2793041,0.360199107,
68.78687869,113.7321787,40.14514439,109.2761316,0.360101647,
68.80688069,113.7293142,40.1332098,109.2729609,0.36000422,
68.82688269,113.726452,40.12127962,109.2697919,0.359906826,
68.84688469,113.7235921,40.10935385,109.2666248,0.359809465,
68.86688669,113.7207347,40.09743248,109.2634594,0.359712136,
68.88688869,113.7178796,40.08551549,109.2602958,0.35961484,
68.90689069,113.7150268,40.07360288,109.2571339,0.359517577,
68.92689269,113.7121764,40.06169464,109.2539738,0.359420346,
68.94689469,113.7093282,40.04979075,109.2508154,0.359323148,
68.96689669,113.7064825,40.0378912,109.2476588,0.359225983,
68.98689869,113.703639,40.025996,109.2445038,0.359128851,
69.00690069,113.7007978,40.01410511,109.2413506,0.359031751,
69.02690269,113.6979589,40.00221854,109.2381991,0.358934683,
69.04690469,113.6951222,39.99033627,109.2350493,0.358837649,
69.06690669,113.6922879,39.9784583,109.2319011,0.358740647,
69.08690869,113.6894558,39.96658461,109.2287547,0.358643677,
69.10691069,113.6866259,39.95471519,109.2256099,0.35854674,
69.12691269,113.6837983,39.94285003,109.2224668,0.358449836,
69.14691469,113.6809729,39.93098912,109.2193254,0.358352964,
69.16691669,113.6781498,39.91913246,109.2161856,0.358256125,
69.18691869,113.6753288,39.90728003,109.2130474,0.358159319,
69.20692069,113.67251,39.89543181,109.2099109,0.358062544,
69.22692269,113.6696935,39.88358781,109.206776,0.357965803,
69.24692469,113.6668791,39.87174801,109.2036428,0.357869094,
69.26692669,113.6640668,39.85991239,109.2005111,0.357772417,
69.28692869,113.6612568,39.84808096,109.197381,0.357675773,
69.30693069,113.6584489,39.83625369,109.1942526,0.357579161,
69.32693269,113.6556431,39.82443058,109.1911257,0.357482582,
69.34693469,113.6528395,39.81261162,109.1880004,0.357386035,
69.36693669,113.650038,39.8007968,109.1848766,0.35728952,
69.38693869,113.6472386,39.7889861,109.1817545,0.357193038,
69.40694069,113.6444413,39.77717952,109.1786338,0.357096588,
69.42694269,113.6416461,39.76537704,109.1755148,0.357000171,
69.44694469,113.6388529,39.75357867,109.1723972,0.356903786,
69.46694669,113.6360619,39.74178437,109.1692812,0.356807433,
69.48694869,113.6332729,39.72999416,109.1661668,0.356711113,
69.5069507,113.630486,39.718208,109.1630538,0.356614824,
69.5269527,113.6277011,39.7064259,109.1599423,0.356518569,
69.5469547,113.6249182,39.69464785,109.1568324,0.356422345,
69.5669567,113.6221374,39.68287382,109.1537239,0.356326154,
69.5869587,113.6193586,39.67110383,109.1506169,0.356229995,
69.6069607,113.6165818,39.65933784,109.1475114,0.356133868,
69.6269627,113.613807,39.64757586,109.1444073,0.356037773,
69.6469647,113.6110342,39.63581786,109.1413047,0.355941711,
69.6669667,113.6082633,39.62406385,109.1382036,0.355845681,
69.6869687,113.6054944,39.61231381,109.1351039,0.355749683,
69.7069707,113.6027275,39.60056773,109.1320056,0.355653717,
69.7269727,113.5999626,39.5888256,109.1289088,0.355557784,
69.7469747,113.5971995,39.57708742,109.1258134,0.355461882,
69.7669767,113.5944384,39.56535316,109.1227193,0.355366013,
69.7869787,113.5916792,39.55362282,109.1196267,0.355270175,
69.8069807,113.588922,39.54189638,109.1165355,0.35517437,
69.8269827,113.5861666,39.53017385,109.1134457,0.355078597,
69.8469847,113.5834131,39.51845521,109.1103572,0.354982856,
69.8669867,113.5806615,39.50674044,109.1072702,0.354887147,
69.8869887,113.5779118,39.49502954,109.1041844,0.35479147,
69.9069907,113.5751639,39.4833225,109.1011001,0.354695826,
69.9269927,113.5724179,39.4716193,109.0980171,0.354600213,
69.9469947,113.5696737,39.45991994,109.0949354,0.354504632,
69.9669967,113.5669314,39.4482244,109.091855,0.354409083,
69.9869987,113.5641908,39.43653268,109.088776,0.354313566,
70.0070007,113.5614524,39.42484502,109.0856981,0.354218083,
70.0270027,113.5587193,39.41316435,109.0826191,0.354122648,
70.0470047,113.5559924,39.40149153,109.0795382,0.354027267,
70.0670067,113.5532716,39.38982653,109.0764556,0.353931939,
70.0870087,113.5505571,39.37816933,109.0733713,0.353836664,
70.1070107,113.5478487,39.36651991,109.0702852,0.353741443,
70.1270127,113.5451464,39.35487826,109.0671974,0.353646274,
70.1470147,113.5424502,39.34324434,109.064108,0.353551157,
70.1670167,113.53976,39.33161814,109.0610169,0.353456094,
70.1870187,113.537076,39.31999964,109.0579241,0.353361082,
70.2070207,113.5343979,39.30838882,109.0548298,0.353266123,
70.2270227,113.5317258,39.29678566,109.0517338,0.353171216,
70.2470247,113.5290597,39.28519014,109.0486363,0.353076361,
70.2670267,113.5263995,39.27360223,109.0455373,0.352981558,
70.2870287,113.5237453,39.26202192,109.0424367,0.352886807,
70.3070307,113.521097,39.25044919,109.0393346,0.352792107,
70.3270327,113.5184545,39.23888402,109.0362311,0.352697458,
70.3470347,113.5158178,39.22732638,109.033126,0.35260286,
70.3670367,113.513187,39.21577626,109.0300196,0.352508314,
70.3870387,113.510562,39.20423363,109.0269117,0.352413818,
70.4070407,113.5079428,39.19269848,109.0238025,0.352319374,
70.4270427,113.5053293,39.18117078,109.0206918,0.35222498,
70.4470447,113.5027215,39.16965052,109.0175798,0.352130636,
70.4670467,113.5001194,39.15813767,109.0144665,0.352036343,
70.4870487,113.497523,39.14663221,109.0113519,0.3519421,
70.50705071,113.4949322,39.13513413,109.008236,0.351847906,
70.52705271,113.492347,39.1236434,109.0051189,0.351753763,
70.54705471,113.4897675,39.11216,109.0020005,0.35165967,
70.56705671,113.4871935,39.10068392,108.9988809,0.351565626,
70.58705871,113.4846251,39.08921512,108.9957601,0.351471631,
70.60706071,113.4820621,39.0777536,108.9926381,0.351377686,
70.62706271,113.4795047,39.06629933,108.989515,0.35128379,
70.64706471,113.4769528,39.05485229,108.9863907,0.351189943,
70.66706671,113.4744063,39.04341245,108.9832654,0.351096145,
70.68706871,113.4718652,39.03197981,108.9801389,0.351002396,
70.70707071,113.4693295,39.02055434,108.9770114,0.350908695,
70.72707271,113.4667992,39.00913601,108.9738829,0.350815042,
70.74707471,113.4642742,38.99772482,108.9707533,0.350721438,
70.76707671,113.4617545,38.98632073,108.9676228,0.350627882,
70.78707871,113.4592402,38.97492373,108.9644912,0.350534374,
70.80708071,113.4567311,38.9635338,108.9613588,0.350440913,
70.82708271,113.4542273,38.95215091,108.9582253,0.350347501,
70.84708471,113.4517287,38.94077505,108.955091,0.350254135,
70.86708671,113.4492353,38.9294062,108.9519558,0.350160818,
70.88708871,113.446747,38.91804433,108.9488197,0.350067547,
70.90709071,113.4442639,38.90668943,108.9456828,0.349974324,
70.92709271,113.441786,38.89534147,108.9425451,0.349881147,
70.94709471,113.4393131,38.88400043,108.9394066,0.349788017,
70.96709671,113.4368453,38.87266631,108.9362673,0.349694934,
70.98709871,113.4343826,38.86133906,108.9331272,0.349601898,
71.00710071,113.4319248,38.85001868,108.9299864,0.349508907,
71.02710271,113.4294721,38.83870514,108.9268449,0.349415963,
71.04710471,113.4270244,38.82739842,108.9237027,0.349323065,
71.06710671,113.4245816,38.81609851,108.9205598,0.349230213,
71.08710871,113.4221437,38.80480538,108.9174163,0.349137407,
71.10711071,113.4197107,38.793519,108.9142722,0.349044646,
71.12711271,113.4172826,38.78223937,108.9111275,0.348951931,
71.14711471,113.4148593,38.77096646,108.9079822,0.34885926,
71.16711671,113.4124409,38.75970025,108.9048363,0.348766636,
71.18711871,113.4100273,38.74844073,108.9016899,0.348674056,
71.20712071,113.4076184,38.73718786,108.898543,0.348581521,
71.22712271,113.4052143,38.72594162,108.8953956,0.348489031,
71.24712471,113.4028149,38.71470201,108.8922478,0.348396585,
71.26712671,113.4004202,38.703469,108.8890994,0.348304184,
71.28712871,113.3980302,38.69224256,108.8859507,0.348211827,
71.30713071,113.3956449,38.68102268,108.8828016,0.348119514,
71.32713271,113.3932641,38.66980934,108.8796521,0.348027245,
71.34713471,113.390888,38.65860252,108.8765022,0.34793502,
71.36713671,113.3885164,38.64740219,108.873352,0.347842838,
71.38713871,113.3861494,38.63620834,108.8702014,0.347750701,
71.40714071,113.3837869,38.62502094,108.8670506,0.347658606,
71.42714271,113.381429,38.61383998,108.8638995,0.347566555,
71.44714471,113.3790755,38.60266543,108.8607482,0.347474547,
71.46714671,113.3767264,38.59149728,108.8575966,0.347382582,
71.48714871,113.3743818,38.5803355,108.8544449,0.347290659,
71.50715072,113.3720415,38.56918008,108.8512929,0.34719878,
71.52715272,113.3697057,38.55803098,108.8481408,0.347106942,
71.54715472,113.3673742,38.54688821,108.8449885,0.347015148,
71.56715672,113.365047,38.53575172,108.8418362,0.346923395,
71.58715872,113.3627241,38.5246215,108.8386837,0.346831684,
71.60716072,113.3604055,38.51349754,108.8355312,0.346740016,
71.62716272,113.3580912,38.50237981,108.8323786,0.346648389,
71.64716472,113.3557811,38.49126829,108.829226,0.346556804,
71.66716672,113.3534752,38.48016296,108.8260734,0.34646526,
71.68716872,113.3511734,38.4690638,108.8229208,0.346373757,
71.70717072,113.3488758,38.45797079,108.8197682,0.346282296,
71.72717272,113.3465824,38.44688391,108.8166157,0.346190876,
71.74717472,113.344293,38.43580314,108.8134633,0.346099496,
71.76717672,113.3420078,38.42472846,108.810311,0.346008158,
71.78717872,113.3397265,38.41365984,108.8071588,0.34591686,
71.80718072,113.3374493,38.40259727,108.8040067,0.345825602,
71.82718272,113.3351761,38.39154073,108.8008549,0.345734385,
71.84718472,113.3329069,38.3804902,108.7977032,0.345643207,
71.86718672,113.3306417,38.36944565,108.7945517,0.34555207,
71.88718872,113.3283803,38.35840707,108.7914005,0.345460973,
71.90719072,113.3261229,38.34737444,108.7882495,0.345369915,
71.92719272,113.3238693,38.33634773,108.7850988,0.345278897,
71.94719472,113.3216196,38.32532693,108.7819484,0.345187919,
71.96719672,113.3193738,38.31431201,108.7787983,0.345096979,
71.98719872,113.3171317,38.30330295,108.7756486,0.345006079,
72.00720072,113.3148934,38.29229974,108.7724992,0.344915217,
72.02720272,113.3126589,38.28130236,108.7693503,0.344824395,
72.04720472,113.3104281,38.27031077,108.7662017,0.344733611,
72.06720672,113.308201,38.25932497,108.7630536,0.344642866,
72.08720872,113.3059776,38.24834493,108.7599059,0.344552159,
72.10721072,113.3037578,38.23737063,108.7567587,0.34446149,
72.12721272,113.3015417,38.22640206,108.753612,0.344370859,
72.14721472,113.2993291,38.21543918,108.7504659,0.344280267,
72.16721672,113.2971202,38.20448199,108.7473202,0.344189712,
72.18721872,113.2949148,38.19353046,108.7441752,0.344099194,
72.20722072,113.2927129,38.18258456,108.7410307,0.344008714,
72.22722272,113.2905146,38.17164429,108.7378868,0.343918272,
72.24722472,113.2883197,38.16070962,108.7347436,0.343827867,
72.26722672,113.2861283,38.14978052,108.731601,0.343737498,
72.28722872,113.2839403,38.13885698,108.7284591,0.343647167,
72.30723072,113.2817557,38.12793898,108.7253179,0.343556872,
72.32723272,113.2795745,38.1170265,108.7221774,0.343466614,
72.34723472,113.2773966,38.10611952,108.7190377,0.343376393,
72.36723672,113.2752221,38.09521801,108.7158987,0.343286208,
72.38723872,113.2730509,38.08432196,108.7127605,0.343196059,
72.40724072,113.2708829,38.07343134,108.7096231,0.343105945,
72.42724272,113.2687183,38.06254615,108.7064866,0.343015868,
72.44724472,113.2665568,38.05166634,108.7033509,0.342925827,
72.46724672,113.2643986,38.04079191,108.700216,0.342835821,
72.48724872,113.2622435,38.02992284,108.6970821,0.34274585,
72.50725073,113.2600916,38.0190591,108.6939491,0.342655915,
72.52725273,113.2579429,38.00820067,108.690817,0.342566015,
72.54725473,113.2557972,37.99734754,108.6876859,0.34247615,
72.56725673,113.2536546,37.98649968,108.6845557,0.34238632,
72.58725873,113.2515151,37.97565707,108.6814266,0.342296524,
72.60726073,113.2493786,37.9648197,108.6782985,0.342206763,
72.62726273,113.2472451,37.95398753,108.6751715,0.342117036,
72.64726473,113.2451146,37.94316056,108.6720455,0.342027344,
72.66726673,113.2429871,37.93233876,108.6689206,0.341937685,
72.68726873,113.2408625,37.92152211,108.6657968,0.341848061,
72.70727073,113.2387408,37.91071059,108.6626742,0.34175847,
72.72727273,113.236622,37.89990418,108.6595527,0.341668914,
72.74727473,113.234506,37.88910286,108.6564324,0.34157939,
72.76727673,113.2323929,37.87830661,108.6533133,0.3414899,
72.78727873,113.2302826,37.86751541,108.6501955,0.341400443,
72.80728073,113.228175,37.85672923,108.6470788,0.341311019,
72.82728273,113.2260703,37.84594807,108.6439635,0.341221628,
72.84728473,113.2239682,37.83517189,108.6408494,0.34113227,
72.86728673,113.2218689,37.82440068,108.6377367,0.341042945,
72.88728873,113.2197722,37.81363441,108.6346253,0.340953652,
72.90729073,113.2176783,37.80287307,108.6315152,0.340864391,
72.92729273,113.2155869,37.79211664,108.6284066,0.340775162,
72.94729473,113.2134982,37.78136509,108.6252993,0.340685966,
72.96729673,113.211412,37.77061841,108.6221935,0.340596801,
72.98729873,113.2093284,37.75987658,108.6190891,0.340507668,
73.00730073,113.2072473,37.74913956,108.6159861,0.340418567,
73.02730273,113.2051688,37.73840735,108.6128847,0.340329497,
73.04730473,113.2030927,37.72767993,108.6097848,0.340240458,
73.06730673,113.2010191,37.71695727,108.6066864,0.340151451,
73.08730873,113.1989479,37.70623935,108.6035895,0.340062474,
73.10731073,113.1968792,37.69552615,108.6004943,0.339973529,
73.12731273,113.1948128,37.68481766,108.5974006,0.339884614,
73.14731473,113.1927488,37.67411385,108.5943085,0.339795729,
73.16731673,113.1906871,37.6634147,108.5912181,0.339706876,
73.18731873,113.1886277,37.65272019,108.5881294,0.339618052,
73.20732073,113.1865706,37.6420303,108.5850424,0.339529258,
73.22732273,113.1845158,37.63134501,108.581957,0.339440495,
73.24732473,113.1824632,37.6206643,108.5788734,0.339351761,
73.26732673,113.1804128,37.60998815,108.5757916,0.339263057,
73.28732873,113.1783646,37.59931654,108.5727115,0.339174382,
73.30733073,113.1763186,37.58864944,108.5696332,0.339085737,
73.32733273,113.1742747,37.57798685,108.5665567,0.338997121,
73.34733473,113.1722329,37.56732873,108.5634821,0.338908534,
73.36733673,113.1701932,37.55667507,108.5604094,0.338819976,
73.38733873,113.1681556,37.54602585,108.5573385,0.338731446,
73.40734073,113.16612,37.53538104,108.5542695,0.338642946,
73.42734273,113.1640864,37.52474063,108.5512025,0.338554474,
73.44734473,113.1620548,37.5141046,108.5481374,0.33846603,
73.46734673,113.1600252,37.50347292,108.5450743,0.338377614,
73.48734873,113.1579975,37.49284558,108.5420132,0.338289227,
73.50735074,113.1559717,37.48222255,108.5389541,0.338200867,
73.52735274,113.1539478,37.47160382,108.535897,0.338112535,
73.54735474,113.1519257,37.46098936,108.532842,0.338024231,
73.56735674,113.1499056,37.45037915,108.5297891,0.337935954,
73.58735874,113.1478872,37.43977318,108.5267383,0.337847704,
73.60736074,113.1458706,37.42917142,108.5236896,0.337759482,
73.62736274,113.1438557,37.41857385,108.5206431,0.337671286,
73.64736474,113.1418426,37.40798045,108.5175987,0.337583118,
73.66736674,113.1398313,37.39739121,108.5145566,0.337494976,
73.68736874,113.1378216,37.3868061,108.5115166,0.337406861,
73.70737074,113.1358135,37.37622509,108.5084789,0.337318772,
73.72737274,113.1338071,37.36564818,108.5054434,0.337230709,
73.74737474,113.1318024,37.35507534,108.5024103,0.337142673,
73.76737674,113.1297992,37.34450655,108.4993794,0.337054662,
73.78737874,113.1277976,37.33394178,108.4963509,0.336966678,
73.80738074,113.1257975,37.32338103,108.4933247,0.336878719,
73.82738274,113.1237989,37.31282426,108.4903008,0.336790785,
73.84738474,113.1218018,37.30227146,108.4872794,0.336702877,
73.86738674,113.1198062,37.29172261,108.4842604,0.336614995,
73.88738874,113.117812,37.28117769,108.4812438,0.336527137,
73.90739074,113.1158193,37.27063668,108.4782296,0.336439304,
73.92739274,113.1138279,37.26009955,108.475218,0.336351496,
73.94739474,113.1118379,37.24956628,108.4722088,0.336263713,
73.96739674,113.1098492,37.23903687,108.4692022,0.336175954,
73.98739874,113.1078619,37.22851127,108.4661981,0.33608822,
74.00740074,113.1058758,37.21798949,108.4631966,0.336000509,
74.02740274,113.103891,37.20747148,108.4601977,0.335912823,
74.04740474,113.1019075,37.19695725,108.4572014,0.335825161,
74.06740674,113.0999251,37.18644675,108.4542077,0.335737522,
74.08740874,113.097944,37.17593998,108.4512167,0.335649908,
74.10741074,113.095964,37.16543691,108.4482283,0.335562316,
74.12741274,113.0939852,37.15493753,108.4452427,0.335474748,
74.14741474,113.0920074,37.1444418,108.4422597,0.335387203,
74.16741674,113.0900308,37.13394972,108.4392795,0.335299681,
74.18741874,113.0880552,37.12346126,108.4363021,0.335212182,
74.20742074,113.0860807,37.1129764,108.4333275,0.335124706,
74.22742274,113.0841072,37.10249512,108.4303557,0.335037252,
74.24742474,113.0821347,37.09201741,108.4273867,0.334949821,
74.26742674,113.0801631,37.08154323,108.4244205,0.334862412,
74.28742874,113.0781925,37.07107257,108.4214573,0.334775025,
74.30743074,113.0762228,37.06060541,108.4184969,0.33468766,
74.32743274,113.074254,37.05014173,108.4155395,0.334600317,
74.34743474,113.0722861,37.03968151,108.412585,0.334512996,
74.36743674,113.070319,37.02922472,108.4096334,0.334425696,
74.38743874,113.0683528,37.01877136,108.4066849,0.334338418,
74.40744074,113.0663873,37.00832139,108.4037393,0.334251161,
74.42744274,113.0644226,36.99787479,108.4007968,0.334163925,
74.44744474,113.0624586,36.98743156,108.3978573,0.334076709,
74.46744674,113.0604954,36.97699166,108.3949209,0.333989515,
74.48744874,113.0585328,36.96655507,108.3919876,0.333902342,
74.50745075,113.0565709,36.95612178,108.3890574,0.333815189,
74.52745275,113.0546097,36.94569177,108.3861304,0.333728056,
74.54745475,113.052649,36.93526501,108.3832065,0.333640943,
74.56745675,113.050689,36.92484148,108.3802858,0.333553851,
74.58745875,113.0487295,36.91442117,108.3773683,0.333466779,
74.60746075,113.0467706,36.90400405,108.374454,0.333379726,
74.62746275,113.0448122,36.89359011,108.371543,0.333292693,
74.64746475,113.0428543,36.88317931,108.3686352,0.333205679,
74.66746675,113.0408969,36.87277165,108.3657308,0.333118685,
74.68746875,113.0389399,36.8623671,108.3628297,0.33303171,
74.70747075,113.0369833,36.85196564,108.3599318,0.332944754,
74.72747275,113.0350271,36.84156726,108.3570374,0.332857817,
74.74747475,113.0330713,36.83117192,108.3541463,0.332770899,
74.76747675,113.0311158,36.82077961,108.3512587,0.332683999,
74.78747875,113.0291607,36.81039031,108.3483744,0.332597118,
74.80748075,113.0272058,36.80000401,108.3454937,0.332510255,
74.82748275,113.0252513,36.78962067,108.3426163,0.33242341,
74.84748475,113.0232969,36.77924028,108.3397425,0.332336583,
74.86748675,113.0213428,36.76886282,108.3368722,0.332249774,
74.88748875,113.0193889,36.75848826,108.3340054,0.332162983,
74.90749075,113.0174351,36.7481166,108.3311422,0.332076209,
74.92749275,113.0154815,36.7377478,108.3282825,0.331989453,
74.94749475,113.0135281,36.72738185,108.3254265,0.331902714,
74.96749675,113.0115747,36.71701872,108.3225741,0.331815992,
74.98749875,113.0096214,36.7066584,108.3197253,0.331729287,
75.00750075,113.0076681,36.69630086,108.3168802,0.331642599,
75.02750275,113.0057148,36.68594609,108.3140388,0.331555927,
75.04750475,113.0037616,36.67559407,108.3112011,0.331469273,
75.06750675,113.0018083,36.66524477,108.3083671,0.331382634,
75.08750875,112.999855,36.65489817,108.3055369,0.331296012,
75.10751075,112.9979016,36.64455426,108.3027104,0.331209406,
75.12751275,112.995948,36.63421301,108.2998878,0.331122815,
75.14751475,112.9939944,36.6238744,108.297069,0.331036241,
75.16751675,112.9920406,36.61353842,108.294254,0.330949682,
75.18751875,112.9900866,36.60320503,108.2914429,0.330863139,
75.20752075,112.9881324,36.59287423,108.2886356,0.330776611,
75.22752275,112.986178,36.58254599,108.2858323,0.330690098,
75.24752475,112.9842234,36.57222029,108.2830329,0.330603601,
75.26752675,112.9822684,36.56189712,108.2802375,0.330517118,
75.28752875,112.9803132,36.55157644,108.277446,0.33043065,
75.30753075,112.9783576,36.54125824,108.2746586,0.330344197,
75.32753275,112.9764017,36.5309425,108.2718751,0.330257758,
75.34753475,112.9744454,36.5206292,108.2690957,0.330171333,
75.36753675,112.9724887,36.51031832,108.2663204,0.330084923,
75.38753875,112.9705316,36.50000983,108.2635491,0.329998526,
75.40754075,112.968574,36.48970372,108.260782,0.329912144,
75.42754275,112.966616,36.47939998,108.258019,0.329825775,
75.44754475,112.9646574,36.46909856,108.2552601,0.32973942,
75.46754675,112.9626984,36.45879947,108.2525054,0.329653078,
75.48754875,112.9607387,36.44850267,108.2497549,0.32956675,
75.50755076,112.9587785,36.43820815,108.2470086,0.329480434,
75.52755276,112.9568177,36.42791588,108.2442666,0.329394132,
75.54755476,112.9548563,36.41762584,108.2415288,0.329307842,
75.56755676,112.9528942,36.40733803,108.2387953,0.329221566,
75.58755876,112.9509314,36.3970524,108.2360661,0.329135301,
75.60756076,112.948968,36.38676895,108.2333412,0.329049049,
75.62756276,112.9470038,36.37648765,108.2306207,0.32896281,
75.64756476,112.9450389,36.36620849,108.2279046,0.328876582,
75.66756676,112.9430731,36.35593144,108.2251928,0.328790367,
75.68756876,112.9411066,36.34565648,108.2224855,0.328704163,
75.70757076,112.9391393,36.33538359,108.2197826,0.328617971,
75.72757276,112.9371711,36.32511276,108.2170841,0.32853179,
75.74757476,112.935202,36.31484395,108.2143902,0.328445621,
75.76757676,112.9332321,36.30457716,108.2117007,0.328359463,
75.78757876,112.9312612,36.29431235,108.2090158,0.328273316,
75.80758076,112.9292894,36.28404952,108.2063354,0.32818718,
75.82758276,112.9273166,36.27378864,108.2036595,0.328101055,
75.84758476,112.9253428,36.26352968,108.2009883,0.328014941,
75.86758676,112.9233679,36.25327264,108.1983217,0.327928836,
75.88758876,112.921392,36.24301748,108.1956597,0.327842743,
75.90759076,112.9194151,36.23276419,108.1930024,0.327756659,
75.92759276,112.917437,36.22251275,108.1903497,0.327670586,
75.94759476,112.9154579,36.21226313,108.1877018,0.327584522,
75.96759676,112.9134775,36.20201532,108.1850586,0.327498468,
75.98759876,112.911496,36.1917693,108.1824201,0.327412424,
76.00760076,112.9095133,36.18152505,108.1797864,0.327326389,
76.02760276,112.9075294,36.17128254,108.1771575,0.327240363,
76.04760476,112.9055443,36.16104175,108.1745334,0.327154347,
76.06760676,112.9035578,36.15080267,108.1719141,0.32706834,
76.08760876,112.9015701,36.14056528,108.1692997,0.326982341,
76.10761076,112.899581,36.13032955,108.1666901,0.326896351,
76.12761276,112.8975906,36.12009546,108.1640855,0.32681037,
76.14761476,112.8955988,36.10986299,108.1614857,0.326724397,
76.16761676,112.8936057,36.09963213,108.158891,0.326638433,
76.18761876,112.8916111,36.08940285,108.1563011,0.326552476,
76.20762076,112.889615,36.07917514,108.1537163,0.326466528,
76.22762276,112.8876175,36.06894896,108.1511365,0.326380587,
76.24762476,112.8856185,36.05872431,108.1485617,0.326294654,
76.26762676,112.8836179,36.04850116,108.1459919,0.326208729,
76.28762876,112.8816158,36.03827949,108.1434273,0.326122811,
76.30763076,112.8796122,36.02805927,108.1408677,0.3260369,
76.32763276,112.8776069,36.0178405,108.1383133,0.325950996,
76.34763476,112.8756001,36.00762315,108.135764,0.3258651,
76.36763676,112.8735915,35.9974072,108.1332198,0.32577921,
76.38763876,112.8715814,35.98719262,108.1306808,0.325693326,
76.40764076,112.8695695,35.97697941,108.1281471,0.325607449,
76.42764276,112.8675559,35.96676753,108.1256186,0.325521579,
76.44764476,112.8655405,35.95655697,108.1230953,0.325435715,
76.46764676,112.8635234,35.9463477,108.1205773,0.325349856,
76.48764876,112.8615045,35.93613972,108.1180646,0.325264004,
76.50765077,112.8594837,35.92593299,108.1155572,0.325178157,
76.52765277,112.8574611,35.91572749,108.1130551,0.325092316,
76.54765477,112.8554367,35.90552321,108.1105585,0.325006481,
76.56765677,112.8534103,35.89532013,108.1080671,0.324920651,
76.58765877,112.8513821,35.88511822,108.1055812,0.324834826,
76.60766077,112.8493518,35.87491746,108.1031008,0.324749006,
76.62766277,112.8473197,35.86471784,108.1006257,0.324663191,
76.64766477,112.8452855,35.85451934,108.0981562,0.32457738,
76.66766677,112.8432493,35.84432192,108.0956921,0.324491575,
76.68766877,112.841211,35.83412558,108.0932336,0.324405773,
76.70767077,112.8391707,35.82393029,108.0907806,0.324319976,
76.72767277,112.8371283,35.81373603,108.0883331,0.324234183,
76.74767477,112.8350838,35.80354279,108.0858912,0.324148394,
76.76767677,112.8330371,35.79335053,108.083455,0.324062609,
76.78767877,112.8309883,35.78315925,108.0810243,0.323976828,
76.80768077,112.8289373,35.77296892,108.0785993,0.32389105,
76.82768277,112.826884,35.76277952,108.07618,0.323805275,
76.84768477,112.8248285,35.75259102,108.0737663,0.323719504,
76.86768677,112.8227708,35.74240342,108.0713584,0.323633736,
76.88768877,112.8207107,35.73221669,108.0689562,0.323547971,
76.90769077,112.8186483,35.7220308,108.0665598,0.323462209,
76.92769277,112.8165836,35.71184574,108.0641691,0.323376449,
76.94769477,112.8145165,35.70166149,108.0617843,0.323290692,
76.96769677,112.812447,35.69147803,108.0594052,0.323204937,
76.98769877,112.8103751,35.68129533,108.057032,0.323119184,
77.00770077,112.8083008,35.67111338,108.0546647,0.323033434,
77.02770277,112.806224,35.66093216,108.0523033,0.322947685,
77.04770477,112.8041447,35.65075164,108.0499478,0.322861938,
77.06770677,112.8020629,35.64057181,108.0475982,0.322776193,
77.08770877,112.7999785,35.63039264,108.0452545,0.322690449,
77.10771077,112.7978916,35.62021412,108.0429169,0.322604707,
77.12771277,112.7958021,35.61003622,108.0405852,0.322518966,
77.14771477,112.79371,35.59985893,108.0382596,0.322433226,
77.16771677,112.7916152,35.58968222,108.03594,0.322347486,
77.18771877,112.7895178,35.57950607,108.0336265,0.322261748,
77.20772077,112.7874176,35.56933047,108.031319,0.32217601,
77.22772277,112.7853148,35.55915539,108.0290177,0.322090272,
77.24772477,112.7832092,35.54898081,108.0267225,0.322004535,
77.26772677,112.7811008,35.53880671,108.0244334,0.321918798,
77.28772877,112.7789897,35.52863307,108.0221505,0.321833061,
77.30773077,112.7768757,35.51845987,108.0198738,0.321747324,
77.32773277,112.7747589,35.50828709,108.0176034,0.321661587,
77.34773477,112.7726392,35.49811472,108.0153392,0.321575849,
77.36773677,112.7705167,35.48794272,108.0130812,0.32149011,
77.38773877,112.7683912,35.47777108,108.0108295,0.321404371,
77.40774077,112.7662628,35.46759978,108.0085841,0.321318631,
77.42774277,112.7641314,35.4574288,108.0063451,0.32123289,
77.44774477,112.761997,35.44725812,108.0041124,0.321147148,
77.46774677,112.7598597,35.43708772,108.0018861,0.321061404,
77.48774877,112.7577192,35.42691757,107.9996662,0.320975659,
77.50775078,112.7555757,35.41674766,107.9974527,0.320889912,
77.52775278,112.7534292,35.40657796,107.9952456,0.320804164,
77.54775478,112.7512795,35.39640846,107.993045,0.320718413,
77.56775678,112.7491266,35.38623914,107.9908509,0.320632661,
77.58775878,112.7469706,35.37606997,107.9886632,0.320546906,
77.60776078,112.7448115,35.36590094,107.9864822,0.320461149,
77.62776278,112.7426491,35.35573202,107.9843076,0.32037539,
77.64776478,112.7404834,35.3455632,107.9821396,0.320289627,
77.66776678,112.7383145,35.33539445,107.9799782,0.320203862,
77.68776878,112.7361423,35.32522575,107.9778235,0.320118095,
77.70777078,112.7339668,35.31505709,107.9756753,0.320032324,
77.72777278,112.731788,35.30488844,107.9735339,0.319946549,
77.74777478,112.7296058,35.29471978,107.9713991,0.319860772,
77.76777678,112.7274202,35.28455109,107.969271,0.319774991,
77.78777878,112.7252312,35.27438236,107.9671496,0.319689206,
77.80778078,112.7230387,35.26421355,107.965035,0.319603417,
77.82778278,112.7208428,35.25404466,107.9629272,0.319517624,
77.84778478,112.7186434,35.24387565,107.9608261,0.319431827,
77.86778678,112.7164405,35.23370652,107.9587318,0.319346026,
77.88778878,112.7142341,35.22353723,107.9566444,0.319260221,
77.90779078,112.7120241,35.21336778,107.9545639,0.319174411,
77.92779278,112.7098105,35.20319813,107.9524902,0.319088596,
77.94779478,112.7075932,35.19302827,107.9504234,0.319002776,
77.96779678,112.7053724,35.18285818,107.9483636,0.318916952,
77.98779878,112.7031479,35.17268784,107.9463107,0.318831122,
78.00780078,112.7009197,35.16251722,107.9442647,0.318745287,
78.02780278,112.6986878,35.15234632,107.9422258,0.318659446,
78.04780478,112.6964521,35.14217509,107.9401938,0.3185736,
78.06780678,112.6942127,35.13200354,107.9381689,0.318487748,
78.08780878,112.6919695,35.12183162,107.936151,0.31840189,
78.10781078,112.6897225,35.11165934,107.9341403,0.318316026,
78.12781278,112.6874717,35.10148666,107.9321366,0.318230156,
78.14781478,112.685217,35.09131356,107.93014,0.31814428,
78.16781678,112.6829584,35.08114003,107.9281506,0.318058397,
78.18781878,112.6806959,35.07096604,107.9261683,0.317972508,
78.20782078,112.6784295,35.06079157,107.9241933,0.317886611,
78.22782278,112.6761591,35.05061661,107.9222254,0.317800708,
78.24782478,112.6738847,35.04044113,107.9202648,0.317714798,
78.26782678,112.6716063,35.03026511,107.9183114,0.31762888,
78.28782878,112.6693239,35.02008853,107.9163653,0.317542955,
78.30783078,112.6670374,35.00991138,107.9144265,0.317457023,
78.32783278,112.6647469,34.99973362,107.912495,0.317371083,
78.34783478,112.6624522,34.98955525,107.9105708,0.317285135,
78.36783678,112.6601534,34.97937623,107.9086541,0.317199179,
78.38783878,112.6578504,34.96919656,107.9067447,0.317113215,
78.40784078,112.6555432,34.9590162,107.9048427,0.317027242,
78.42784278,112.6532319,34.94883515,107.9029481,0.316941262,
78.44784478,112.6509163,34.93865337,107.901061,0.316855273,
78.46784678,112.6485964,34.92847085,107.8991813,0.316769275,
78.48784878,112.6462723,34.91828757,107.8973092,0.316683268,
78.50785079,112.6439438,34.90810351,107.8954446,0.316597252,
78.52785279,112.641611,34.89791864,107.8935875,0.316511227,
78.54785479,112.6392739,34.88773295,107.8917379,0.316425193,
78.56785679,112.6369323,34.87754641,107.889896,0.316339149,
78.58785879,112.6345864,34.86735902,107.8880616,0.316253096,
78.60786079,112.632236,34.85717073,107.8862349,0.316167033,
78.62786279,112.6298812,34.84698155,107.8844158,0.31608096,
78.64786479,112.6275219,34.83679143,107.8826044,0.315994877,
78.66786679,112.6251581,34.82660037,107.8808007,0.315908784,
78.68786879,112.6227897,34.81640835,107.8790047,0.315822681,
78.70787079,112.6204168,34.80621534,107.8772165,0.315736567,
78.72787279,112.6180393,34.79602132,107.875436,0.315650443,
78.74787479,112.6156572,34.78582627,107.8736632,0.315564307,
78.76787679,112.6132704,34.77563018,107.8718983,0.315478161,
78.78787879,112.6108791,34.76543302,107.8701412,0.315392004,
78.80788079,112.608483,34.75523477,107.868392,0.315305836,
78.82788279,112.6060822,34.74503541,107.8666506,0.315219656,
78.84788479,112.6036767,34.73483492,107.8649171,0.315133464,
78.86788679,112.6012664,34.72463328,107.8631915,0.315047261,
78.88788879,112.5988514,34.71443048,107.8614739,0.314961047,
78.90789079,112.5964315,34.70422648,107.8597642,0.31487482,
78.92789279,112.5940068,34.69402127,107.8580625,0.314788581,
78.94789479,112.5915773,34.68381483,107.8563688,0.31470233,
78.96789679,112.5891428,34.67360714,107.8546831,0.314616067,
78.98789879,112.5867035,34.66339818,107.8530054,0.314529791,
79.00790079,112.5842592,34.65318792,107.8513359,0.314443502,
79.02790279,112.58181,34.64297635,107.8496744,0.314357201,
79.04790479,112.5793558,34.63276345,107.848021,0.314270886,
79.06790679,112.5768966,34.6225492,107.8463758,0.314184559,
79.08790879,112.5744323,34.61233357,107.8447387,0.314098218,
79.10791079,112.571963,34.60211654,107.8431098,0.314011863,
79.12791279,112.5694887,34.59189811,107.841489,0.313925496,
79.14791479,112.5670092,34.58167823,107.8398766,0.313839114,
79.16791679,112.5645246,34.57145691,107.8382723,0.313752718,
79.18791879,112.5620348,34.5612341,107.8366763,0.313666309,
79.20792079,112.5595398,34.5510098,107.8350886,0.313579885,
79.22792279,112.5570397,34.54078398,107.8335092,0.313493447,
79.24792479,112.5545343,34.53055663,107.8319381,0.313406995,
79.26792679,112.5520237,34.52032772,107.8303754,0.313320528,
79.28792879,112.5495078,34.51009723,107.8288211,0.313234046,
79.30793079,112.5469865,34.49986514,107.8272752,0.31314755,
79.32793279,112.54446,34.48963144,107.8257376,0.313061038,
79.34793479,112.5419281,34.47939609,107.8242085,0.312974511,
79.36793679,112.5393908,34.46915909,107.8226879,0.312887969,
79.38793879,112.5368481,34.4589204,107.8211758,0.312801411,
79.40794079,112.5343,34.44868002,107.8196722,0.312714838,
79.42794279,112.5317464,34.43843792,107.8181771,0.312628249,
79.44794479,112.5291874,34.42819407,107.8166905,0.312541643,
79.46794679,112.5266228,34.41794846,107.8152125,0.312455022,
79.48794879,112.5240527,34.40770108,107.8137431,0.312368385,
79.5079508,112.5214771,34.39745189,107.8122824,0.312281731,
79.5279528,112.5188959,34.38720087,107.8108302,0.312195061,
79.5479548,112.5163091,34.37694802,107.8093868,0.312108374,
79.5679568,112.5137166,34.3666933,107.807952,0.31202167,
79.5879588,112.5111185,34.3564367,107.8065259,0.311934949,
79.6079608,112.5085147,34.34617819,107.8051085,0.311848212,
79.6279628,112.5059053,34.33591776,107.8036999,0.311761456,
79.6479648,112.5032901,34.32565538,107.8023001,0.311674684,
79.6679668,112.5006691,34.31539104,107.800909,0.311587894,
79.6879688,112.4980424,34.30512472,107.7995268,0.311501086,
79.7079708,112.4954098,34.29485638,107.7981534,0.31141426,
79.7279728,112.4927715,34.28458603,107.7967889,0.311327417,
79.7479748,112.4901273,34.27431362,107.7954332,0.311240555,
79.7679768,112.4874772,34.26403915,107.7940864,0.311153675,
79.7879788,112.4848212,34.25376259,107.7927486,0.311066776,
79.8079808,112.4821592,34.24348392,107.7914197,0.310979859,
79.8279828,112.4794914,34.23320312,107.7900998,0.310892923,
79.8479848,112.4768175,34.22292018,107.7887889,0.310805969,
79.8679868,112.4741377,34.21263507,107.787487,0.310718995,
79.8879888,112.4714518,34.20234776,107.7861941,0.310632002,
79.9079908,112.4687599,34.19205825,107.7849102,0.31054499,
79.9279928,112.4660619,34.18176651,107.7836355,0.310457958,
79.9479948,112.4633578,34.17147251,107.7823699,0.310370907,
79.9679968,112.4606475,34.16117625,107.7811133,0.310283836,
79.9879988,112.4579311,34.15087769,107.7798659,0.310196745,
80.0080008,112.4552084,34.14057679,107.7786272,0.310109633,
80.0280028,112.4524776,34.13027322,107.7773921,0.310022494,
80.0480048,112.4497384,34.11996693,107.7761593,0.309935327,
80.0680068,112.4469909,34.10965794,107.774929,0.309848131,
80.0880088,112.4442349,34.09934627,107.7737011,0.309760908,
80.1080108,112.4414706,34.08903195,107.7724756,0.309673657,
80.1280128,112.4386981,34.078715,107.7712525,0.309586378,
80.1480148,112.4359173,34.06839544,107.7700317,0.309499072,
80.1680168,112.4331282,34.05807329,107.7688134,0.309411739,
80.1880188,112.430331,34.04774858,107.7675974,0.309324379,
80.2080208,112.4275255,34.03742133,107.7663838,0.309236992,
80.2280228,112.424712,34.02709156,107.7651726,0.309149578,
80.2480248,112.4218903,34.01675929,107.7639638,0.309062138,
80.2680268,112.4190606,34.00642455,107.7627573,0.308974672,
80.2880288,112.4162228,33.99608736,107.7615531,0.30888718,
80.3080308,112.413377,33.98574775,107.7603514,0.308799662,
80.3280328,112.4105232,33.97540572,107.7591519,0.308712118,
80.3480348,112.4076615,33.96506132,107.7579548,0.308624549,
80.3680368,112.4047918,33.95471455,107.7567601,0.308536955,
80.3880388,112.4019143,33.94436545,107.7555677,0.308449336,
80.4080408,112.3990289,33.93401404,107.7543776,0.308361692,
80.4280428,112.3961356,33.92366033,107.7531899,0.308274023,
80.4480448,112.3932346,33.91330435,107.7520045,0.30818633,
80.4680468,112.3903258,33.90294613,107.7508214,0.308098613,
80.4880488,112.3874093,33.89258568,107.7496406,0.308010872,
80.50805081,112.3844851,33.88222303,107.7484621,0.307923107,
80.52805281,112.3815532,33.8718582,107.747286,0.307835318,
80.54805481,112.3786137,33.86149122,107.7461121,0.307747506,
80.56805681,112.3756665,33.8511221,107.7449406,0.307659671,
80.58805881,112.3727118,33.84075088,107.7437713,0.307571812,
80.60806081,112.3697495,33.83037756,107.7426043,0.307483931,
80.62806281,112.3667798,33.82000218,107.7414396,0.307396027,
80.64806481,112.3638025,33.80962476,107.7402772,0.307308101,
80.66806681,112.3608178,33.79924532,107.7391171,0.307220153,
80.68806881,112.3578256,33.78886388,107.7379593,0.307132182,
80.70807081,112.3548261,33.77848046,107.7368037,0.30704419,
80.72807281,112.3518192,33.76809509,107.7356504,0.306956176,
80.74807481,112.348805,33.7577078,107.7344993,0.30686814,
80.76807681,112.3457835,33.74731859,107.7333505,0.306780084,
80.78807881,112.3427547,33.73692751,107.732204,0.306692006,
80.80808081,112.3397187,33.72653456,107.7310597,0.306603907,
80.82808281,112.3366755,33.71613977,107.7299176,0.306515788,
80.84808481,112.3336251,33.70574316,107.7287778,0.306427648,
80.86808681,112.3305676,33.69534477,107.7276402,0.306339488,
80.88808881,112.3275029,33.6849446,107.7265049,0.306251308,
80.90809081,112.3244312,33.67454268,107.7253717,0.306163109,
80.92809281,112.3213524,33.66413904,107.7242409,0.306074889,
80.94809481,112.3182667,33.65373369,107.7231122,0.30598665,
80.96809681,112.3151739,33.64332667,107.7219857,0.305898392,
80.98809881,112.3120742,33.63291799,107.7208615,0.305810114,
81.00810081,112.3089675,33.62250767,107.7197394,0.305721818,
81.02810281,112.305854,33.61209574,107.7186196,0.305633503,
81.04810481,112.3027336,33.60168222,107.7175019,0.30554517,
81.06810681,112.2996064,33.59126713,107.7163865,0.305456818,
81.08810881,112.2964724,33.5808505,107.7152732,0.305368449,
81.10811081,112.2933316,33.57043234,107.7141621,0.305280061,
81.12811281,112.290184,33.56001269,107.7130532,0.305191656,
81.14811481,112.2870298,33.54959156,107.7119465,0.305103233,
81.16811681,112.2838689,33.53916898,107.7108419,0.305014793,
81.18811881,112.2807013,33.52874497,107.7097395,0.304926336,
81.20812081,112.2775272,33.51831954,107.7086393,0.304837862,
81.22812281,112.2743464,33.50789273,107.7075413,0.304749371,
81.24812481,112.2711592,33.49746456,107.7064453,0.304660864,
81.26812681,112.2679654,33.48703505,107.7053516,0.30457234,
81.28812881,112.2647651,33.47660422,107.70426,0.304483801,
81.30813081,112.2615583,33.4661721,107.7031705,0.304395245,
81.32813281,112.2583451,33.4557387,107.7020832,0.304306674,
81.34813481,112.2551256,33.44530405,107.700998,0.304218087,
81.36813681,112.2518996,33.43486818,107.6999149,0.304129485,
81.38813881,112.2486674,33.4244311,107.698834,0.304040868,
81.40814081,112.2454288,33.41399283,107.6977552,0.303952236,
81.42814281,112.242184,33.40355341,107.6966784,0.303863589,
81.44814481,112.2389329,33.39311286,107.6956039,0.303774928,
81.46814681,112.2356757,33.38267118,107.6945314,0.303686252,
81.48814881,112.2324122,33.37222842,107.693461,0.303597562,
81.50815082,112.2291426,33.36178459,107.6923927,0.303508859,
81.52815282,112.2258669,33.35133971,107.6913265,0.303420141,
81.54815482,112.2225851,33.34089381,107.6902624,0.30333141,
81.56815682,112.2192973,33.33044691,107.6892004,0.303242666,
81.58815882,112.2160034,33.31999903,107.6881405,0.303153909,
81.60816082,112.2127036,33.30955019,107.6870827,0.303065138,
81.62816282,112.2093978,33.29910042,107.6860269,0.302976355,
81.64816482,112.2060861,33.28864974,107.6849732,0.30288756,
81.66816682,112.2027685,33.27819818,107.6839215,0.302798752,
81.68816882,112.199445,33.26774574,107.682872,0.302709932,
81.70817082,112.1961157,33.25729247,107.6818245,0.3026211,
81.72817282,112.1927805,33.24683838,107.680779,0.302532256,
81.74817482,112.1894397,33.23638349,107.6797356,0.3024434,
81.76817682,112.186093,33.22592782,107.6786942,0.302354534,
81.78817882,112.1827407,33.21547141,107.6776549,0.302265656,
81.80818082,112.1793827,33.20501426,107.6766176,0.302176767,
81.82818282,112.176019,33.19455641,107.6755823,0.302087868,
81.84818482,112.1726498,33.18409787,107.6745491,0.301998957,
81.86818682,112.1692749,33.17363868,107.6735179,0.301910037,
81.88818882,112.1658945,33.16317884,107.6724887,0.301821106,
81.90819082,112.1625086,33.15271839,107.6714615,0.301732166,
81.92819282,112.1591172,33.14225735,107.6704363,0.301643215,
81.94819482,112.1557203,33.13179573,107.6694132,0.301554255,
81.96819682,112.152318,33.12133357,107.668392,0.301465286,
81.98819882,112.1489103,33.11087088,107.6673729,0.301376307,
82.00820082,112.1454972,33.10040769,107.6663557,0.30128732,
82.02820282,112.1420788,33.08994402,107.6653405,0.301198324,
82.04820482,112.1386551,33.0794799,107.6643273,0.301109319,
82.06820682,112.1352262,33.06901534,107.6633161,0.301020306,
82.08820882,112.1317919,33.05855036,107.6623069,0.300931284,
82.10821082,112.1283525,33.048085,107.6612996,0.300842255,
82.12821282,112.1249079,33.03761927,107.6602943,0.300753218,
82.14821482,112.1214582,33.0271532,107.659291,0.300664173,
82.16821682,112.1180033,33.0166868,107.6582896,0.300575121,
82.18821882,112.1145434,33.00622011,107.6572902,0.300486061,
82.20822082,112.1110784,32.99575314,107.6562927,0.300396995,
82.22822282,112.1076084,32.98528592,107.6552972,0.300307922,
82.24822482,112.1041333,32.97481846,107.6543036,0.300218842,
82.26822682,112.1006534,32.9643508,107.653312,0.300129756,
82.28822882,112.0971685,32.95388295,107.6523223,0.300040663,
82.30823082,112.0936787,32.94341495,107.6513345,0.299951565,
82.32823282,112.090184,32.9329468,107.6503487,0.299862461,
82.34823482,112.0866845,32.92247853,107.6493648,0.299773351,
82.36823682,112.0831802,32.91201017,107.6483828,0.299684236,
82.38823882,112.0796711,32.90154173,107.6474027,0.299595115,
82.40824082,112.0761573,32.89107325,107.6464245,0.29950599,
82.42824282,112.0726388,32.88060474,107.6454482,0.299416859,
82.44824482,112.0691156,32.87013622,107.6444738,0.299327724,
82.46824682,112.0655877,32.85966772,107.6435013,0.299238585,
82.48824882,112.0620552,32.84919927,107.6425307,0.299149441,
82.50825083,112.0585182,32.83873088,107.641562,0.299060294,
82.52825283,112.0549766,32.82826257,107.6405952,0.298971142,
82.54825483,112.0514304,32.81779438,107.6396303,0.298881987,
82.56825683,112.0478798,32.80732631,107.6386672,0.298792829,
82.58825883,112.0443247,32.7968584,107.637706,0.298703667,
82.60826083,112.0407652,32.78639067,107.6367467,0.298614502,
82.62826283,112.0372013,32.77592313,107.6357892,0.298525334,
82.64826483,112.033633,32.76545582,107.6348336,0.298436164,
82.66826683,112.0300604,32.75498875,107.6338798,0.298346991,
82.68826883,112.0264834,32.74452195,107.6329279,0.298257816,
82.70827083,112.0229022,32.73405545,107.6319778,0.298168639,
82.72827283,112.0193168,32.72358925,107.6310296,0.29807946,
82.74827483,112.0157271,32.71312339,107.6300832,0.29799028,
82.76827683,112.0121333,32.70265789,107.6291387,0.297901098,
82.78827883,112.0085353,32.69219276,107.628196,0.297811915,
82.80828083,112.0049332,32.68172805,107.627255,0.29772273,
82.82828283,112.001327,32.67126375,107.626316,0.297633545,
82.84828483,111.9977167,32.66079991,107.6253787,0.297544359,
82.86828683,111.9941024,32.65033654,107.6244432,0.297455173,
82.88828883,111.9904842,32.63987366,107.6235096,0.297365986,
82.90829083,111.9868619,32.6294113,107.6225777,0.2972768,
82.92829283,111.9832357,32.61894948,107.6216477,0.297187613,
82.94829483,111.9796057,32.60848822,107.6207194,0.297098427,
82.96829683,111.9759717,32.59802754,107.619793,0.297009241,
82.98829883,111.972334,32.58756747,107.6188683,0.296920056,
83.00830083,111.9686924,32.57710804,107.6179454,0.296830872,
83.02830283,111.965047,32.56664925,107.6170243,0.296741689,
83.04830483,111.9613979,32.55619114,107.6161049,0.296652507,
83.06830683,111.9577451,32.54573373,107.6151873,0.296563327,
83.08830883,111.9540886,32.53527704,107.6142715,0.296474149,
83.10831083,111.9504285,32.52482109,107.6133575,0.296384972,
83.12831283,111.9467647,32.5143659,107.6124452,0.296295798,
83.14831483,111.9430973,32.50391151,107.6115346,0.296206626,
83.16831683,111.9394264,32.49345793,107.6106258,0.296117456,
83.18831883,111.935752,32.48300518,107.6097188,0.296028289,
83.20832083,111.932074,32.47255328,107.6088134,0.295939125,
83.22832283,111.9283926,32.46210227,107.6079099,0.295849964,
83.24832483,111.9247078,32.45165216,107.607008,0.295760806,
83.26832683,111.9210195,32.44120297,107.6061079,0.295671652,
83.28832883,111.9173279,32.43075473,107.6052095,0.295582502,
83.30833083,111.913633,32.42030746,107.6043128,0.295493355,
83.32833283,111.9099347,32.40986118,107.6034178,0.295404212,
83.34833483,111.9062332,32.39941592,107.6025245,0.295315074,
83.36833683,111.9025284,32.38897169,107.601633,0.29522594,
83.38833883,111.8988204,32.37852852,107.6007431,0.295136811,
83.40834083,111.8951092,32.36808644,107.599855,0.295047687,
83.42834283,111.8913949,32.35764546,107.5989685,0.294958568,
83.44834483,111.8876775,32.34720561,107.5980837,0.294869454,
83.46834683,111.8839569,32.33676692,107.5972006,0.294780346,
83.48834883,111.8802333,32.32632939,107.5963192,0.294691243,
83.50835084,111.8765067,32.31589306,107.5954395,0.294602146,
83.52835284,111.872777,32.30545795,107.5945614,0.294513055,
83.54835484,111.8690445,32.29502409,107.593685,0.294423971,
83.56835684,111.8653089,32.28459148,107.5928102,0.294334893,
83.58835884,111.8615705,32.27416016,107.5919371,0.294245821,
83.60836084,111.8578292,32.26373016,107.5910657,0.294156757,
83.62836284,111.854085,32.25330148,107.5901959,0.294067699,
83.64836484,111.8503381,32.24287416,107.5893278,0.293978649,
83.66836684,111.8465884,32.23244822,107.5884613,0.293889606,
83.68836884,111.8428359,32.22202367,107.5875964,0.293800571,
83.70837084,111.8390807,32.21160055,107.5867332,0.293711543,
83.72837284,111.8353228,32.20117888,107.5858716,0.293622524,
83.74837484,111.8315623,32.19075867,107.5850116,0.293533513,
83.76837684,111.8277991,32.18033995,107.5841533,0.29344451,
83.78837884,111.8240333,32.16992275,107.5832966,0.293355516,
83.80838084,111.820265,32.15950708,107.5824414,0.293266531,
83.82838284,111.8164942,32.14909297,107.5815879,0.293177555,
83.84838484,111.8127209,32.13868044,107.580736,0.293088588,
83.86838684,111.808945,32.12826952,107.5798857,0.29299963,
83.88838884,111.8051668,32.11786022,107.579037,0.292910682,
83.90839084,111.8013862,32.10745257,107.5781898,0.292821744,
83.92839284,111.7976031,32.09704659,107.5773443,0.292732816,
83.94839484,111.7938178,32.08664231,107.5765003,0.292643898,
83.96839684,111.7900301,32.07623975,107.5756579,0.292554991,
83.98839884,111.7862401,32.06583892,107.5748171,0.292466094,
84.00840084,111.7824479,32.05543986,107.5739779,0.292377208,
84.02840284,111.7786535,32.04504258,107.5731402,0.292288333,
84.04840484,111.7748569,32.03464711,107.5723041,0.292199469,
84.06840684,111.7710581,32.02425347,107.5714695,0.292110617,
84.08840884,111.7672572,32.01386168,107.5706365,0.292021776,
84.10841084,111.7634543,32.00347177,107.5698051,0.291932947,
84.12841284,111.7596492,31.99308376,107.5689751,0.29184413,
84.14841484,111.7558421,31.98269767,107.5681468,0.291755325,
84.16841684,111.7520331,31.97231352,107.5673199,0.291666533,
84.18841884,111.748222,31.96193134,107.5664946,0.291577753,
84.20842084,111.744409,31.95155114,107.5656708,0.291488986,
84.22842284,111.7405942,31.94117296,107.5648486,0.291400232,
84.24842484,111.7367774,31.93079681,107.5640278,0.291311491,
84.26842684,111.7329588,31.92042272,107.5632086,0.291222764,
84.28842884,111.7291384,31.91005071,107.5623909,0.29113405,
84.30843084,111.7253162,31.8996808,107.5615746,0.29104535,
84.32843284,111.7214922,31.88931302,107.5607599,0.290956663,
84.34843484,111.7176665,31.87894738,107.5599467,0.290867991,
84.36843684,111.7138392,31.86858392,107.559135,0.290779334,
84.38843884,111.7100102,31.85822264,107.5583247,0.290690691,
84.40844084,111.7061795,31.84786358,107.557516,0.290602063,
84.42844284,111.7023473,31.83750676,107.5567087,0.290513449,
84.44844484,111.6985135,31.8271522,107.5559029,0.290424851,
84.46844684,111.6946781,31.81679993,107.5550986,0.290336268,
84.48844884,111.6908413,31.80644996,107.5542957,0.290247701,
84.50845085,111.687003,31.79610232,107.5534944,0.29015915,
84.52845285,111.6831633,31.78575703,107.5526944,0.290070614,
84.54845485,111.6793221,31.77541411,107.5518959,0.289982095,
84.56845685,111.6754796,31.76507359,107.5510989,0.289893592,
84.58845885,111.6716357,31.75473549,107.5503033,0.289805105,
84.60846085,111.6677905,31.74439983,107.5495092,0.289716636,
84.62846285,111.6639441,31.73406664,107.5487165,0.289628183,
84.64846485,111.6600963,31.72373593,107.5479252,0.289539747,
84.66846685,111.6562474,31.71340773,107.5471353,0.289451329,
84.68846885,111.6523973,31.70308207,107.5463469,0.289362928,
84.70847085,111.648546,31.69275896,107.5455599,0.289274545,
84.72847285,111.6446936,31.68243842,107.5447743,0.28918618,
84.74847485,111.64084,31.67212049,107.5439902,0.289097833,
84.76847685,111.6369855,31.66180519,107.5432074,0.289009504,
84.78847885,111.6331298,31.65149252,107.5424261,0.288921194,
84.80848085,111.6292732,31.64118253,107.5416461,0.288832903,
84.82848285,111.6254156,31.63087523,107.5408675,0.28874463,
84.84848485,111.6215571,31.62057064,107.5400904,0.288656377,
84.86848685,111.6176977,31.61026878,107.5393146,0.288568143,
84.88848885,111.6138374,31.59996969,107.5385402,0.288479929,
84.90849085,111.6099762,31.58967338,107.5377671,0.288391734,
84.92849285,111.6061142,31.57937987,107.5369955,0.288303559,
84.94849485,111.6022515,31.56908919,107.5362252,0.288215404,
84.96849685,111.5983879,31.55880135,107.5354563,0.28812727,
84.98849885,111.5945237,31.5485164,107.5346887,0.288039156,
85.00850085,111.5906588,31.53823433,107.5339225,0.287951062,
85.02850285,111.5867932,31.52795518,107.5331577,0.28786299,
85.04850485,111.582927,31.51767898,107.5323942,0.287774939,
85.06850685,111.5790602,31.50740573,107.531632,0.287686909,
85.08850885,111.5751928,31.49713547,107.5308712,0.2875989,
85.10851085,111.5713249,31.48686822,107.5301117,0.287510914,
85.12851285,111.5674564,31.476604,107.5293536,0.287422949,
85.14851485,111.5635875,31.46634284,107.5285968,0.287335006,
85.16851685,111.5597182,31.45608475,107.5278413,0.287247085,
85.18851885,111.5558485,31.44582976,107.5270871,0.287159187,
85.20852085,111.5519783,31.43557789,107.5263342,0.287071312,
85.22852285,111.5481079,31.42532916,107.5255827,0.28698346,
85.24852485,111.5442371,31.4150836,107.5248324,0.28689563,
85.26852685,111.540366,31.40484123,107.5240835,0.286807824,
85.28852885,111.5364947,31.39460207,107.5233358,0.286720042,
85.30853085,111.5326231,31.38436615,107.5225895,0.286632283,
85.32853285,111.5287514,31.37413348,107.5218444,0.286544547,
85.34853485,111.5248794,31.3639041,107.5211006,0.286456836,
85.36853685,111.5210074,31.35367801,107.5203581,0.28636915,
85.38853885,111.5171353,31.34345525,107.5196169,0.286281487,
85.40854085,111.5132631,31.33323584,107.5188769,0.28619385,
85.42854285,111.5093908,31.3230198,107.5181382,0.286106237,
85.44854485,111.5055186,31.31280716,107.5174008,0.286018649,
85.46854685,111.5016463,31.30259792,107.5166647,0.285931087,
85.48854885,111.4977742,31.29239213,107.5159297,0.28584355,
85.50855086,111.4939021,31.2821898,107.5151961,0.285756038,
85.52855286,111.4900301,31.27199095,107.5144637,0.285668553,
85.54855486,111.4861583,31.26179561,107.5137325,0.285581093,
85.56855686,111.4822867,31.2516038,107.5130026,0.28549366,
85.58855886,111.4784153,31.24141554,107.5122739,0.285406253,
85.60856086,111.4745441,31.23123085,107.5115464,0.285318873,
85.62856286,111.4706732,31.22104976,107.5108202,0.28523152,
85.64856486,111.4668026,31.21087229,107.5100951,0.285144194,
85.66856686,111.4629324,31.20069846,107.5093713,0.285056895,
85.68856886,111.4590625,31.1905283,107.5086487,0.284969623,
85.70857086,111.455193,31.18036183,107.5079274,0.284882379,
85.72857286,111.4513239,31.17019906,107.5072072,0.284795163,
85.74857486,111.4474554,31.16004003,107.5064882,0.284707975,
85.76857686,111.4435873,31.14988476,107.5057704,0.284620815,
85.78857886,111.4397197,31.13973326,107.5050538,0.284533683,
85.80858086,111.4358527,31.12958556,107.5043384,0.28444658,
85.82858286,111.4319862,31.11944169,107.5036242,0.284359506,
85.84858486,111.4281204,31.10930166,107.5029111,0.284272461,
85.86858686,111.4242552,31.0991655,107.5021993,0.284185445,
85.88858886,111.4203907,31.08903323,107.5014886,0.284098459,
85.90859086,111.416527,31.07890488,107.500779,0.284011502,
85.92859286,111.4126639,31.06878046,107.5000707,0.283924575,
85.94859486,111.4088017,31.05866001,107.4993635,0.283837678,
85.96859686,111.4049402,31.04854353,107.4986574,0.283750811,
85.98859886,111.4010796,31.03843106,107.4979525,0.283663975,
86.00860086,111.3972198,31.02832262,107.4972487,0.283577169,
86.02860286,111.393361,31.01821823,107.4965461,0.283490394,
86.04860486,111.3895031,31.00811791,107.4958446,0.28340365,
86.06860686,111.3856461,30.99802168,107.4951442,0.283316937,
86.08860886,111.3817901,30.98792957,107.494445,0.283230256,
86.10861086,111.3779352,30.97784161,107.4937469,0.283143606,
86.12861286,111.3740813,30.9677578,107.4930499,0.283056988,
86.14861486,111.3702284,30.95767819,107.492354,0.282970402,
86.16861686,111.3663767,30.94760278,107.4916592,0.282883848,
86.18861886,111.3625262,30.9375316,107.4909656,0.282797326,
86.20862086,111.3586768,30.92746468,107.490273,0.282710837,
86.22862286,111.3548287,30.91740203,107.4895816,0.282624381,
86.24862486,111.3509817,30.90734368,107.4888912,0.282537958,
86.26862686,111.3471361,30.89728966,107.4882019,0.282451568,
86.28862886,111.3432917,30.88723997,107.4875137,0.282365211,
86.30863086,111.3394487,30.87719466,107.4868266,0.282278888,
86.32863286,111.3356071,30.86715373,107.4861406,0.282192599,
86.34863486,111.3317668,30.85711722,107.4854556,0.282106343,
86.36863686,111.327928,30.84708514,107.4847717,0.282020122,
86.38863886,111.3240907,30.83705752,107.4840889,0.281933935,
86.40864086,111.3202548,30.82703438,107.4834071,0.281847783,
86.42864286,111.3164204,30.81701575,107.4827264,0.281761665,
86.44864486,111.3125876,30.80700164,107.4820468,0.281675583,
86.46864686,111.3087564,30.79699207,107.4813681,0.281589535,
86.48864886,111.3049268,30.78698708,107.4806906,0.281503523,
86.50865087,111.3010989,30.77698668,107.480014,0.281417546,
86.52865287,111.2972726,30.7669909,107.4793385,0.281331605,
86.54865487,111.293448,30.75699976,107.4786641,0.281245701,
86.56865687,111.2896252,30.74701328,107.4779906,0.281159832,
86.58865887,111.2858041,30.73703148,107.4773182,0.281073999,
86.60866087,111.2819849,30.72705439,107.4766468,0.280988203,
86.62866287,111.2781674,30.71708203,107.4759764,0.280902444,
86.64866487,111.2743519,30.70711442,107.475307,0.280816722,
86.66866687,111.2705382,30.69715159,107.4746386,0.280731037,
86.68866887,111.2667265,30.68719355,107.4739713,0.280645389,
86.70867087,111.2629167,30.67724033,107.4733049,0.280559779,
86.72867287,111.2591089,30.66729196,107.4726395,0.280474206,
86.74867487,111.2553031,30.65734845,107.4719751,0.280388672,
86.76867687,111.2514994,30.64740983,107.4713117,0.280303175,
86.78867887,111.2476978,30.63747612,107.4706492,0.280217717,
86.80868087,111.2438982,30.62754734,107.4699878,0.280132297,
86.82868287,111.2401008,30.61762352,107.4693273,0.280046916,
86.84868487,111.2363056,30.60770468,107.4686677,0.279961574,
86.86868687,111.2325126,30.59779084,107.4680092,0.279876271,
86.88868887,111.2287219,30.58788202,107.4673516,0.279791008,
86.90869087,111.2249334,30.57797825,107.4666949,0.279705783,
86.92869287,111.2211472,30.56807955,107.4660392,0.279620599,
86.94869487,111.2173633,30.55818594,107.4653844,0.279535454,
86.96869687,111.2135818,30.54829745,107.4647306,0.27945035,
86.98869887,111.2098027,30.53841409,107.4640777,0.279365286,
87.00870087,111.206026,30.52853589,107.4634258,0.279280262,
87.02870287,111.2022518,30.51866288,107.4627747,0.279195279,
87.04870487,111.1984801,30.50879507,107.4621246,0.279110337,
87.06870687,111.1947108,30.49893248,107.4614755,0.279025436,
87.08870887,111.1909442,30.48907515,107.4608272,0.278940576,
87.10871087,111.1871801,30.47922309,107.4601798,0.278855758,
87.12871287,111.1834186,30.46937633,107.4595334,0.278770981,
87.14871487,111.1796598,30.45953488,107.4588879,0.278686246,
87.16871687,111.1759036,30.44969878,107.4582432,0.278601554,
87.18871887,111.1721502,30.43986804,107.4575995,0.278516903,
87.20872087,111.1683994,30.43004269,107.4569566,0.278432295,
87.22872287,111.1646515,30.42022274,107.4563146,0.27834773,
87.24872487,111.1609063,30.41040823,107.4556735,0.278263208,
87.26872687,111.157164,30.40059917,107.4550333,0.278178729,
87.28872887,111.1534245,30.39079559,107.454394,0.278094292,
87.30873087,111.149688,30.3809975,107.4537555,0.2780099,
87.32873287,111.1459543,30.37120494,107.4531179,0.277925551,
87.34873487,111.1422236,30.36141793,107.4524811,0.277841246,
87.36873687,111.1384959,30.35163648,107.4518452,0.277756985,
87.38873887,111.1347712,30.34186062,107.4512102,0.277672768,
87.40874087,111.1310496,30.33209038,107.450576,0.277588596,
87.42874287,111.127331,30.32232577,107.4499426,0.277504468,
87.44874487,111.1236156,30.31256682,107.4493101,0.277420385,
87.46874687,111.1199033,30.30281355,107.4486784,0.277336347,
87.48874887,111.1161941,30.29306598,107.4480476,0.277252355,
87.50875088,111.1124882,30.28332414,107.4474176,0.277168408,
87.52875288,111.1087855,30.27358804,107.4467884,0.277084506,
87.54875488,111.1050861,30.26385772,107.44616,0.27700065,
87.56875688,111.1013899,30.25413319,107.4455324,0.276916841,
87.58875888,111.0976971,30.24441448,107.4449057,0.276833077,
87.60876088,111.0940077,30.23470161,107.4442797,0.27674936,
87.62876288,111.0903216,30.2249946,107.4436545,0.27666569,
87.64876488,111.086639,30.21529348,107.4430302,0.276582067,
87.66876688,111.0829598,30.20559826,107.4424066,0.27649849,
87.68876888,111.0792841,30.19590897,107.4417838,0.276414961,
87.70877088,111.0756119,30.18622564,107.4411618,0.276331479,
87.72877288,111.0719433,30.17654828,107.4405406,0.276248045,
87.74877488,111.0682782,30.16687692,107.4399202,0.276164658,
87.76877688,111.0646168,30.15721157,107.4393005,0.27608132,
87.78877888,111.060959,30.14755227,107.4386816,0.275998029,
87.80878088,111.0573048,30.13789904,107.4380635,0.275914788,
87.82878288,111.0536544,30.1282519,107.4374461,0.275831594,
87.84878488,111.0500077,30.11861086,107.4368295,0.27574845,
87.86878688,111.0463648,30.10897596,107.4362136,0.275665354,
87.88878888,111.0427256,30.09934722,107.4355985,0.275582308,
87.90879088,111.0390903,30.08972466,107.4349841,0.275499311,
87.92879288,111.0354589,30.08010829,107.4343704,0.275416364,
87.94879488,111.0318313,30.07049816,107.4337575,0.275333467,
87.96879688,111.0282077,30.06089427,107.4331453,0.275250619,
87.98879888,111.024588,30.05129664,107.4325338,0.275167822,
88.00880088,111.0209723,30.04170531,107.4319231,0.275085075,
88.02880288,111.0173606,30.0321203,107.4313131,0.275002379,
88.04880488,111.0137529,30.02254162,107.4307037,0.274919733,
88.06880688,111.0101493,30.01296931,107.4300951,0.274837139,
88.08880888,111.0065499,30.00340337,107.4294872,0.274754595,
88.10881088,111.0029545,29.99384385,107.42888,0.274672103,
88.12881288,110.9993634,29.98429075,107.4282735,0.274589663,
88.14881488,110.9957764,29.9747441,107.4276677,0.274507274,
88.16881688,110.9921937,29.96520392,107.4270625,0.274424937,
88.18881888,110.9886152,29.95567024,107.4264581,0.274342653,
88.20882088,110.9850411,29.94614308,107.4258543,0.274260421,
88.22882288,110.9814712,29.93662246,107.4252512,0.274178241,
88.24882488,110.9779057,29.92710841,107.4246488,0.274096114,
88.26882688,110.9743446,29.91760094,107.424047,0.27401404,
88.28882888,110.9707879,29.90810008,107.4234459,0.27393202,
88.30883088,110.9672357,29.89860585,107.4228454,0.273850052,
88.32883288,110.963688,29.88911828,107.4222456,0.273768138,
88.34883488,110.9601447,29.87963738,107.4216465,0.273686278,
88.36883688,110.956606,29.87016319,107.4210479,0.273604472,
88.38883888,110.9530719,29.86069571,107.4204501,0.27352272,
88.40884088,110.9495424,29.85123499,107.4198528,0.273441022,
88.42884288,110.9460175,29.84178103,107.4192562,0.273359379,
88.44884488,110.9424973,29.83233386,107.4186603,0.273277791,
88.46884688,110.9389818,29.8228935,107.4180649,0.273196257,
88.48884888,110.9354711,29.81345998,107.4174702,0.273114779,
88.50885089,110.931965,29.80403332,107.416876,0.273033356,
88.52885289,110.9284638,29.79461354,107.4162825,0.272951989,
88.54885489,110.9249674,29.78520067,107.4156896,0.272870677,
88.56885689,110.9214759,29.77579472,107.4150973,0.272789421,
88.58885889,110.9179892,29.76639572,107.4145056,0.272708221,
88.60886089,110.9145075,29.75700369,107.4139145,0.272627078,
88.62886289,110.9110307,29.74761865,107.4133239,0.272545991,
88.64886489,110.9075589,29.73824063,107.412734,0.272464961,
88.66886689,110.9040921,29.72886966,107.4121446,0.272383988,
88.68886889,110.9006303,29.71950574,107.4115558,0.272303072,
88.70887089,110.8971737,29.71014891,107.4109676,0.272222213,
88.72887289,110.8937221,29.70079919,107.41038,0.272141412,
88.74887489,110.8902756,29.6914566,107.4097929,0.272060668,
88.76887689,110.8868344,29.68212116,107.4092064,0.271979982,
88.78887889,110.8833983,29.67279289,107.4086204,0.271899355,
88.80888089,110.8799674,29.66347183,107.408035,0.271818785,
88.82888289,110.8765419,29.65415798,107.4074501,0.271738275,
88.84888489,110.8731216,29.64485138,107.4068658,0.271657822,
88.86888689,110.8697066,29.63555204,107.406282,0.271577429,
88.88888889,110.866297,29.62626,107.4056987,0.271497095,
88.90889089,110.8628927,29.61697526,107.405116,0.27141682,
88.92889289,110.8594939,29.60769786,107.4045337,0.271336605,
88.94889489,110.8561006,29.59842782,107.403952,0.271256449,
88.96889689,110.8527127,29.58916516,107.4033709,0.271176354,
88.98889889,110.8493303,29.57990989,107.4027902,0.271096318,
89.00890089,110.8459534,29.57066206,107.4022101,0.271016342,
89.02890289,110.8425822,29.56142167,107.4016304,0.270936427,
89.04890489,110.8392165,29.55218875,107.4010513,0.270856573,
89.06890689,110.8358565,29.54296332,107.4004726,0.27077678,
89.08890889,110.8325021,29.53374541,107.3998944,0.270697047,
89.10891089,110.8291534,29.52453503,107.3993168,0.270617376,
89.12891289,110.8258105,29.51533222,107.3987396,0.270537767,
89.14891489,110.8224733,29.50613699,107.3981628,0.270458219,
89.16891689,110.8191419,29.49694936,107.3975866,0.270378733,
89.18891889,110.8158163,29.48776937,107.3970108,0.270299309,
89.20892089,110.8124966,29.47859702,107.3964355,0.270219947,
89.22892289,110.8091828,29.46943235,107.3958607,0.270140648,
89.24892489,110.8058749,29.46027538,107.3952863,0.270061411,
89.26892689,110.8025729,29.45112613,107.3947123,0.269982237,
89.28892889,110.7992769,29.44198461,107.3941388,0.269903126,
89.30893089,110.7959869,29.43285086,107.3935658,0.269824079,
89.32893289,110.7927029,29.4237249,107.3929932,0.269745095,
89.34893489,110.7894251,29.41460675,107.392421,0.269666174,
89.36893689,110.7861533,29.40549643,107.3918493,0.269587318,
89.38893889,110.7828876,29.39639397,107.391278,0.269508525,
89.40894089,110.7796282,29.38729938,107.3907071,0.269429797,
89.42894289,110.7763749,29.3782127,107.3901366,0.269351133,
89.44894489,110.7731278,29.36913393,107.3895665,0.269272534,
89.46894689,110.769887,29.36006312,107.3889969,0.269193999,
89.48894889,110.7666525,29.35100027,107.3884277,0.26911553,
89.5089509,110.7634243,29.34194541,107.3878588,0.269037126,
89.5289529,110.7602025,29.33289857,107.3872904,0.268958787,
89.5489549,110.756987,29.32385976,107.3867223,0.268880514,
89.5689569,110.7537779,29.31482901,107.3861547,0.268802307,
89.5889589,110.7505753,29.30580634,107.3855874,0.268724165,
89.6089609,110.7473792,29.29679178,107.3850205,0.26864609,
89.6289629,110.7441896,29.28778534,107.384454,0.268568082,
89.6489649,110.7410065,29.27878706,107.3838878,0.268490139,
89.6689669,110.73783,29.26979694,107.3833221,0.268412264,
89.6889689,110.7346601,29.26081502,107.3827567,0.268334456,
89.7089709,110.7314968,29.25184132,107.3821916,0.268256715,
89.7289729,110.7283402,29.24287586,107.3816269,0.268179041,
89.7489749,110.7251902,29.23391866,107.3810626,0.268101435,
89.7689769,110.722047,29.22496974,107.3804986,0.268023897,
89.7889789,110.7189106,29.21602914,107.3799349,0.267946427,
89.8089809,110.7157809,29.20709686,107.3793716,0.267869025,
89.8289829,110.7126581,29.19817294,107.3788086,0.267791691,
89.8489849,110.7095421,29.18925739,107.3782459,0.267714426,
89.8689869,110.706433,29.18035025,107.3776836,0.26763723,
89.8889889,110.7033308,29.17145152,107.3771216,0.267560102,
89.9089909,110.7002355,29.16256124,107.3765599,0.267483044,
89.9289929,110.6971473,29.15367942,107.3759985,0.267406055,
89.9489949,110.694066,29.1448061,107.3754374,0.267329136,
89.9689969,110.6909917,29.13594128,107.3748767,0.267252287,
89.9889989,110.6879246,29.127085,107.3743162,0.267175507,
90.0090009,110.6848633,29.11823696,107.3737562,0.267098795,
90.0290029,110.6817991,29.10939475,107.3731983,0.267022127,
90.0490049,110.6787303,29.10055789,107.3726429,0.266945498,
90.0690069,110.6756568,29.09172636,107.3720898,0.266868909,
90.0890089,110.6725788,29.08290017,107.371539,0.266792359,
90.1090109,110.6694963,29.07407929,107.3709907,0.266715848,
90.1290129,110.6664092,29.06526372,107.3704447,0.266639377,
90.1490149,110.6633177,29.05645345,107.369901,0.266562945,
90.1690169,110.6602217,29.04764846,107.3693596,0.266486552,
90.1890189,110.6571213,29.03884876,107.3688206,0.266410198,
90.2090209,110.6540166,29.03005433,107.3682838,0.266333883,
90.2290229,110.6509076,29.02126515,107.3677494,0.266257607,
90.2490249,110.6477942,29.01248123,107.3672172,0.26618137,
90.2690269,110.6446767,29.00370255,107.3666873,0.266105172,
90.2890289,110.6415549,28.99492911,107.3661597,0.266029013,
90.3090309,110.6384289,28.98616088,107.3656343,0.265952892,
90.3290329,110.6352989,28.97739787,107.3651112,0.265876811,
90.3490349,110.6321647,28.96864006,107.3645902,0.265800767,
90.3690369,110.6290264,28.95988745,107.3640715,0.265724763,
90.3890389,110.6258842,28.95114002,107.363555,0.265648797,
90.4090409,110.6227379,28.94239776,107.3630407,0.265572869,
90.4290429,110.6195877,28.93366067,107.3625286,0.26549698,
90.4490449,110.6164336,28.92492874,107.3620186,0.265421129,
90.4690469,110.6132756,28.91620195,107.3615108,0.265345316,
90.4890489,110.6101138,28.9074803,107.3610051,0.265269541,
90.50905091,110.6069481,28.89876377,107.3605016,0.265193805,
90.52905291,110.6037787,28.89005237,107.3600001,0.265118107,
90.54905491,110.6006056,28.88134607,107.3595008,0.265042447,
90.56905691,110.5974288,28.87264487,107.3590036,0.264966825,
90.58905891,110.5942483,28.86394876,107.3585085,0.264891241,
90.60906091,110.5910642,28.85525773,107.3580155,0.264815694,
90.62906291,110.5878766,28.84657177,107.3575245,0.264740186,
90.64906491,110.5846853,28.83789087,107.3570356,0.264664715,
90.66906691,110.5814906,28.82921502,107.3565487,0.264589282,
90.68906891,110.5782924,28.82054422,107.3560639,0.264513887,
90.70907091,110.5750908,28.81187844,107.3555811,0.264438529,
90.72907291,110.5718858,28.80321769,107.3551003,0.264363209,
90.74907491,110.5686774,28.79456195,107.3546215,0.264287926,
90.76907691,110.5654658,28.78591122,107.3541447,0.264212681,
90.78907891,110.5622508,28.77726547,107.3536698,0.264137473,
90.80908091,110.5590326,28.76862472,107.3531969,0.264062303,
90.82908291,110.5558111,28.75998893,107.352726,0.263987169,
90.84908491,110.5525865,28.75135812,107.352257,0.263912073,
90.86908691,110.5493588,28.74273226,107.35179,0.263837014,
90.88908891,110.546128,28.73411134,107.3513248,0.263761992,
90.90909091,110.5428941,28.72549536,107.3508616,0.263687007,
90.92909291,110.5396572,28.71688431,107.3504003,0.263612059,
90.94909491,110.5364173,28.70827818,107.3499409,0.263537148,
90.96909691,110.5331744,28.69967695,107.3494833,0.263462274,
90.98909891,110.5299286,28.69108063,107.3490276,0.263387437,
91.00910091,110.52668,28.68248919,107.3485737,0.263312636,
91.02910291,110.5234285,28.67390263,107.3481217,0.263237872,
91.04910491,110.5201742,28.66532095,107.3476716,0.263163145,
91.06910691,110.5169172,28.65674412,107.3472232,0.263088454,
91.08910891,110.5136574,28.64817214,107.3467766,0.2630138,
91.10911091,110.5103949,28.63960501,107.3463319,0.262939182,
91.12911291,110.5071298,28.63104271,107.3458889,0.2628646,
91.14911491,110.5038621,28.62248523,107.3454477,0.262790055,
91.16911691,110.5005917,28.61393256,107.3450083,0.262715546,
91.18911891,110.4973189,28.6053847,107.3445706,0.262641074,
91.20912091,110.4940435,28.59684163,107.3441346,0.262566637,
91.22912291,110.4907657,28.58830334,107.3437004,0.262492237,
91.24912491,110.4874854,28.57976983,107.3432679,0.262417872,
91.26912691,110.4842027,28.57124109,107.3428371,0.262343544,
91.28912891,110.4809177,28.5627171,107.342408,0.262269252,
91.30913091,110.4776304,28.55419786,107.3419806,0.262194995,
91.32913291,110.4743407,28.54568335,107.3415548,0.262120774,
91.34913491,110.4710489,28.53717357,107.3411307,0.26204659,
91.36913691,110.4677548,28.52866851,107.3407083,0.26197244,
91.38913891,110.4644585,28.52016816,107.3402875,0.261898327,
91.40914091,110.4611601,28.51167251,107.3398683,0.261824249,
91.42914291,110.4578596,28.50318154,107.3394507,0.261750206,
91.44914491,110.4545571,28.49469526,107.3390347,0.261676199,
91.46914691,110.4512525,28.48621364,107.3386204,0.261602228,
91.48914891,110.447946,28.47773669,107.3382076,0.261528291,
91.50915092,110.4446374,28.46926438,107.3377964,0.26145439,
91.52915292,110.441327,28.46079672,107.3373867,0.261380525,
91.54915492,110.4380147,28.45233369,107.3369786,0.261306694,
91.56915692,110.4347006,28.44387528,107.336572,0.261232899,
91.58915892,110.4313846,28.43542149,107.336167,0.261159138,
91.60916092,110.4280669,28.4269723,107.3357634,0.261085413,
91.62916292,110.4247475,28.4185277,107.3353614,0.261011723,
91.64916492,110.4214263,28.41008769,107.3349608,0.260938067,
91.66916692,110.4181036,28.40165225,107.3345618,0.260864447,
91.68916892,110.4147792,28.39322137,107.3341642,0.260790861,
91.70917092,110.4114532,28.38479506,107.333768,0.26071731,
91.72917292,110.4081257,28.37637329,107.3333733,0.260643793,
91.74917492,110.4047966,28.36795605,107.33298,0.260570312,
91.76917692,110.4014661,28.35954335,107.3325882,0.260496864,
91.78917892,110.3981342,28.35113516,107.3321978,0.260423452,
91.80918092,110.3948009,28.34273148,107.3318087,0.260350073,
91.82918292,110.3914662,28.33433229,107.3314211,0.260276729,
91.84918492,110.3881302,28.3259376,107.3310348,0.26020342,
91.86918692,110.3847929,28.31754739,107.3306499,0.260130144,
91.88918892,110.3814543,28.30916164,107.3302664,0.260056903,
91.90919092,110.3781146,28.30078036,107.3298842,0.259983696,
91.92919292,110.3747737,28.29240353,107.3295033,0.259910523,
91.94919492,110.3714316,28.28403114,107.3291238,0.259837384,
91.96919692,110.3680885,28.27566318,107.3287456,0.25976428,
91.98919892,110.3647442,28.26729964,107.3283686,0.259691209,
92.00920092,110.361399,28.25894052,107.327993,0.259618172,
92.02920292,110.3580528,28.2505858,107.3276186,0.259545168,
92.04920492,110.3547056,28.24223547,107.3272455,0.259472199,
92.06920692,110.3513575,28.23388953,107.3268736,0.259399263,
92.08920892,110.3480085,28.22554796,107.326503,0.259326361,
92.10921092,110.3446587,28.21721076,107.3261337,0.259253492,
92.12921292,110.3413081,28.20887792,107.3257655,0.259180657,
92.14921492,110.3379567,28.20054942,107.3253985,0.259107855,
92.16921692,110.3346046,28.19222525,107.3250328,0.259035087,
92.18921892,110.3312518,28.18390542,107.3246682,0.258962352,
92.20922092,110.3278984,28.1755899,107.3243048,0.258889651,
92.22922292,110.3245443,28.16727869,107.3239426,0.258816982,
92.24922492,110.3211896,28.15897178,107.3235815,0.258744347,
92.26922692,110.3178344,28.15066916,107.3232216,0.258671745,
92.28922892,110.3144787,28.14237081,107.3228628,0.258599176,
92.30923092,110.3111226,28.13407674,107.3225051,0.25852664,
92.32923292,110.307766,28.12578693,107.3221485,0.258454137,
92.34923492,110.304409,28.11750137,107.321793,0.258381667,
92.36923692,110.3010516,28.10922005,107.3214386,0.25830923,
92.38923892,110.2976939,28.10094296,107.3210853,0.258236825,
92.40924092,110.294336,28.0926701,107.320733,0.258164453,
92.42924292,110.2909778,28.08440144,107.3203818,0.258092114,
92.44924492,110.2876193,28.07613699,107.3200316,0.258019807,
92.46924692,110.2842608,28.06787674,107.3196824,0.257947533,
92.48924892,110.280902,28.05962067,107.3193343,0.257875292,
92.50925093,110.2775432,28.05136877,107.3189872,0.257803083,
92.52925293,110.2741843,28.04312104,107.318641,0.257730906,
92.54925493,110.2708254,28.03487747,107.3182959,0.257658762,
92.56925693,110.2674665,28.02663804,107.3179517,0.257586649,
92.58925893,110.2641076,28.01840275,107.3176085,0.257514569,
92.60926093,110.2607489,28.01017158,107.3172662,0.257442522,
92.62926293,110.2573902,28.00194453,107.3169248,0.257370506,
92.64926493,110.2540317,27.99372159,107.3165844,0.257298522,
92.66926693,110.2506734,27.98550275,107.3162449,0.25722657,
92.68926893,110.2473154,27.977288,107.3159063,0.257154651,
92.70927093,110.2439576,27.96907733,107.3155686,0.257082763,
92.72927293,110.2406001,27.96087073,107.3152318,0.257010907,
92.74927493,110.237243,27.95266819,107.3148959,0.256939082,
92.76927693,110.2338863,27.9444697,107.3145608,0.256867289,
92.78927893,110.2305299,27.93627525,107.3142265,0.256795528,
92.80928093,110.2271741,27.92808483,107.3138931,0.256723799,
92.82928293,110.2238187,27.91989843,107.3135605,0.256652101,
92.84928493,110.2204638,27.91171605,107.3132287,0.256580434,
92.86928693,110.2171095,27.90353767,107.3128978,0.256508799,
92.88928893,110.2137559,27.89536329,107.3125676,0.256437195,
92.90929093,110.2104028,27.88719289,107.3122382,0.256365623,
92.92929293,110.2070505,27.87902646,107.3119095,0.256294081,
92.94929493,110.2036988,27.870864,107.3115817,0.256222571,
92.96929693,110.2003479,27.8627055,107.3112545,0.256151092,
92.98929893,110.1969978,27.85455094,107.3109281,0.256079644,
93.00930093,110.1936486,27.84640032,107.3106025,0.256008227,
93.02930293,110.1903002,27.83825362,107.3102775,0.255936841,
93.04930493,110.1869526,27.83011085,107.3099532,0.255865486,
93.06930693,110.1836061,27.82197198,107.3096297,0.255794161,
93.08930893,110.1802605,27.81383701,107.3093068,0.255722868,
93.10931093,110.1769159,27.80570592,107.3089845,0.255651605,
93.12931293,110.1735724,27.79757872,107.308663,0.255580373,
93.14931493,110.1702299,27.78945539,107.308342,0.255509171,
93.16931693,110.1668886,27.78133592,107.3080217,0.255438,
93.18931893,110.1635484,27.7732203,107.3077021,0.255366859,
93.20932093,110.1602094,27.76510852,107.307383,0.255295749,
93.22932293,110.1568717,27.75700057,107.3070645,0.255224669,
93.24932493,110.1535352,27.74889645,107.3067466,0.25515362,
93.26932693,110.1502001,27.74079614,107.3064293,0.2550826,
93.28932893,110.1468663,27.73269963,107.3061126,0.255011611,
93.30933093,110.1435338,27.72460691,107.3057964,0.254940652,
93.32933293,110.1402028,27.71651798,107.3054808,0.254869723,
93.34933493,110.1368732,27.70843282,107.3051656,0.254798825,
93.36933693,110.1335452,27.70035143,107.304851,0.254727956,
93.38933893,110.1302186,27.6922738,107.304537,0.254657117,
93.40934093,110.1268937,27.68419991,107.3042234,0.254586308,
93.42934293,110.1235703,27.67612976,107.3039103,0.254515528,
93.44934493,110.1202486,27.66806333,107.3035976,0.254444779,
93.46934693,110.1169285,27.66000063,107.3032855,0.254374059,
93.48934893,110.1136102,27.65194163,107.3029737,0.254303368,
93.50935094,110.1102936,27.64388633,107.3026625,0.254232708,
93.52935294,110.1069788,27.63583471,107.3023516,0.254162076,
93.54935494,110.1036659,27.62778678,107.3020412,0.254091474,
93.56935694,110.1003548,27.61974252,107.3017312,0.254020902,
93.58935894,110.0970456,27.61170192,107.3014216,0.253950359,
93.60936094,110.0937383,27.60366497,107.3011123,0.253879845,
93.62936294,110.090433,27.59563166,107.3008034,0.25380936,
93.64936494,110.0871298,27.58760198,107.3004949,0.253738905,
93.66936694,110.0838285,27.57957592,107.3001868,0.253668479,
93.68936894,110.0805294,27.57155348,107.299879,0.253598081,
93.70937094,110.0772324,27.56353464,107.2995715,0.253527713,
93.72937294,110.0739375,27.5555194,107.2992643,0.253457374,
93.74937494,110.0706448,27.54750773,107.2989574,0.253387063,
93.76937694,110.0673544,27.53949965,107.2986509,0.253316781,
93.78937894,110.0640663,27.53149513,107.2983446,0.253246528,
93.80938094,110.0607804,27.52349416,107.2980385,0.253176304,
93.82938294,110.0574969,27.51549674,107.2977328,0.253106109,
93.84938494,110.0542158,27.50750286,107.2974273,0.253035942,
93.86938694,110.0509371,27.4995125,107.297122,0.252965803,
93.88938894,110.0476608,27.49152566,107.2968169,0.252895693,
93.90939094,110.044387,27.48354233,107.2965121,0.252825611,
93.92939294,110.0411158,27.4755625,107.2962075,0.252755558,
93.94939494,110.0378472,27.46758616,107.295903,0.252685533,
93.96939694,110.0345811,27.4596133,107.2955988,0.252615537,
93.98939894,110.0313177,27.4516439,107.2952947,0.252545568,
94.00940094,110.0280569,27.44367797,107.2949907,0.252475628,
94.02940294,110.0247989,27.43571549,107.294687,0.252405715,
94.04940494,110.0215436,27.42775645,107.2943833,0.252335831,
94.06940694,110.0182912,27.41980084,107.2940798,0.252265975,
94.08940894,110.0150415,27.41184865,107.2937764,0.252196146,
94.10941094,110.0117947,27.40389988,107.2934731,0.252126345,
94.12941294,110.0085508,27.39595451,107.2931698,0.252056573,
94.14941494,110.0053098,27.38801253,107.2928667,0.251986827,
94.16941694,110.0020719,27.38007394,107.2925636,0.25191711,
94.18941894,109.9988369,27.37213872,107.2922606,0.25184742,
94.20942094,109.995605,27.36420687,107.2919577,0.251777758,
94.22942294,109.9923761,27.35627837,107.2916547,0.251708123,
94.24942494,109.9891504,27.34835322,107.2913518,0.251638516,
94.26942694,109.9859278,27.3404314,107.2910489,0.251568936,
94.28942894,109.9827085,27.33251292,107.290746,0.251499383,
94.30943094,109.9794923,27.32459775,107.2904431,0.251429857,
94.32943294,109.9762795,27.31668589,107.2901401,0.251360359,
94.34943494,109.9730699,27.30877732,107.2898372,0.251290888,
94.36943694,109.9698637,27.30087205,107.2895342,0.251221444,
94.38943894,109.9666609,27.29297005,107.2892311,0.251152027,
94.40944094,109.9634615,27.28507133,107.288928,0.251082637,
94.42944294,109.9602655,27.27717586,107.2886247,0.251013274,
94.44944494,109.9570731,27.26928365,107.2883214,0.250943938,
94.46944694,109.9538841,27.26139468,107.288018,0.250874629,
94.48944894,109.9506988,27.25350894,107.2877145,0.250805346,
94.50945095,109.947517,27.24562642,107.2874109,0.25073609,
94.52945295,109.9443389,27.23774712,107.2871071,0.250666861,
94.54945495,109.9411644,27.22987101,107.2868031,0.250597658,
94.56945695,109.9379937,27.2219981,107.2864991,0.250528482,
94.58945895,109.9348267,27.21412838,107.2861948,0.250459332,
94.60946095,109.9316635,27.20626183,107.2858904,0.250390209,
94.62946295,109.9285042,27.19839845,107.2855857,0.250321112,
94.64946495,109.9253487,27.19053822,107.2852809,0.250252041,
94.66946695,109.9221971,27.18268114,107.2849759,0.250182997,
94.68946895,109.9190494,27.17482719,107.2846706,0.250113979,
94.70947095,109.9159057,27.16697637,107.2843651,0.250044986,
94.72947295,109.912766,27.15912867,107.2840593,0.24997602,
94.74947495,109.9096304,27.15128407,107.2837533,0.24990708,
94.76947695,109.9064989,27.14344258,107.283447,0.249838166,
94.78947895,109.9033714,27.13560417,107.2831405,0.249769278,
94.80948095,109.9002482,27.12776885,107.2828336,0.249700415,
94.82948295,109.8971291,27.11993659,107.2825264,0.249631579,
94.84948495,109.8940143,27.11210739,107.282219,0.249562768,
94.86948695,109.8909037,27.10428125,107.2819111,0.249493982,
94.88948895,109.8877974,27.09645814,107.281603,0.249425223,
94.90949095,109.8846955,27.08863807,107.2812945,0.249356488,
94.92949295,109.881598,27.08082102,107.2809856,0.24928778,
94.94949495,109.8785048,27.07300698,107.2806764,0.249219096,
94.96949695,109.8754162,27.06519595,107.2803668,0.249150439,
94.98949895,109.872332,27.05738791,107.2800568,0.249081806,
95.00950095,109.8692524,27.04958285,107.2797464,0.249013199,
95.02950295,109.8661773,27.04178077,107.2794355,0.248944617,
95.04950495,109.8631068,27.03398165,107.2791243,0.24887606,
95.06950695,109.860041,27.02618549,107.2788126,0.248807528,
95.08950895,109.8569798,27.01839228,107.2785004,0.248739021,
95.10951095,109.8539234,27.010602,107.2781878,0.248670539,
95.12951295,109.8508717,27.00281465,107.2778747,0.248602082,
95.14951495,109.8478248,26.99503021,107.2775611,0.24853365,
95.16951695,109.8447827,26.98724869,107.277247,0.248465242,
95.18951895,109.8417455,26.97947006,107.2769325,0.24839686,
95.20952095,109.8387132,26.97169432,107.2766174,0.248328502,
95.22952295,109.8356858,26.96392146,107.2763017,0.248260169,
95.24952495,109.8326634,26.95615147,107.2759855,0.24819186,
95.26952695,109.829646,26.94838435,107.2756688,0.248123576,
95.28952895,109.8266337,26.94062007,107.2753515,0.248055316,
95.30953095,109.8236264,26.93285863,107.2750337,0.247987081,
95.32953295,109.8206243,26.92510003,107.2747152,0.24791887,
95.34953495,109.8176273,26.91734424,107.2743962,0.247850683,
95.36953695,109.8146355,26.90959127,107.2740765,0.24778252,
95.38953895,109.8116489,26.90184111,107.2737562,0.247714382,
95.40954095,109.8086676,26.89409373,107.2734353,0.247646268,
95.42954295,109.8056917,26.88634914,107.2731137,0.247578178,
95.44954495,109.802721,26.87860733,107.2727915,0.247510111,
95.46954695,109.7997558,26.87086828,107.2724686,0.247442069,
95.48954895,109.7967959,26.86313199,107.2721451,0.247374051,
95.50955096,109.7938416,26.85539844,107.2718208,0.247306056,
95.52955296,109.7908927,26.84766763,107.2714959,0.247238085,
95.54955496,109.7879493,26.83993954,107.2711702,0.247170138,
95.56955696,109.7850115,26.83221418,107.2708439,0.247102215,
95.58955896,109.7820793,26.82449152,107.2705167,0.247034315,
95.60956096,109.7791528,26.81677156,107.2701889,0.246966439,
95.62956296,109.7762319,26.80905429,107.2698603,0.246898586,
95.64956496,109.7733167,26.80133969,107.2695309,0.246830756,
95.66956696,109.7704073,26.79362777,107.2692007,0.24676295,
95.68956896,109.7675037,26.78591851,107.2688698,0.246695167,
95.70957096,109.7646059,26.7782119,107.268538,0.246627408,
95.72957296,109.761714,26.77050793,107.2682055,0.246559672,
95.74957496,109.7588279,26.76280659,107.2678721,0.246491958,
95.76957696,109.7559478,26.75510787,107.2675378,0.246424268,
95.78957896,109.7530737,26.74741177,107.2672028,0.246356601,
95.80958096,109.7502056,26.73971827,107.2668668,0.246288957,
95.82958296,109.7473435,26.73202736,107.26653,0.246221336,
95.84958496,109.7444875,26.72433904,107.2661923,0.246153737,
95.86958696,109.7416377,26.71665329,107.2658538,0.246086162,
95.88958896,109.738794,26.70897011,107.2655143,0.246018609,
95.90959096,109.7359564,26.70128948,107.2651739,0.245951079,
95.92959296,109.7331252,26.6936114,107.2648326,0.245883571,
95.94959496,109.7303002,26.68593586,107.2644903,0.245816086,
95.96959696,109.7274814,26.67826284,107.2641471,0.245748623,
95.98959896,109.7246691,26.67059234,107.263803,0.245681183,
96.00960096,109.7218631,26.66292435,107.2634578,0.245613766,
96.02960296,109.7190635,26.65525886,107.2631117,0.24554637,
96.04960496,109.7162704,26.64759585,107.2627646,0.245478997,
96.06960696,109.7134838,26.63993532,107.2624165,0.245411646,
96.08960896,109.7107037,26.63227727,107.2620674,0.245344317,
96.10961096,109.7079302,26.62462167,107.2617172,0.245277011,
96.12961296,109.7051633,26.61696853,107.261366,0.245209726,
96.14961496,109.702403,26.60931783,107.2610138,0.245142464,
96.16961696,109.6996494,26.60166955,107.2606605,0.245075223,
96.18961896,109.6969025,26.5940237,107.2603061,0.245008004,
96.20962096,109.6941624,26.58638027,107.2599506,0.244940807,
96.22962296,109.691429,26.57873923,107.2595941,0.244873632,
96.24962496,109.6887025,26.57110059,107.2592364,0.244806478,
96.26962696,109.6859828,26.56346434,107.2588776,0.244739346,
96.28962896,109.6832701,26.55583046,107.2585177,0.244672236,
96.30963096,109.6805642,26.54819894,107.2581567,0.244605147,
96.32963296,109.6778654,26.54056978,107.2577945,0.24453808,
96.34963496,109.6751735,26.53294296,107.2574311,0.244471034,
96.36963696,109.6724887,26.52531849,107.2570666,0.244404009,
96.38963896,109.669811,26.51769633,107.2567008,0.244337006,
96.40964096,109.6671404,26.5100765,107.2563339,0.244270024,
96.42964296,109.664477,26.50245897,107.2559658,0.244203063,
96.44964496,109.6618207,26.49484375,107.2555964,0.244136123,
96.46964696,109.6591717,26.48723081,107.2552259,0.244069205,
96.48964896,109.65653,26.47962015,107.254854,0.244002307,
96.50965097,109.6538955,26.47201176,107.254481,0.24393543,
96.52965297,109.6512685,26.46440563,107.2541066,0.243868575,
96.54965497,109.6486487,26.45680175,107.253731,0.24380174,
96.56965697,109.6460364,26.44920011,107.2533541,0.243734925,
96.58965897,109.6434316,26.44160071,107.2529759,0.243668132,
96.60966097,109.6408343,26.43400352,107.2525964,0.243601359,
96.62966297,109.6382444,26.42640855,107.2522156,0.243534607,
96.64966497,109.6356622,26.41881578,107.2518334,0.243467875,
96.66966697,109.6330875,26.41122521,107.2514499,0.243401164,
96.68966897,109.6305205,26.40363682,107.251065,0.243334473,
96.70967097,109.6279612,26.3960506,107.2506788,0.243267803,
96.72967297,109.6254095,26.38846655,107.2502912,0.243201153,
96.74967497,109.6228657,26.38088466,107.2499022,0.243134523,
96.76967697,109.6203296,26.37330491,107.2495118,0.243067914,
96.78967897,109.6178013,26.3657273,107.24912,0.243001324,
96.80968097,109.6152809,26.35815181,107.2487268,0.242934755,
96.82968297,109.6127684,26.35057844,107.2483321,0.242868205,
96.84968497,109.6102638,26.34300718,107.247936,0.242801676,
96.86968697,109.6077672,26.33543802,107.2475384,0.242735167,
96.88968897,109.6052787,26.32787095,107.2471394,0.242668677,
96.90969097,109.6027981,26.32030595,107.2467389,0.242602207,
96.92969297,109.6003257,26.31274303,107.2463369,0.242535757,
96.94969497,109.5978613,26.30518216,107.2459334,0.242469327,
96.96969697,109.5954051,26.29762335,107.2455284,0.242402916,
96.98969897,109.5929572,26.29006658,107.2451218,0.242336525,
97.00970097,109.5905174,26.28251184,107.2447137,0.242270154,
97.02970297,109.5880859,26.27495912,107.2443041,0.242203802,
97.04970497,109.5856627,26.26740841,107.2438929,0.242137469,
97.06970697,109.5832479,26.25985971,107.2434802,0.242071155,
97.08970897,109.5808415,26.252313,107.2430659,0.242004861,
97.10971097,109.5784434,26.24476828,107.2426499,0.241938586,
97.12971297,109.5760538,26.23722553,107.2422324,0.241872331,
97.14971497,109.5736727,26.22968474,107.2418133,0.241806094,
97.16971697,109.5713002,26.22214591,107.2413925,0.241739877,
97.18971897,109.5689362,26.21460903,107.2409701,0.241673678,
97.20972097,109.5665808,26.20707408,107.240546,0.241607498,
97.22972297,109.564234,26.19954106,107.2401203,0.241541338,
97.24972497,109.5618959,26.19200996,107.2396929,0.241475196,
97.26972697,109.5595666,26.18448076,107.2392639,0.241409073,
97.28972897,109.557246,26.17695346,107.2388331,0.241342968,
97.30973097,109.5549341,26.16942806,107.2384007,0.241276883,
97.32973297,109.5526311,26.16190453,107.2379665,0.241210815,
97.34973497,109.550337,26.15438287,107.2375306,0.241144767,
97.36973697,109.5480517,26.14686307,107.2370929,0.241078737,
97.38973897,109.5457754,26.13934512,107.2366535,0.241012725,
97.40974097,109.5435081,26.13182901,107.2362124,0.240946732,
97.42974297,109.5412497,26.12431474,107.2357694,0.240880757,
97.44974497,109.5390004,26.11680228,107.2353247,0.2408148,
97.46974697,109.5367602,26.10929164,107.2348782,0.240748861,
97.48974897,109.5345291,26.10178281,107.2344299,0.240682941,
97.50975098,109.5323072,26.09427576,107.2339798,0.240617039,
97.52975298,109.5300945,26.0867705,107.2335278,0.240551154,
97.54975498,109.527891,26.07926702,107.233074,0.240485288,
97.56975698,109.5256968,26.0717653,107.2326183,0.240419439,
97.58975898,109.5235118,26.06426533,107.2321608,0.240353609,
97.60976098,109.5213363,26.05676711,107.2317014,0.240287796,
97.62976298,109.51917,26.04927063,107.2312402,0.240222001,
97.64976498,109.5170133,26.04177587,107.230777,0.240156224,
97.66976698,109.5148659,26.03428283,107.2303119,0.240090464,
97.68976898,109.5127281,26.0267915,107.2298449,0.240024722,
97.70977098,109.5105998,26.01930187,107.229376,0.239958997,
97.72977298,109.508481,26.01181393,107.2289051,0.23989329,
97.74977498,109.5063719,26.00432766,107.2284323,0.2398276,
97.76977698,109.5042724,25.99684307,107.2279575,0.239761927,
97.78977898,109.5021825,25.98936013,107.2274807,0.239696272,
97.80978098,109.5001024,25.98187885,107.2270019,0.239630634,
97.82978298,109.498032,25.97439921,107.2265212,0.239565013,
97.84978498,109.4959714,25.96692119,107.2260384,0.239499409,
97.86978698,109.4939207,25.9594448,107.2255536,0.239433823,
97.88978898,109.4918798,25.95197003,107.2250668,0.239368253,
97.90979098,109.4898488,25.94449686,107.224578,0.2393027,
97.92979298,109.4878277,25.93702528,107.224087,0.239237164,
97.94979498,109.4858166,25.92955528,107.2235941,0.239171645,
97.96979698,109.4838155,25.92208686,107.223099,0.239106143,
97.98979898,109.4818245,25.91462,107.2226018,0.239040657,
98.00980098,109.4798435,25.9071547,107.2221026,0.238975188,
98.02980298,109.4778727,25.89969095,107.2216012,0.238909736,
98.04980498,109.475912,25.89222873,107.2210977,0.2388443,
98.06980698,109.4739615,25.88476803,107.2205921,0.238778881,
98.08980898,109.4720213,25.87730886,107.2200844,0.238713478,
98.10981098,109.4700913,25.86985119,107.2195744,0.238648091,
98.12981298,109.4681716,25.86239502,107.2190624,0.238582721,
98.14981498,109.4662622,25.85494034,107.2185481,0.238517367,
98.16981698,109.4643633,25.84748714,107.2180316,0.238452029,
98.18981898,109.4624747,25.84003541,107.217513,0.238386707,
98.20982098,109.4605967,25.83258514,107.2169921,0.238321401,
98.22982298,109.458729,25.82513632,107.216469,0.238256112,
98.24982498,109.456872,25.81768894,107.2159437,0.238190838,
98.26982698,109.4550255,25.810243,107.2154161,0.23812558,
98.28982898,109.4531896,25.80279847,107.2148863,0.238060338,
98.30983098,109.4513643,25.79535536,107.2143542,0.237995112,
98.32983298,109.4495497,25.78791365,107.2138198,0.237929902,
98.34983498,109.4477458,25.78047333,107.2132831,0.237864707,
98.36983698,109.4459527,25.7730344,107.2127441,0.237799528,
98.38983898,109.4441703,25.76559684,107.2122028,0.237734364,
98.40984098,109.4423988,25.75816065,107.2116592,0.237669216,
98.42984298,109.4406381,25.75072581,107.2111132,0.237604083,
98.44984498,109.4388884,25.74329232,107.2105649,0.237538966,
98.46984698,109.4371495,25.73586017,107.2100143,0.237473864,
98.48984898,109.4354217,25.72842934,107.2094612,0.237408777,
98.50985099,109.4337048,25.72099983,107.2089058,0.237343706,
98.52985299,109.431999,25.71357162,107.208348,0.237278649,
98.54985499,109.4303043,25.70614472,107.2077878,0.237213608,
98.56985699,109.4286207,25.6987191,107.2072251,0.237148582,
98.58985899,109.4269483,25.69129477,107.2066601,0.237083571,
98.60986099,109.425287,25.6838717,107.2060925,0.237018575,
98.62986299,109.423637,25.67644989,107.2055226,0.236953593,
98.64986499,109.4219982,25.66902933,107.2049502,0.236888627,
98.66986699,109.4203708,25.66161002,107.2043753,0.236823675,
98.68986899,109.4187547,25.65419194,107.2037979,0.236758738,
98.70987099,109.41715,25.64677507,107.2032181,0.236693815,
98.72987299,109.4155567,25.63935942,107.2026357,0.236628907,
98.74987499,109.4139748,25.63194498,107.2020508,0.236564014,
98.76987699,109.4124044,25.62453172,107.2014634,0.236499135,
98.78987899,109.4108456,25.61711966,107.2008734,0.23643427,
98.80988099,109.4092983,25.60970876,107.2002809,0.23636942,
98.82988299,109.4077626,25.60229903,107.1996858,0.236304584,
98.84988499,109.4062386,25.59489046,107.1990882,0.236239762,
98.86988699,109.4047262,25.58748303,107.1984879,0.236174955,
98.88988899,109.4032256,25.58007674,107.1978851,0.236110161,
98.90989099,109.4017367,25.57267157,107.1972797,0.236045382,
98.92989299,109.4002596,25.56526752,107.1966716,0.235980617,
98.94989499,109.3987943,25.55786458,107.1960609,0.235915866,
98.96989699,109.3973408,25.55046274,107.1954476,0.235851128,
98.98989899,109.3958993,25.54306199,107.1948316,0.235786404,
99.00990099,109.3944697,25.53566232,107.1942129,0.235721695,
99.02990299,109.3930521,25.52826371,107.1935916,0.235656998,
99.04990499,109.3916465,25.52086617,107.1929676,0.235592316,
99.06990699,109.3902529,25.51346967,107.1923409,0.235527647,
99.08990899,109.3888714,25.50607422,107.1917114,0.235462992,
99.10991099,109.387502,25.4986798,107.1910793,0.23539835,
99.12991299,109.3861448,25.4912864,107.1904444,0.235333722,
99.14991499,109.3847998,25.48389401,107.1898068,0.235269106,
99.16991699,109.383467,25.47650263,107.1891664,0.235204505,
99.18991899,109.3821465,25.46911224,107.1885233,0.235139916,
99.20992099,109.3808382,25.46172283,107.1878774,0.235075341,
99.22992299,109.3795424,25.4543344,107.1872287,0.235010779,
99.24992499,109.3782589,25.44694694,107.1865772,0.23494623,
99.26992699,109.3769878,25.43956042,107.1859228,0.234881694,
99.28992899,109.3757291,25.43217486,107.1852657,0.234817171,
99.30993099,109.374483,25.42479023,107.1846057,0.234752661,
99.32993299,109.3732494,25.41740653,107.1839429,0.234688164,
99.34993499,109.3720283,25.41002374,107.1832772,0.234623679,
99.36993699,109.3708199,25.40264186,107.1826087,0.234559207,
99.38993899,109.3696241,25.39526088,107.1819372,0.234494748,
99.40994099,109.3684409,25.38788079,107.1812629,0.234430302,
99.42994299,109.3672705,25.38050158,107.1805857,0.234365868,
99.44994499,109.3661128,25.37312324,107.1799056,0.234301447,
99.46994699,109.3649679,25.36574576,107.1792225,0.234237038,
99.48994899,109.3638359,25.35836913,107.1785365,0.234172642,
99.509951,109.3627166,25.35099334,107.1778476,0.234108258,
99.529953,109.3616103,25.34361838,107.1771557,0.234043886,
99.549955,109.360517,25.33624424,107.1764608,0.233979526,
99.569957,109.3594365,25.32887092,107.175763,0.233915179,
99.589959,109.3583691,25.3214984,107.1750621,0.233850843,
99.609961,109.3573148,25.31412667,107.1743583,0.23378652,
99.629963,109.3562735,25.30675572,107.1736514,0.233722209,
99.649965,109.3552454,25.29938555,107.1729415,0.23365791,
99.669967,109.3542304,25.29201615,107.1722286,0.233593622,
99.689969,109.3532286,25.2846475,107.1715126,0.233529347,
99.709971,109.35224,25.2772796,107.1707936,0.233465083,
99.729973,109.3512647,25.26991243,107.1700715,0.233400831,
99.749975,109.3503027,25.26254599,107.1693463,0.23333659,
99.769977,109.349354,25.25518027,107.1686181,0.233272361,
99.789979,109.3484187,25.24781525,107.1678867,0.233208144,
99.809981,109.3474969,25.24045093,107.1671522,0.233143938,
99.829983,109.3465885,25.2330873,107.1664145,0.233079743,
99.849985,109.3456935,25.22572435,107.1656738,0.23301556,
99.869987,109.3448121,25.21836207,107.1649299,0.232951389,
99.889989,109.3439443,25.21100045,107.1641828,0.232887228,
99.909991,109.3430901,25.20363948,107.1634325,0.232823079,
99.929993,109.3422495,25.19627916,107.1626791,0.232758941,
99.949995,109.3414226,25.18891946,107.1619225,0.232694813,
99.969997,109.3406093,25.18156038,107.1611626,0.232630697,
99.989999,109.3398099,25.17420192,107.1603996,0.232566592,
100.010001,109.3390227,25.16684393,107.159629,0.232502498,
100.030003,109.3382392,25.15948564,107.1588251,0.232438413,
100.050005,109.3374577,25.15212692,107.1579837,0.232374337,
100.070007,109.3366784,25.14476779,107.1571049,0.232310271,
100.090009,109.3359012,25.13740826,107.1561891,0.232246215,
100.110011,109.335126,25.13004835,107.1552361,0.232182168,
100.130013,109.334353,25.12268808,107.1542464,0.23211813,
100.150015,109.333582,25.11532745,107.1532199,0.232054102,
100.170017,109.3328132,25.10796649,107.1521569,0.231990084,
100.190019,109.3320464,25.10060519,107.1510575,0.231926076,
100.210021,109.3312817,25.09324359,107.1499219,0.231862077,
100.230023,109.3305191,25.08588169,107.1487502,0.231798088,
100.250025,109.3297585,25.07851951,107.1475426,0.231734109,
100.270027,109.329,25.07115706,107.1462993,0.23167014,
100.290029,109.3282435,25.06379435,107.1450203,0.231606181,
100.310031,109.3274891,25.0564314,107.1437059,0.231542232,
100.330033,109.3267367,25.04906823,107.1423563,0.231478293,
100.350035,109.3259864,25.04170484,107.1409715,0.231414364,
100.370037,109.3252381,25.03434126,107.1395517,0.231350446,
100.390039,109.3244919,25.02697749,107.1380971,0.231286537,
100.410041,109.3237477,25.01961355,107.1366079,0.231222639,
100.430043,109.3230055,25.01224946,107.1350841,0.231158752,
100.450045,109.3222653,25.00488522,107.133526,0.231094874,
100.470047,109.3215271,24.99752086,107.1319337,0.231031007,
100.490049,109.3207909,24.99015638,107.1303074,0.230967151,
100.510051,109.3200567,24.9827918,107.1286473,0.230903305,
100.530053,109.3193246,24.97542713,107.1269534,0.230839469,
100.550055,109.3185944,24.9680624,107.1252259,0.230775645,
100.570057,109.3178662,24.96069761,107.1234651,0.230711831,
100.590059,109.31714,24.95333277,107.121671,0.230648027,
100.610061,109.3164157,24.9459679,107.1198438,0.230584235,
100.630063,109.3156934,24.93860302,107.1179837,0.230520453,
100.650065,109.3149731,24.93123814,107.1160908,0.230456682,
100.670067,109.3142548,24.92387327,107.1141653,0.230392922,
100.690069,109.3135384,24.91650843,107.1122074,0.230329173,
100.710071,109.312824,24.90914363,107.1102171,0.230265435,
100.730073,109.3121115,24.90177888,107.1081947,0.230201708,
100.750075,109.311401,24.89441421,107.1061403,0.230137993,
100.770077,109.3106924,24.88704962,107.1040541,0.230074288,
100.790079,109.3099857,24.87968512,107.1019362,0.230010595,
100.810081,109.309281,24.87232074,107.0997868,0.229946913,
100.830083,109.3085781,24.86495648,107.097606,0.229883242,
100.850085,109.3078772,24.85759236,107.0953941,0.229819583,
100.870087,109.3071782,24.8502284,107.0931511,0.229755935,
100.890089,109.3064812,24.8428646,107.0908772,0.229692299,
100.910091,109.305786,24.83550098,107.0885725,0.229628674,
100.930093,109.3050927,24.82813757,107.0862373,0.22956506,
100.950095,109.3044013,24.82077436,107.0838717,0.229501459,
100.970097,109.3037118,24.81341137,107.0814758,0.229437869,
100.990099,109.3030242,24.80604863,107.0790498,0.229374291,
101.010101,109.3023385,24.79868614,107.0765939,0.229310724,
101.030103,109.3016546,24.79132391,107.0741082,0.229247169,
101.050105,109.3009726,24.78396196,107.0715928,0.229183627,
101.070107,109.3002925,24.77660031,107.069048,0.229120096,
101.090109,109.2996142,24.76923897,107.0664738,0.229056577,
101.110111,109.2989378,24.76187795,107.0638705,0.22899307,
101.130113,109.2982632,24.75451727,107.0612382,0.228929575,
101.150115,109.2975905,24.74715694,107.058577,0.228866093,
101.170117,109.2969196,24.73979697,107.0558872,0.228802622,
101.190119,109.2962506,24.73243739,107.0531688,0.228739164,
101.210121,109.2955834,24.72507819,107.050422,0.228675718,
101.230123,109.294918,24.71771941,107.0476471,0.228612285,
101.250125,109.2942544,24.71036104,107.044844,0.228548863,
101.270127,109.2935926,24.70300311,107.0420131,0.228485454,
101.290129,109.2929327,24.69564564,107.0391544,0.228422058,
101.310131,109.2922745,24.68828862,107.0362681,0.228358674,
101.330133,109.2916182,24.68093208,107.0333544,0.228295303,
101.350135,109.2909636,24.67357604,107.0304134,0.228231945,
101.370137,109.2903109,24.6662205,107.0274453,0.228168599,
101.390139,109.2896599,24.65886548,107.0244502,0.228105265,
101.410141,109.2890107,24.65151099,107.0214283,0.228041945,
101.430143,109.2883633,24.64415706,107.0183798,0.227978637,
101.450145,109.2877176,24.63680368,107.0153047,0.227915343,
101.470147,109.2870737,24.62945089,107.0122034,0.227852061,
101.490149,109.2864316,24.62209868,107.0090758,0.227788792,
101.510151,109.2857912,24.61474708,107.0059223,0.227725536,
101.530153,109.2851526,24.60739609,107.0027429,0.227662294,
101.550155,109.2845157,24.60004574,106.9995377,0.227599064,
101.570157,109.2838806,24.59269604,106.9963071,0.227535848,
101.590159,109.2832472,24.585347,106.993051,0.227472645,
101.610161,109.2826156,24.57799863,106.9897697,0.227409455,
101.630163,109.2819856,24.57065095,106.9864633,0.227346278,
101.650165,109.2813574,24.56330398,106.983132,0.227283115,
101.670167,109.2807309,24.55595772,106.9797759,0.227219965,
101.690169,109.2801061,24.54861219,106.9763953,0.227156829,
101.710171,109.279483,24.54126741,106.9729901,0.227093706,
101.730173,109.2788617,24.53392339,106.9695607,0.227030597,
101.750175,109.278242,24.52658014,106.9661071,0.226967502,
101.770177,109.277624,24.51923768,106.9626296,0.22690442,
101.790179,109.2770077,24.51189603,106.9591283,0.226841352,
101.810181,109.2763931,24.50455518,106.9556032,0.226778297,
101.830183,109.2757801,24.49721517,106.9520547,0.226715257,
101.850185,109.2751688,24.48987601,106.9484828,0.22665223,
101.870187,109.2745592,24.4825377,106.9448877,0.226589217,
101.890189,109.2739513,24.47520026,106.9412696,0.226526218,
101.910191,109.273345,24.46786371,106.9376286,0.226463234,
101.930193,109.2727404,24.46052806,106.9339649,0.226400263,
101.950195,109.2721374,24.45319333,106.9302786,0.226337307,
101.970197,109.2715361,24.44585952,106.9265699,0.226274364,
101.990199,109.2709364,24.43852666,106.922839,0.226211436,
102.010201,109.2703383,24.43119475,106.9190859,0.226148522,
102.030203,109.2697418,24.42386381,106.915311,0.226085623,
102.050205,109.269147,24.41653386,106.9115142,0.226022738,
102.070207,109.2685538,24.40920491,106.9076958,0.225959867,
102.090209,109.2679622,24.40187697,106.903856,0.225897011,
102.110211,109.2673723,24.39455006,106.8999948,0.225834169,
102.130213,109.2667839,24.38722419,106.8961125,0.225771342,
102.150215,109.2661971,24.37989938,106.8922092,0.225708529,
102.170217,109.2656119,24.37257564,106.888285,0.225645732,
102.190219,109.2650283,24.36525297,106.8843402,0.225582948,
102.210221,109.2644463,24.35793141,106.8803749,0.22552018,
102.230223,109.2638659,24.35061096,106.8763891,0.225457427,
102.250225,109.263287,24.34329164,106.8723832,0.225394688,
102.270227,109.2627097,24.33597345,106.8683572,0.225331964,
102.290229,109.262134,24.32865642,106.8643113,0.225269256,
102.310231,109.2615598,24.32134056,106.8602457,0.225206562,
102.330233,109.2609872,24.31402588,106.8561605,0.225143883,
102.350235,109.2604162,24.30671239,106.8520559,0.22508122,
102.370237,109.2598467,24.29940012,106.847932,0.225018571,
102.390239,109.2592787,24.29208907,106.843789,0.224955938,
102.410241,109.2587122,24.28477926,106.839627,0.224893321,
102.430243,109.2581473,24.2774707,106.8354462,0.224830718,
102.450245,109.2575839,24.27016341,106.8312468,0.224768131,
102.470247,109.2570221,24.2628574,106.8270289,0.224705559,
102.490249,109.2564617,24.25555269,106.8227927,0.224643003,
102.510251,109.2559029,24.24824928,106.8185383,0.224580462,
102.530253,109.2553455,24.2409472,106.8142659,0.224517937,
102.550255,109.2547897,24.23364645,106.8099757,0.224455428,
102.570257,109.2542354,24.22634706,106.8056677,0.224392934,
102.590259,109.2536825,24.21904903,106.8013422,0.224330456,
102.610261,109.2531312,24.21175238,106.7969994,0.224267994,
102.630263,109.2525813,24.20445713,106.7926392,0.224205547,
102.650265,109.2520329,24.19716328,106.7882621,0.224143117,
102.670267,109.2514859,24.18987086,106.783868,0.224080702,
102.690269,109.2509405,24.18257987,106.7794571,0.224018303,
102.710271,109.2503964,24.17529033,106.7750297,0.22395592,
102.730273,109.2498539,24.16800225,106.7705858,0.223893554,
102.750275,109.2493128,24.16071565,106.7661256,0.223831203,
102.770277,109.2487731,24.15343055,106.7616493,0.223768869,
102.790279,109.2482349,24.14614695,106.7571571,0.223706551,
102.810281,109.2476981,24.13886487,106.752649,0.223644249,
102.830283,109.2471628,24.13158433,106.7481252,0.223581964,
102.850285,109.2466289,24.12430533,106.743586,0.223519695,
102.870287,109.2460964,24.1170279,106.7390314,0.223457442,
102.890289,109.2455653,24.10975204,106.7344616,0.223395206,
102.910291,109.2450356,24.10247778,106.7298768,0.223332986,
102.930293,109.2445074,24.09520512,106.7252772,0.223270783,
102.950295,109.2439805,24.08793408,106.7206628,0.223208596,
102.970297,109.243455,24.08066467,106.7160338,0.223146427,
102.990299,109.242931,24.07339691,106.7113905,0.223084274,
103.010301,109.2424083,24.06613081,106.7067329,0.223022137,
103.030303,109.241887,24.05886638,106.7020612,0.222960018,
103.050305,109.2413671,24.05160365,106.6973756,0.222897915,
103.070307,109.2408485,24.04434262,106.6926762,0.22283583,
103.090309,109.2403313,24.0370833,106.6879632,0.222773761,
103.110311,109.2398155,24.02982572,106.6832368,0.222711709,
103.130313,109.2393011,24.02256989,106.678497,0.222649675,
103.150315,109.238788,24.01531581,106.6737441,0.222587657,
103.170317,109.2382762,24.00806351,106.6689782,0.222525657,
103.190319,109.2377658,24.00081299,106.6641995,0.222463674,
103.210321,109.2372567,23.99356428,106.6594081,0.222401708,
103.230323,109.236749,23.98631739,106.6546042,0.222339759,
103.250325,109.2362425,23.97907232,106.6497879,0.222277828,
103.270327,109.2357374,23.9718291,106.6449594,0.222215915,
103.290329,109.2352337,23.96458774,106.6401189,0.222154018,
103.310331,109.2347312,23.95734825,106.6352665,0.22209214,
103.330333,109.2342301,23.95011065,106.6304024,0.222030279,
103.350335,109.2337302,23.94287495,106.6255266,0.221968435,
103.370337,109.2332317,23.93564116,106.6206395,0.221906609,
103.390339,109.2327344,23.9284093,106.6157411,0.221844801,
103.410341,109.2322384,23.92117939,106.6108316,0.221783011,
103.430343,109.2317438,23.91395143,106.6059112,0.221721238,
103.450345,109.2312504,23.90672544,106.6009799,0.221659484,
103.470347,109.2307582,23.89950144,106.5960381,0.221597747,
103.490349,109.2302674,23.89227944,106.5910857,0.221536028,
103.510351,109.2297778,23.88505945,106.5861231,0.221474328,
103.530353,109.2292895,23.87784149,106.5811502,0.221412645,
103.550355,109.2288024,23.87062557,106.5761674,0.22135098,
103.570357,109.2283166,23.86341171,106.5711747,0.221289334,
103.590359,109.227832,23.85619992,106.5661724,0.221227706,
103.610361,109.2273486,23.84899021,106.5611605,0.221166096,
103.630363,109.2268665,23.8417826,106.5561392,0.221104505,
103.650365,109.2263856,23.8345771,106.5511087,0.221042931,
103.670367,109.225906,23.82737372,106.5460692,0.220981377,
103.690369,109.2254276,23.82017249,106.5410207,0.220919841,
103.710371,109.2249504,23.81297341,106.5359635,0.220858323,
103.730373,109.2244743,23.8057765,106.5308977,0.220796824,
103.750375,109.2239995,23.79858178,106.5258235,0.220735343,
103.770377,109.2235259,23.79138924,106.5207409,0.220673881,
103.790379,109.2230535,23.78419893,106.5156503,0.220612438,
103.810381,109.2225823,23.77701083,106.5105517,0.220551014,
103.830383,109.2221123,23.76982497,106.5054453,0.220489608,
103.850385,109.2216435,23.76264137,106.5003313,0.220428222,
103.870387,109.2211758,23.75546004,106.4952097,0.220366854,
103.890389,109.2207093,23.74828098,106.4900809,0.220305505,
103.910391,109.220244,23.74110422,106.4849448,0.220244175,
103.930393,109.2197798,23.73392977,106.4798017,0.220182865,
103.950395,109.2193168,23.72675764,106.4746518,0.220121573,
103.970397,109.2188549,23.71958786,106.4694951,0.220060301,
103.990399,109.2183942,23.71242042,106.4643319,0.219999048,
104.010401,109.2179346,23.70525535,106.4591623,0.219937814,
104.030403,109.2174762,23.69809265,106.4539865,0.219876599,
104.050405,109.2170189,23.69093236,106.4488046,0.219815404,
104.070407,109.2165627,23.68377447,106.4436168,0.219754228,
104.090409,109.2161077,23.676619,106.4384232,0.219693072,
104.110411,109.2156537,23.66946597,106.433224,0.219631935,
104.130413,109.2152009,23.66231539,106.4280193,0.219570818,
104.150415,109.2147492,23.65516727,106.4228094,0.219509721,
104.170417,109.2142986,23.64802163,106.4175943,0.219448643,
104.190419,109.2138491,23.64087848,106.4123743,0.219387584,
104.210421,109.2134007,23.63373784,106.4071494,0.219326546,
104.230423,109.2129533,23.62659972,106.4019198,0.219265527,
104.250425,109.2125071,23.61946414,106.3966858,0.219204529,
104.270427,109.2120619,23.61233111,106.3914474,0.21914355,
104.290429,109.2116178,23.60520063,106.3862048,0.219082591,
104.310431,109.2111748,23.59807274,106.3809581,0.219021652,
104.330433,109.2107328,23.59094743,106.3757076,0.218960734,
104.350435,109.2102919,23.58382473,106.3704534,0.218899835,
104.370437,109.209852,23.57670465,106.3651955,0.218838957,
104.390439,109.2094132,23.56958721,106.3599343,0.218778098,
104.410441,109.2089755,23.56247241,106.3546698,0.21871726,
104.430443,109.2085387,23.55536027,106.3494023,0.218656443,
104.450445,109.208103,23.54825081,106.3441318,0.218595646,
104.470447,109.2076684,23.54114404,106.3388585,0.218534869,
104.490449,109.2072347,23.53403997,106.3335826,0.218474112,
104.510451,109.2068021,23.52693862,106.3283042,0.218413377,
104.530453,109.2063705,23.51984,106.3230235,0.218352661,
104.550455,109.2059399,23.51274413,106.3177406,0.218291967,
104.570457,109.2055103,23.50565102,106.3124558,0.218231293,
104.590459,109.2050817,23.49856068,106.3071691,0.21817064,
104.610461,109.2046541,23.49147313,106.3018808,0.218110007,
104.630463,109.2042275,23.48438839,106.2965909,0.218049395,
104.650465,109.2038019,23.47730646,106.2912996,0.217988805,
104.670467,109.2033773,23.47022736,106.2860071,0.217928235,
104.690469,109.2029536,23.4631511,106.2807136,0.217867686,
104.710471,109.2025309,23.45607771,106.2754192,0.217807158,
104.730473,109.2021092,23.44900718,106.270124,0.217746651,
104.750475,109.2016884,23.44193955,106.2648283,0.217686166,
104.770477,109.2012686,23.43487481,106.2595321,0.217625701,
104.790479,109.2008497,23.42781299,106.2542357,0.217565258,
104.810481,109.2004318,23.4207541,106.2489391,0.217504836,
104.830483,109.2000148,23.41369816,106.2436426,0.217444435,
104.850485,109.1995988,23.40664517,106.2383463,0.217384056,
104.870487,109.1991836,23.39959515,106.2330504,0.217323698,
104.890489,109.1987695,23.39254811,106.227755,0.217263362,
104.910491,109.1983562,23.38550408,106.2224602,0.217203047,
104.930493,109.1979438,23.37846306,106.2171663,0.217142753,
104.950495,109.1975324,23.37142507,106.2118733,0.217082482,
104.970497,109.1971219,23.36439012,106.2065816,0.217022232,
104.990499,109.1967122,23.35735823,106.2012911,0.216962003,
105.0105011,109.1963035,23.35032941,106.196002,0.216901797,
105.0305031,109.1958956,23.34330367,106.1907146,0.216841612,
105.0505051,109.1954887,23.33628103,106.185429,0.216781449,
105.0705071,109.1950826,23.3292615,106.1801452,0.216721308,
105.0905091,109.1946774,23.3222451,106.1748636,0.216661189,
105.1105111,109.1942731,23.31523183,106.1695842,0.216601092,
105.1305131,109.1938696,23.30822173,106.1643072,0.216541017,
105.1505151,109.193467,23.30121479,106.1590328,0.216480965,
105.1705171,109.1930653,23.29421104,106.1537611,0.216420934,
105.1905191,109.1926644,23.28721048,106.1484922,0.216360926,
105.2105211,109.1922643,23.28021313,106.1432264,0.21630094,
105.2305231,109.1918651,23.27321901,106.1379638,0.216240976,
105.2505251,109.1914668,23.26622813,106.1327045,0.216181034,
105.2705271,109.1910692,23.2592405,106.1274487,0.216121115,
105.2905291,109.1906725,23.25225613,106.1221966,0.216061219,
105.3105311,109.1902766,23.24527505,106.1169483,0.216001345,
105.3305331,109.1898816,23.23829727,106.1117039,0.215941493,
105.3505351,109.1894873,23.23132279,106.1064637,0.215881665,
105.3705371,109.1890939,23.22435164,106.1012278,0.215821859,
105.3905391,109.1887012,23.21738383,106.0959963,0.215762075,
105.4105411,109.1883094,23.21041937,106.0907694,0.215702314,
105.4305431,109.1879184,23.20345827,106.0855472,0.215642577,
105.4505451,109.1875281,23.19650055,106.08033,0.215582862,
105.4705471,109.1871386,23.18954623,106.0751178,0.21552317,
105.4905491,109.1867499,23.18259532,106.0699109,0.215463501,
105.5105511,109.186362,23.17564783,106.0647093,0.215403855,
105.5305531,109.1859748,23.16870377,106.0595133,0.215344232,
105.5505551,109.1855885,23.16176317,106.054323,0.215284632,
105.5705571,109.1852028,23.15482603,106.0491386,0.215225055,
105.5905591,109.1848179,23.14789237,106.0439601,0.215165501,
105.6105611,109.1844338,23.1409622,106.0387879,0.215105971,
105.6305631,109.1840504,23.13403554,106.0336219,0.215046464,
105.6505651,109.1836678,23.1271124,106.0284624,0.214986981,
105.6705671,109.1832859,23.12019279,106.0233096,0.214927521,
105.6905691,109.1829047,23.11327674,106.0181636,0.214868084,
105.7105711,109.1825242,23.10636425,106.0130245,0.214808671,
105.7305731,109.1821445,23.09945533,106.0078925,0.214749282,
105.7505751,109.1817655,23.09255001,106.0027678,0.214689916,
105.7705771,109.1813871,23.08564829,105.9976506,0.214630573,
105.7905791,109.1810095,23.07875019,105.9925409,0.214571255,
105.8105811,109.1806326,23.07185572,105.9874389,0.21451196,
105.8305831,109.1802564,23.0649649,105.9823449,0.214452689,
105.8505851,109.1798809,23.05807775,105.9772589,0.214393442,
105.8705871,109.179506,23.05119427,105.9721811,0.214334219,
105.8905891,109.1791319,23.04431448,105.9671116,0.21427502,
105.9105911,109.1787584,23.03743839,105.9620507,0.214215845,
105.9305931,109.1783856,23.03056603,105.9569985,0.214156693,
105.9505951,109.1780134,23.02369739,105.9519551,0.214097566,
105.9705971,109.1776419,23.0168325,105.9469208,0.214038464,
105.9905991,109.1772711,23.00997137,105.9418955,0.213979385,
106.0106011,109.1769009,23.00311402,105.9368796,0.213920331,
106.0306031,109.1765314,22.99626045,105.9318731,0.213861301,
106.0506051,109.1761625,22.98941069,105.9268763,0.213802295,
106.0706071,109.1757942,22.98256475,105.9218892,0.213743314,
106.0906091,109.1754266,22.97572263,105.9169121,0.213684357,
106.1106111,109.1750596,22.96888436,105.9119451,0.213625425,
106.1306131,109.1746932,22.96204995,105.9069883,0.213566517,
106.1506151,109.1743275,22.95521941,105.902042,0.213507634,
106.1706171,109.1739623,22.94839276,105.8971062,0.213448776,
106.1906191,109.1735978,22.94157001,105.8921811,0.213389942,
106.2106211,109.1732338,22.93475118,105.8872669,0.213331133,
106.2306231,109.1728705,22.92793628,105.8823637,0.213272349,
106.2506251,109.1725077,22.92112532,105.8774718,0.21321359,
106.2706271,109.1721456,22.91431831,105.8725911,0.213154856,
106.2906291,109.171784,22.90751528,105.867722,0.213096146,
106.3106311,109.171423,22.90071624,105.8628646,0.213037462,
106.3306331,109.1710625,22.89392119,105.858019,0.212978803,
106.3506351,109.1707027,22.88713016,105.8531853,0.212920169,
106.3706371,109.1703434,22.88034316,105.8483638,0.21286156,
106.3906391,109.1699846,22.8735602,105.8435546,0.212802976,
106.4106411,109.1696264,22.86678129,105.8387578,0.212744417,
106.4306431,109.1692688,22.86000646,105.8339737,0.212685884,
106.4506451,109.1689117,22.85323571,105.8292023,0.212627377,
106.4706471,109.1685551,22.84646906,105.8244438,0.212568894,
106.4906491,109.1681991,22.83970652,105.8196984,0.212510437,
106.5106511,109.1678436,22.83294811,105.8149662,0.212452006,
106.5306531,109.1674886,22.82619384,105.8102475,0.2123936,
106.5506551,109.1671341,22.81944372,105.8055422,0.21233522,
106.5706571,109.1667802,22.81269778,105.8008507,0.212276865,
106.5906591,109.1664267,22.80595601,105.7961731,0.212218537,
106.6106611,109.1660738,22.79921845,105.7915094,0.212160233,
106.6306631,109.1657213,22.79248509,105.78686,0.212101956,
106.6506651,109.1653694,22.78575596,105.7822249,0.212043705,
106.6706671,109.1650179,22.77903107,105.7776042,0.211985479,
106.6906691,109.164667,22.77231043,105.7729982,0.21192728,
106.7106711,109.1643165,22.76559407,105.7684071,0.211869107,
106.7306731,109.1639664,22.75888198,105.7638308,0.211810959,
106.7506751,109.1636169,22.75217419,105.7592697,0.211752838,
106.7706771,109.1632678,22.7454707,105.7547239,0.211694743,
106.7906791,109.1629192,22.73877155,105.7501935,0.211636674,
106.8106811,109.162571,22.73207673,105.7456787,0.211578631,
106.8306831,109.1622233,22.72538626,105.7411797,0.211520615,
106.8506851,109.161876,22.71870016,105.7366965,0.211462625,
106.8706871,109.1615291,22.71201844,105.7322294,0.211404661,
106.8906891,109.1611827,22.70534111,105.7277786,0.211346724,
106.9106911,109.1608368,22.69866819,105.7233441,0.211288814,
106.9306931,109.1604912,22.6919997,105.7189261,0.21123093,
106.9506951,109.1601461,22.68533564,105.7145248,0.211173073,
106.9706971,109.1598014,22.67867603,105.7101404,0.211115242,
106.9906991,109.159457,22.67202089,105.705773,0.211057438,
107.0107011,109.1591131,22.66537023,105.7014227,0.210999661,
107.0307031,109.1587696,22.65872406,105.6970898,0.21094191,
107.0507051,109.1584265,22.65208239,105.6927743,0.210884187,
107.0707071,109.1580838,22.64544525,105.6884765,0.21082649,
107.0907091,109.1577415,22.63881264,105.6841964,0.21076882,
107.1107111,109.1573995,22.63218458,105.6799343,0.210711178,
107.1307131,109.157058,22.62556109,105.6756903,0.210653562,
107.1507151,109.1567168,22.61894217,105.6714646,0.210595974,
107.1707171,109.1563759,22.61232785,105.6672572,0.210538413,
107.1907191,109.1560355,22.60571813,105.6630685,0.210480878,
107.2107211,109.1556953,22.59911303,105.6588985,0.210423372,
107.2307231,109.1553556,22.59251256,105.6547473,0.210365892,
107.2507251,109.1550161,22.58591675,105.6506152,0.21030844,
107.2707271,109.1546771,22.57932559,105.6465023,0.210251015,
107.2907291,109.1543383,22.57273911,105.6424088,0.210193618,
107.3107311,109.1539999,22.56615732,105.6383348,0.210136248,
107.3307331,109.1536618,22.55958024,105.6342805,0.210078906,
107.3507351,109.1533241,22.55300787,105.6302459,0.210021592,
107.3707371,109.1529866,22.54644024,105.6262314,0.209964305,
107.3907391,109.1526495,22.53987735,105.622237,0.209907046,
107.4107411,109.1523127,22.53331923,105.6182629,0.209849814,
107.4307431,109.1519761,22.52676588,105.6143093,0.209792611,
107.4507451,109.1516399,22.52021731,105.6103763,0.209735435,
107.4707471,109.151304,22.51367355,105.6064641,0.209678287,
107.4907491,109.1509683,22.50713461,105.6025728,0.209621167,
107.5107511,109.1506329,22.5006005,105.5987025,0.209564076,
107.5307531,109.1502979,22.49407123,105.5948536,0.209507012,
107.5507551,109.149963,22.48754683,105.591026,0.209449976,
107.5707571,109.1496285,22.48102729,105.58722,0.209392969,
107.5907591,109.1492942,22.47451265,105.5834356,0.209335989,
107.6107611,109.1489602,22.46800291,105.5796732,0.209279038,
107.6307631,109.1486264,22.46149808,105.5759328,0.209222116,
107.6507651,109.1482929,22.45499818,105.5722146,0.209165221,
107.6707671,109.1479596,22.44850322,105.5685187,0.209108356,
107.6907691,109.1476266,22.44201323,105.5648453,0.209051518,
107.7107711,109.1472937,22.4355282,105.5611946,0.208994709,
107.7307731,109.1469612,22.42904816,105.5575666,0.208937929,
107.7507751,109.1466288,22.42257313,105.5539617,0.208881177,
107.7707771,109.1462967,22.4161031,105.5503799,0.208824454,
107.7907791,109.1459647,22.40963811,105.5468213,0.20876776,
107.8107811,109.145633,22.40317815,105.5432862,0.208711094,
107.8307831,109.1453015,22.39672326,105.5397748,0.208654457,
107.8507851,109.1449702,22.39027343,105.536287,0.208597849,
107.8707871,109.1446391,22.38382869,105.5328232,0.20854127,
107.8907891,109.1443081,22.37738905,105.5293834,0.20848472,
107.9107911,109.1439774,22.37095452,105.5259679,0.208428199,
107.9307931,109.1436468,22.36452512,105.5225767,0.208371707,
107.9507951,109.1433164,22.35810086,105.5192101,0.208315245,
107.9707971,109.1429862,22.35168175,105.5158682,0.208258811,
107.9907991,109.1426561,22.34526781,105.5125512,0.208202406,
108.0108011,109.1423262,22.33885906,105.5092591,0.208146031,
108.0308031,109.1419965,22.33245551,105.5059922,0.208089685,
108.0508051,109.1416669,22.32605716,105.5027507,0.208033369,
108.0708071,109.1413375,22.31966404,105.4995346,0.207977082,
108.0908091,109.1410081,22.31327616,105.4963442,0.207920824,
108.1108111,109.140679,22.30689354,105.4931795,0.207864596,
108.1308131,109.1403499,22.30051618,105.4900409,0.207808397,
108.1508151,109.140021,22.29414411,105.4869283,0.207752229,
108.1708171,109.1396922,22.28777733,105.483842,0.207696089,
108.1908191,109.1393635,22.28141586,105.4807821,0.20763998,
108.2108211,109.1390349,22.27505972,105.4777488,0.2075839,
108.2308231,109.1387065,22.26870891,105.4747423,0.20752785,
108.2508251,109.1383781,22.26236346,105.4717626,0.20747183,
108.2708271,109.1380498,22.25602337,105.46881,0.20741584,
108.2908291,109.1377217,22.24968866,105.4658846,0.207359879,
108.3108311,109.1373936,22.24335935,105.4629865,0.207303949,
108.3308331,109.1370656,22.23703545,105.460116,0.207248049,
108.3508351,109.1367376,22.23071697,105.4572732,0.207192179,
108.3708371,109.1364098,22.22440392,105.4544582,0.207136339,
108.3908391,109.136082,22.21809633,105.4516712,0.207080529,
108.4108411,109.1357542,22.2117942,105.4489124,0.20702475,
108.4308431,109.1354265,22.20549756,105.4461818,0.206969001,
108.4508451,109.1350989,22.1992064,105.4434798,0.206913282,
108.4708471,109.1347713,22.19292075,105.4408063,0.206857594,
108.4908491,109.1344438,22.18664063,105.4381616,0.206801936,
108.5108511,109.1341163,22.18036604,105.4355459,0.206746308,
108.5308531,109.1337888,22.174097,105.4329593,0.206690712,
108.5508551,109.1334614,22.16783352,105.4304019,0.206635145,
108.5708571,109.133134,22.16157562,105.4278739,0.20657961,
108.5908591,109.1328066,22.15532332,105.4253755,0.206524105,
108.6108611,109.1324792,22.14907662,105.4229068,0.206468631,
108.6308631,109.1321518,22.14283554,105.420468,0.206413188,
108.6508651,109.1318244,22.13660009,105.4180592,0.206357775,
108.6708671,109.131497,22.13037029,105.4156806,0.206302394,
108.6908691,109.1311696,22.12414615,105.4133324,0.206247044,
108.7108711,109.1308422,22.1179277,105.4110147,0.206191724,
108.7308731,109.1305148,22.11171493,105.4087276,0.206136436,
108.7508751,109.1301874,22.10550786,105.4064714,0.206081178,
108.7708771,109.1298599,22.09930652,105.4042461,0.206025952,
108.7908791,109.1295324,22.0931109,105.402052,0.205970757,
108.8108811,109.1292048,22.08692104,105.3998892,0.205915594,
108.8308831,109.1288773,22.08073693,105.3977578,0.205860461,
108.8508851,109.1285496,22.07455861,105.395658,0.20580536,
108.8708871,109.128222,22.06838606,105.39359,0.205750291,
108.8908891,109.1278942,22.06221933,105.3915539,0.205695253,
108.9108911,109.1275664,22.05605841,105.3895499,0.205640246,
108.9308931,109.1272386,22.04990332,105.3875781,0.205585271,
108.9508951,109.1269106,22.04375408,105.3856387,0.205530328,
108.9708971,109.1265826,22.03761069,105.3837318,0.205475416,
108.9908991,109.1262545,22.03147318,105.3818577,0.205420536,
109.0109011,109.1259264,22.02534156,105.3800164,0.205365687,
109.0309031,109.1255981,22.01921584,105.3782082,0.205310871,
109.0509051,109.1252697,22.01309604,105.3764331,0.205256086,
109.0709071,109.1249413,22.00698217,105.3746913,0.205201334,
109.0909091,109.1246127,22.00087424,105.3729831,0.205146613,
109.1109111,109.124284,21.99477226,105.3713085,0.205091924,
109.1309131,109.1239552,21.98867627,105.3696677,0.205037268,
109.1509151,109.1236263,21.98258625,105.3680608,0.204982643,
109.1709171,109.1232973,21.97650224,105.3664881,0.204928051,
109.1909191,109.1229681,21.97042424,105.3649496,0.20487349,
109.2109211,109.1226388,21.96435227,105.3634456,0.204818962,
109.2309231,109.1223094,21.95828635,105.3619762,0.204764467,
109.2509251,109.1219798,21.95222648,105.3605415,0.204710004,
109.2709271,109.12165,21.94617268,105.3591417,0.204655573,
109.2909291,109.1213202,21.94012497,105.357777,0.204601174,
109.3109311,109.1209901,21.93408335,105.3564475,0.204546809,
109.3309331,109.1206599,21.92804785,105.3551534,0.204492475,
109.3509351,109.1203295,21.92201848,105.3538948,0.204438175,
109.3709371,109.1199989,21.91599525,105.3526719,0.204383907,
109.3909391,109.1196682,21.90997817,105.3514848,0.204329671,
109.4109411,109.1193373,21.90396726,105.3503338,0.204275469,
109.4309431,109.1190062,21.89796254,105.3492189,0.204221299,
109.4509451,109.1186749,21.89196401,105.3481403,0.204167162,
109.4709471,109.1183434,21.8859717,105.3470982,0.204113058,
109.4909491,109.1180117,21.87998561,105.3460927,0.204058987,
109.5109511,109.1176797,21.87400576,105.3451241,0.204004949,
109.5309531,109.1173476,21.86803217,105.3441923,0.203950944,
109.5509551,109.1170153,21.86206484,105.3432977,0.203896972,
109.5709571,109.1166827,21.8561038,105.3424403,0.203843034,
109.5909591,109.1163499,21.85014905,105.3416203,0.203789128,
109.6109611,109.1160169,21.84420061,105.3408379,0.203735256,
109.6309631,109.1156836,21.8382585,105.3400933,0.203681417,
109.6509651,109.1153501,21.83232273,105.3393865,0.203627612,
109.6709671,109.1150163,21.82639331,105.3387178,0.20357384,
109.6909691,109.1146823,21.82047025,105.3380873,0.203520101,
109.7109711,109.114348,21.81455358,105.3374951,0.203466396,
109.7309731,109.1140135,21.8086433,105.3369414,0.203412724,
109.7509751,109.1136787,21.80273943,105.3364265,0.203359086,
109.7709771,109.1133436,21.79684199,105.3359503,0.203305482,
109.7909791,109.1130082,21.79095098,105.3355131,0.203251911,
109.8109811,109.1126726,21.78506642,105.3351151,0.203198374,
109.8309831,109.1123367,21.77918833,105.3347564,0.203144871,
109.8509851,109.1120005,21.77331671,105.3344371,0.203091402,
109.8709871,109.111664,21.7674516,105.3341575,0.203037967,
109.8909891,109.1113272,21.76159298,105.3339176,0.202984566,
109.9109911,109.11099,21.75574089,105.3337176,0.202931198,
109.9309931,109.1106526,21.74989534,105.3335578,0.202877865,
109.9509951,109.1103149,21.74405634,105.3334382,0.202824566,
109.9709971,109.1099768,21.7382239,105.3333589,0.202771301,
109.9909991,109.1096384,21.73239804,105.3333203,0.20271807,
110.0110011,109.1092999,21.72657866,105.3333182,0.202664874,
110.0310031,109.1089624,21.72076526,105.3333325,0.202611714,
110.0510051,109.1086261,21.71495775,105.3333604,0.202558589,
110.0710071,109.1082909,21.70915611,105.3334019,0.2025055,
110.0910091,109.1079568,21.70336032,105.3334569,0.202452446,
110.1110111,109.1076239,21.69757037,105.3335253,0.202399428,
110.1310131,109.1072922,21.69178623,105.3336071,0.202346446,
110.1510151,109.1069616,21.68600791,105.3337022,0.202293499,
110.1710171,109.1066321,21.68023537,105.3338107,0.202240587,
110.1910191,109.1063037,21.6744686,105.3339324,0.20218771,
110.2110211,109.1059764,21.66870758,105.3340673,0.202134868,
110.2310231,109.1056502,21.6629523,105.3342154,0.202082061,
110.2510251,109.1053252,21.65720274,105.3343765,0.20202929,
110.2710271,109.1050012,21.65145888,105.3345508,0.201976552,
110.2910291,109.1046783,21.6457207,105.334738,0.20192385,
110.3110311,109.1043566,21.6399882,105.3349382,0.201871182,
110.3310331,109.1040359,21.63426135,105.3351513,0.201818549,
110.3510351,109.1037163,21.62854013,105.3353773,0.20176595,
110.3710371,109.1033977,21.62282453,105.3356161,0.201713386,
110.3910391,109.1030802,21.61711454,105.3358676,0.201660855,
110.4110411,109.1027638,21.61141013,105.3361319,0.201608359,
110.4310431,109.1024484,21.60571129,105.3364089,0.201555897,
110.4510451,109.1021341,21.600018,105.3366984,0.201503469,
110.4710471,109.1018209,21.59433024,105.3370006,0.201451075,
110.4910491,109.1015086,21.588648,105.3373152,0.201398715,
110.5110511,109.1011974,21.58297127,105.3376424,0.201346388,
110.5310531,109.1008873,21.57730001,105.3379819,0.201294095,
110.5510551,109.1005781,21.57163423,105.3383339,0.201241835,
110.5710571,109.10027,21.5659739,105.3386981,0.201189609,
110.5910591,109.0999629,21.560319,105.3390747,0.201137417,
110.6110611,109.0996568,21.55466951,105.3394634,0.201085257,
110.6310631,109.0993517,21.54902543,105.3398644,0.201033131,
110.6510651,109.0990476,21.54338673,105.3402775,0.200981037,
110.6710671,109.0987445,21.5377534,105.3407027,0.200928977,
110.6910691,109.0984424,21.53212542,105.3411399,0.20087695,
110.7110711,109.0981413,21.52650277,105.3415891,0.200824955,
110.7310731,109.0978411,21.52088543,105.3420502,0.200772993,
110.7510751,109.0975419,21.5152734,105.3425233,0.200721064,
110.7710771,109.0972437,21.50966665,105.3430082,0.200669167,
110.7910791,109.0969465,21.50406516,105.3435048,0.200617303,
110.8110811,109.0966502,21.49846893,105.3440132,0.200565471,
110.8310831,109.0963548,21.49287792,105.3445334,0.200513671,
110.8510851,109.0960604,21.48729214,105.3450651,0.200461904,
110.8710871,109.0957669,21.48171155,105.3456085,0.200410168,
110.8910891,109.0954744,21.47613614,105.3461634,0.200358465,
110.9110911,109.0951828,21.4705659,105.3467298,0.200306793,
110.9310931,109.0948921,21.4650008,105.3473077,0.200255154,
110.9510951,109.0946023,21.45944084,105.3478969,0.200203546,
110.9710971,109.0943135,21.45388599,105.3484976,0.200151969,
110.9910991,109.0940255,21.44833624,105.3491095,0.200100424,
111.0111011,109.0937385,21.44279157,105.3497327,0.200048911,
111.0311031,109.0934524,21.43725197,105.3503671,0.199997429,
111.0511051,109.0931671,21.43171741,105.3510127,0.199945978,
111.0711071,109.0928827,21.42618789,105.3516693,0.199894559,
111.0911091,109.0925993,21.42066337,105.3523371,0.19984317,
111.1111111,109.0923167,21.41514386,105.3530158,0.199791813,
111.1311131,109.0920349,21.40962932,105.3537056,0.199740486,
111.1511151,109.091754,21.40411975,105.3544062,0.19968919,
111.1711171,109.091474,21.39861513,105.3551177,0.199637925,
111.1911191,109.0911949,21.39311543,105.35584,0.199586691,
111.2111211,109.0909166,21.38762065,105.3565731,0.199535487,
111.2311231,109.0906391,21.38213076,105.357317,0.199484313,
111.2511251,109.0903625,21.37664576,105.3580715,0.19943317,
111.2711271,109.0900867,21.37116562,105.3588366,0.199382057,
111.2911291,109.0898117,21.36569032,105.3596123,0.199330975,
111.3111311,109.0895376,21.36021985,105.3603985,0.199279922,
111.3311331,109.0892643,21.35475419,105.3611953,0.1992289,
111.3511351,109.0889918,21.34929333,105.3620024,0.199177907,
111.3711371,109.0887201,21.34383725,105.3628199,0.199126944,
111.3911391,109.0884492,21.33838593,105.3636478,0.199076011,
111.4111411,109.0881791,21.33293936,105.364486,0.199025108,
111.4311431,109.0879098,21.32749751,105.3653343,0.198974234,
111.4511451,109.0876413,21.32206037,105.3661929,0.198923389,
111.4711471,109.0873735,21.31662793,105.3670616,0.198872574,
111.4911491,109.0871065,21.31120017,105.3679405,0.198821788,
111.5111511,109.0868403,21.30577707,105.3688293,0.198771032,
111.5311531,109.0865749,21.30035861,105.3697282,0.198720304,
111.5511551,109.0863102,21.29494478,105.3706369,0.198669606,
111.5711571,109.0860463,21.28953556,105.3715556,0.198618936,
111.5911591,109.0857832,21.28413094,105.3724842,0.198568295,
111.6111611,109.0855207,21.27873089,105.3734225,0.198517683,
111.6311631,109.085259,21.2733354,105.3743706,0.1984671,
111.6511651,109.0849981,21.26794446,105.3753284,0.198416545,
111.6711671,109.0847379,21.26255804,105.3762958,0.198366019,
111.6911691,109.0844784,21.25717613,105.3772729,0.198315521,
111.7111711,109.0842196,21.25179871,105.3782595,0.198265051,
111.7311731,109.0839615,21.24642578,105.3792556,0.19821461,
111.7511751,109.0837041,21.2410573,105.3802612,0.198164196,
111.7711771,109.0834475,21.23569326,105.3812762,0.198113811,
111.7911791,109.0831915,21.23033365,105.3823005,0.198063453,
111.8111811,109.0829362,21.22497845,105.3833342,0.198013124,
111.8311831,109.0826816,21.21962764,105.3843771,0.197962822,
111.8511851,109.0824277,21.2142812,105.3854292,0.197912548,
111.8711871,109.0821745,21.20893913,105.3864905,0.197862301,
111.8911891,109.0819219,21.20360139,105.387561,0.197812082,
111.9111911,109.08167,21.19826799,105.3886405,0.19776189,
111.9311931,109.0814187,21.19293889,105.389729,0.197711725,
111.9511951,109.0811682,21.18761408,105.3908265,0.197661588,
111.9711971,109.0809182,21.18229354,105.3919329,0.197611478,
111.9911991,109.0806689,21.17697727,105.3930482,0.197561395,
112.0112011,109.0804202,21.17166523,105.3941723,0.197511338,
112.0312031,109.0801722,21.16635742,105.3953052,0.197461309,
112.0512051,109.0799248,21.16105382,105.3964468,0.197411306,
112.0712071,109.079678,21.1557544,105.3975971,0.19736133,
112.0912091,109.0794319,21.15045917,105.3987561,0.197311381,
112.1112111,109.0791863,21.14516808,105.3999236,0.197261458,
112.1312131,109.0789414,21.13988114,105.4010996,0.197211561,
112.1512151,109.078697,21.13459832,105.4022842,0.197161691,
112.1712171,109.0784533,21.12931961,105.4034772,0.197111847,
112.1912191,109.0782101,21.12404499,105.4046785,0.197062029,
112.2112211,109.0779675,21.11877444,105.4058883,0.197012237,
112.2312231,109.0777255,21.11350795,105.4071063,0.196962471,
112.2512251,109.0774841,21.1082455,105.4083325,0.196912731,
112.2712271,109.0772433,21.10298707,105.4095669,0.196863016,
112.2912291,109.077003,21.09773264,105.4108095,0.196813327,
112.3112311,109.0767632,21.09248221,105.4120602,0.196763664,
112.3312331,109.0765241,21.08723574,105.413319,0.196714026,
112.3512351,109.0762854,21.08199323,105.4145857,0.196664414,
112.3712371,109.0760474,21.07675466,105.4158604,0.196614827,
112.3912391,109.0758098,21.07152002,105.417143,0.196565265,
112.4112411,109.0755728,21.06628927,105.4184334,0.196515729,
112.4312431,109.0753363,21.06106242,105.4197317,0.196466217,
112.4512451,109.0751003,21.05583944,105.4210377,0.19641673,
112.4712471,109.0748649,21.05062031,105.4223514,0.196367269,
112.4912491,109.0746299,21.04540502,105.4236728,0.196317831,
112.5112511,109.0743955,21.04019355,105.4250017,0.196268419,
112.5312531,109.0741616,21.03498588,105.4263383,0.196219031,
112.5512551,109.0739281,21.02978201,105.4276824,0.196169668,
112.5712571,109.0736952,21.0245819,105.4290339,0.196120329,
112.5912591,109.0734627,21.01938555,105.4303928,0.196071014,
112.6112611,109.0732307,21.01419293,105.4317591,0.196021724,
112.6312631,109.0729992,21.00900403,105.4331328,0.195972458,
112.6512651,109.0727681,21.00381884,105.4345137,0.195923215,
112.6712671,109.0725376,20.99863734,105.4359018,0.195873997,
112.6912691,109.0723074,20.9934595,105.4372971,0.195824803,
112.7112711,109.0720778,20.98828532,105.4386995,0.195775632,
112.7312731,109.0718485,20.98311477,105.440109,0.195726485,
112.7512751,109.0716197,20.97794784,105.4415255,0.195677361,
112.7712771,109.0713914,20.97278452,105.4429491,0.195628262,
112.7912791,109.0711635,20.96762478,105.4443795,0.195579185,
112.8112811,109.070936,20.96246861,105.4458168,0.195530132,
112.8312831,109.0707089,20.95731599,105.447261,0.195481102,
112.8512851,109.0704823,20.95216691,105.4487119,0.195432095,
112.8712871,109.070256,20.94702134,105.4501696,0.195383111,
112.8912891,109.0700302,20.94187928,105.4516339,0.19533415,
112.9112911,109.0698047,20.9367407,105.4531049,0.195285212,
112.9312931,109.0695797,20.9316056,105.4545825,0.195236297,
112.9512951,109.069355,20.92647394,105.4560666,0.195187405,
112.9712971,109.0691308,20.92134571,105.4575572,0.195138535,
112.9912991,109.0689069,20.91622091,105.4590543,0.195089687,
113.0113011,109.0686833,20.91109951,105.4605578,0.195040862,
113.0313031,109.0684602,20.90598149,105.4620676,0.19499206,
113.0513051,109.0682374,20.90086683,105.4635837,0.194943279,
113.0713071,109.068015,20.89575553,105.465106,0.194894521,
113.0913091,109.0677929,20.89064756,105.4666346,0.194845785,
113.1113111,109.0675712,20.88554291,105.4681693,0.19479707,
113.1313131,109.0673498,20.88044156,105.4697101,0.194748378,
113.1513151,109.0671287,20.87534349,105.471257,0.194699707,
113.1713171,109.066908,20.87024869,105.4728098,0.194651058,
113.1913191,109.0666876,20.86515714,105.4743686,0.194602431,
113.2113211,109.0664675,20.86006882,105.4759334,0.194553825,
113.2313231,109.0662477,20.85498372,105.477504,0.19450524,
113.2513251,109.0660283,20.84990182,105.4790804,0.194456677,
113.2713271,109.0658091,20.8448231,105.4806626,0.194408135,
113.2913291,109.0655903,20.83974754,105.4822504,0.194359615,
113.3113311,109.0653717,20.83467514,105.483844,0.194311115,
113.3313331,109.0651534,20.82960587,105.4854432,0.194262636,
113.3513351,109.0649354,20.82453971,105.4870479,0.194214178,
113.3713371,109.0647177,20.81947665,105.4886582,0.194165741,
113.3913391,109.0645003,20.81441667,105.4902739,0.194117325,
113.4113411,109.0642831,20.80935976,105.491895,0.194068929,
113.4313431,109.0640662,20.80430589,105.4935216,0.194020554,
113.4513451,109.0638496,20.79925506,105.4951534,0.193972199,
113.4713471,109.0636332,20.79420724,105.4967905,0.193923865,
113.4913491,109.063417,20.78916242,105.4984329,0.19387555,
113.5113511,109.0632011,20.78412058,105.5000804,0.193827256,
113.5313531,109.0629854,20.77908171,105.5017331,0.193778982,
113.5513551,109.06277,20.77404578,105.5033908,0.193730728,
113.5713571,109.0625548,20.76901278,105.5050536,0.193682494,
113.5913591,109.0623397,20.7639827,105.5067214,0.19363428,
113.6113611,109.062125,20.75895551,105.5083941,0.193586085,
113.6313631,109.0619104,20.7539312,105.5100717,0.19353791,
113.6513651,109.061696,20.74890976,105.5117541,0.193489754,
113.6713671,109.0614818,20.74389117,105.5134413,0.193441618,
113.6913691,109.0612678,20.7388754,105.5151333,0.193393502,
113.7113711,109.061054,20.73386244,105.5168299,0.193345404,
113.7313731,109.0608404,20.72885229,105.5185312,0.193297326,
113.7513751,109.060627,20.72384491,105.5202371,0.193249266,
113.7713771,109.0604137,20.71884029,105.5219476,0.193201226,
113.7913791,109.0602006,20.71383842,105.5236625,0.193153205,
113.8113811,109.0599877,20.70883928,105.5253819,0.193105202,
113.8313831,109.0597749,20.70384285,105.5271057,0.193057218,
113.8513851,109.0595623,20.69884912,105.5288338,0.193009253,
113.8713871,109.0593498,20.69385806,105.5305663,0.192961306,
113.8913891,109.0591374,20.68886967,105.532303,0.192913378,
113.9113911,109.0589252,20.68388392,105.5340439,0.192865468,
113.9313931,109.0587132,20.6789008,105.535789,0.192817576,
113.9513951,109.0585012,20.67392029,105.5375381,0.192769702,
113.9713971,109.0582894,20.66894238,105.5392914,0.192721847,
113.9913991,109.0580776,20.66396704,105.5410486,0.192674009,
114.0114011,109.057866,20.65899427,105.5428098,0.19262619,
114.0314031,109.0576545,20.65402403,105.544575,0.192578388,
114.0514051,109.0574431,20.64905633,105.546344,0.192530604,
114.0714071,109.0572318,20.64409114,105.5481168,0.192482837,
114.0914091,109.0570205,20.63912844,105.5498934,0.192435088,
114.1114111,109.0568094,20.63416821,105.5516737,0.192387357,
114.1314131,109.0565983,20.62921045,105.5534576,0.192339643,
114.1514151,109.0563873,20.62425513,105.5552452,0.192291946,
114.1714171,109.0561764,20.61930224,105.5570364,0.192244266,
114.1914191,109.0559655,20.61435176,105.5588311,0.192196603,
114.2114211,109.0557547,20.60940366,105.5606293,0.192148958,
114.2314231,109.0555439,20.60445795,105.5624309,0.192101329,
114.2514251,109.0553332,20.5995146,105.5642359,0.192053717,
114.2714271,109.0551225,20.59457358,105.5660442,0.192006122,
114.2914291,109.0549118,20.5896349,105.5678558,0.191958543,
114.3114311,109.0547012,20.58469852,105.5696706,0.191910981,
114.3314331,109.0544906,20.57976443,105.5714886,0.191863436,
114.3514351,109.05428,20.57483262,105.5733098,0.191815906,
114.3714371,109.0540695,20.56990307,105.575134,0.191768393,
114.3914391,109.0538589,20.56497576,105.5769613,0.191720897,
114.4114411,109.0536483,20.56005068,105.5787916,0.191673416,
114.4314431,109.0534378,20.5551278,105.5806248,0.191625951,
114.4514451,109.0532272,20.55020712,105.5824609,0.191578502,
114.4714471,109.0530166,20.5452886,105.5842999,0.191531069,
114.4914491,109.052806,20.54037225,105.5861416,0.191483652,
114.5114511,109.0525954,20.53545804,105.5879861,0.19143625,
114.5314531,109.0523847,20.53054595,105.5898333,0.191388864,
114.5514551,109.0521741,20.52563597,105.5916831,0.191341494,
114.5714571,109.0519633,20.52072808,105.5935356,0.191294138,
114.5914591,109.0517526,20.51582226,105.5953906,0.191246798,
114.6114611,109.0515417,20.5109185,105.5972481,0.191199474,
114.6314631,109.0513309,20.50601678,105.5991081,0.191152164,
114.6514651,109.0511199,20.50111709,105.6009704,0.191104869,
114.6714671,109.0509089,20.4962194,105.6028352,0.191057589,
114.6914691,109.0506978,20.4913237,105.6047022,0.191010324,
114.7114711,109.0504867,20.48642997,105.6065715,0.190963074,
114.7314731,109.0502754,20.4815382,105.608443,0.190915839,
114.7514751,109.0500641,20.47664837,105.6103167,0.190868618,
114.7714771,109.0498527,20.47176046,105.6121925,0.190821411,
114.7914791,109.0496412,20.46687445,105.6140703,0.190774219,
114.8114811,109.0494296,20.46199034,105.6159502,0.190727041,
114.8314831,109.0492178,20.4571081,105.6178321,0.190679877,
114.8514851,109.049006,20.45222771,105.6197158,0.190632727,
114.8714871,109.048794,20.44734916,105.6216015,0.190585592,
114.8914891,109.0485819,20.44247243,105.6234889,0.19053847,
114.9114911,109.0483697,20.43759751,105.6253782,0.190491362,
114.9314931,109.0481574,20.43272438,105.6272691,0.190444268,
114.9514951,109.0479449,20.42785301,105.6291618,0.190397188,
114.9714971,109.0477322,20.4229834,105.6310561,0.190350121,
114.9914991,109.0475195,20.41811553,105.6329519,0.190303067,
115.0115012,109.0473065,20.41324938,105.6348493,0.190256027,
115.0315032,109.0470934,20.40838494,105.6367482,0.190209,
115.0515052,109.0468801,20.40352218,105.6386485,0.190161987,
115.0715072,109.0466667,20.39866109,105.6405502,0.190114986,
115.0915092,109.0464531,20.39380166,105.6424532,0.190067999,
115.1115112,109.0462393,20.38894386,105.6443575,0.190021024,
115.1315132,109.0460253,20.38408768,105.6462631,0.189974062,
115.1515152,109.0458111,20.37923311,105.6481698,0.189927113,
115.1715172,109.0455967,20.37438012,105.6500777,0.189880177,
115.1915192,109.0453821,20.3695287,105.6519867,0.189833253,
115.2115212,109.0451673,20.36467884,105.6538967,0.189786342,
115.2315232,109.0449523,20.35983051,105.6558077,0.189739443,
115.2515252,109.0447371,20.3549837,105.6577197,0.189692556,
115.2715272,109.0445216,20.35013839,105.6596326,0.189645682,
115.2915292,109.0443059,20.34529457,105.6615463,0.18959882,
115.3115312,109.04409,20.34045222,105.6634608,0.189551969,
115.3315332,109.0438738,20.33561132,105.6653761,0.189505131,
115.3515352,109.0436574,20.33077185,105.6672921,0.189458304,
115.3715372,109.0434407,20.32593381,105.6692087,0.18941149,
115.3915392,109.0432238,20.32109716,105.671126,0.189364687,
115.4115412,109.0430066,20.3162619,105.6730438,0.189317895,
115.4315432,109.0427892,20.31142801,105.6749621,0.189271115,
115.4515452,109.0425715,20.30659547,105.6768809,0.189224346,
115.4715472,109.0423535,20.30176426,105.6788001,0.189177589,
115.4915492,109.0421352,20.29693437,105.6807196,0.189130843,
115.5115512,109.0419166,20.29210579,105.6826395,0.189084108,
115.5315532,109.0416978,20.28727848,105.6845597,0.189037384,
115.5515552,109.0414786,20.28245245,105.68648,0.188990671,
115.5715572,109.0412591,20.27762766,105.6884006,0.188943968,
115.5915592,109.0410393,20.27280411,105.6903212,0.188897277,
115.6115612,109.0408192,20.26798177,105.6922419,0.188850596,
115.6315632,109.0405988,20.26316064,105.6941627,0.188803926,
115.6515652,109.0403781,20.25834069,105.6960834,0.188757266,
115.6715672,109.040157,20.2535219,105.6980041,0.188710617,
115.6915692,109.0399356,20.24870426,105.6999246,0.188663978,
115.7115712,109.0397139,20.24388776,105.701845,0.188617349,
115.7315732,109.0394918,20.23907237,105.7037651,0.18857073,
115.7515752,109.0392693,20.23425809,105.705685,0.188524122,
115.7715772,109.0390465,20.22944488,105.7076045,0.188477523,
115.7915792,109.0388233,20.22463274,105.7095237,0.188430934,
115.8115812,109.0385998,20.21982165,105.7114425,0.188384355,
115.8315832,109.0383759,20.21501159,105.7133608,0.188337785,
115.8515852,109.0381516,20.21020255,105.7152786,0.188291226,
115.8715872,109.0379269,20.2053945,105.7171959,0.188244675,
115.8915892,109.0377019,20.20058744,105.7191125,0.188198134,
115.9115912,109.0374764,20.19578134,105.7210285,0.188151603,
115.9315932,109.0372505,20.19097619,105.7229438,0.18810508,
115.9515952,109.0370243,20.18617197,105.7248583,0.188058567,
115.9715972,109.0367976,20.18136866,105.726772,0.188012063,
115.9915992,109.0365705,20.17656626,105.7286849,0.187965567,
116.0116012,109.036343,20.17176473,105.7305969,0.187919081,
116.0316032,109.0361151,20.16696407,105.7325079,0.187872603,
116.0516052,109.0358867,20.16216425,105.7344179,0.187826134,
116.0716072,109.0356579,20.15736527,105.7363269,0.187779674,
116.0916092,109.0354287,20.1525671,105.7382348,0.187733222,
116.1116112,109.035199,20.14776972,105.7401415,0.187686778,
116.1316132,109.0349688,20.14297313,105.7420471,0.187640343,
116.1516152,109.0347382,20.1381773,105.7439514,0.187593916,
116.1716172,109.0345071,20.13338221,105.7458544,0.187547497,
116.1916192,109.0342756,20.12858786,105.7477561,0.187501087,
116.2116212,109.0340436,20.12379422,105.7496564,0.187454684,
116.2316232,109.0338111,20.11900127,105.7515552,0.187408289,
116.2516252,109.0335781,20.114209,105.7534526,0.187361902,
116.2716272,109.0333447,20.1094174,105.7553485,0.187315522,
116.2916292,109.0331107,20.10462644,105.7572427,0.18726915,
116.3116312,109.0328763,20.09983611,105.7591354,0.187222786,
116.3316332,109.0326413,20.09504639,105.7610263,0.187176429,
116.3516352,109.0324058,20.09025727,105.7629156,0.187130079,
116.3716372,109.0321698,20.08546873,105.764803,0.187083737,
116.3916392,109.0319333,20.08068074,105.7666887,0.187037401,
116.4116412,109.0316963,20.0758933,105.7685724,0.186991073,
116.4316432,109.0314587,20.0711064,105.7704543,0.186944752,
116.4516452,109.0312206,20.06632,105.7723341,0.186898438,
116.4716472,109.0309819,20.06153409,105.774212,0.18685213,
116.4916492,109.0307427,20.05674867,105.7760878,0.186805829,
116.5116512,109.030503,20.0519637,105.7779614,0.186759535,
116.5316532,109.0302627,20.04717918,105.7798329,0.186713247,
116.5516552,109.0300218,20.04239508,105.7817022,0.186666965,
116.5716572,109.0297803,20.0376114,105.7835693,0.18662069,
116.5916592,109.0295383,20.03282811,105.785434,0.186574422,
116.6116612,109.0292957,20.0280452,105.7872963,0.186528159,
116.6316632,109.0290525,20.02326264,105.7891563,0.186481902,
116.6516652,109.0288087,20.01848043,105.7910138,0.186435652,
116.6716672,109.0285644,20.01369855,105.7928688,0.186389407,
116.6916692,109.0283194,20.00891697,105.7947212,0.186343168,
116.7116712,109.0280738,20.00413569,105.7965711,0.186296935,
116.7316732,109.0278276,19.99935469,105.7984182,0.186250707,
116.7516752,109.0275808,19.99457394,105.8002627,0.186204485,
116.7716772,109.0273334,19.98979343,105.8021045,0.186158268,
116.7916792,109.0270853,19.98501316,105.8039434,0.186112057,
116.8116812,109.0268366,19.98023309,105.8057795,0.18606585,
116.8316832,109.0265873,19.97545321,105.8076127,0.186019649,
116.8516852,109.0263373,19.97067351,105.809443,0.185973454,
116.8716872,109.0260867,19.96589396,105.8112702,0.185927263,
116.8916892,109.0258354,19.96111456,105.8130945,0.185881077,
116.9116912,109.0255835,19.95633528,105.8149156,0.185834895,
116.9316932,109.0253309,19.95155611,105.8167336,0.185788719,
116.9516952,109.0250776,19.94677703,105.8185484,0.185742547,
116.9716972,109.0248237,19.94199803,105.82036,0.185696379,
116.9916992,109.0245691,19.93721908,105.8221683,0.185650216,
117.0117012,109.0243138,19.93244018,105.8239733,0.185604058,
117.0317032,109.0240578,19.9276613,105.8257749,0.185557903,
117.0517052,109.0238011,19.92288242,105.8275731,0.185511753,
117.0717072,109.0235437,19.91810354,105.8293677,0.185465607,
117.0917092,109.0232856,19.91332463,105.8311589,0.185419465,
117.1117112,109.0230267,19.90854567,105.8329465,0.185373326,
117.1317132,109.0227672,19.90376666,105.8347304,0.185327192,
117.1517152,109.022507,19.89898757,105.8365107,0.185281061,
117.1717172,109.022246,19.89420838,105.8382873,0.185234934,
117.1917192,109.0219842,19.88942909,105.8400601,0.18518881,
117.2117212,109.0217218,19.88464967,105.8418291,0.18514269,
117.2317232,109.0214586,19.8798701,105.8435942,0.185096573,
117.2517252,109.0211946,19.87509037,105.8453554,0.185050459,
117.2717272,109.0209299,19.87031047,105.8471126,0.185004349,
117.2917292,109.0206645,19.86553037,105.8488659,0.184958242,
117.3117312,109.0203982,19.86075006,105.850615,0.184912137,
117.3317332,109.0201312,19.85596952,105.8523601,0.184866036,
117.3517352,109.0198635,19.85118874,105.854101,0.184819937,
117.3717372,109.0195949,19.8464077,105.8558376,0.184773841,
117.3917392,109.0193256,19.84162637,105.8575701,0.184727748,
117.4117412,109.0190554,19.83684476,105.8592982,0.184681657,
117.4317432,109.0187845,19.83206283,105.861022,0.184635569,
117.4517452,109.0185127,19.82728057,105.8627414,0.184589483,
117.4717472,109.0182402,19.82249796,105.8644563,0.184543399,
117.4917492,109.0179669,19.81771499,105.8661667,0.184497317,
117.5117512,109.0176927,19.81293165,105.8678726,0.184451238,
117.5317532,109.0174177,19.80814791,105.8695739,0.18440516,
117.5517552,109.0171419,19.80336375,105.8712705,0.184359085,
117.5717572,109.0168652,19.79857917,105.8729624,0.184313011,
117.5917592,109.0165877,19.79379413,105.8746496,0.184266939,
117.6117612,109.0163094,19.78900864,105.8763321,0.184220869,
117.6317632,109.0160302,19.78422267,105.8780096,0.1841748,
117.6517652,109.0157501,19.77943619,105.8796823,0.184128732,
117.6717672,109.0154692,19.77464921,105.8813501,0.184082666,
117.6917692,109.0151874,19.76986169,105.8830128,0.184036602,
117.7117712,109.0149048,19.76507363,105.8846705,0.183990538,
117.7317732,109.0146213,19.760285,105.8863232,0.183944475,
117.7517752,109.0143369,19.7554958,105.8879707,0.183898414,
117.7717772,109.0140516,19.75070599,105.889613,0.183852353,
117.7917792,109.0137654,19.74591557,105.8912501,0.183806293,
117.8117812,109.0134783,19.74112452,105.892882,0.183760234,
117.8317832,109.0131903,19.73633282,105.8945085,0.183714176,
117.8517852,109.0129014,19.73154046,105.8961296,0.183668118,
117.8717872,109.0126116,19.72674741,105.8977453,0.183622061,
117.8917892,109.0123209,19.72195367,105.8993556,0.183576004,
117.9117912,109.0120293,19.71715921,105.9009603,0.183529947,
117.9317932,109.0117367,19.71236402,105.9025594,0.18348389,
117.9517952,109.0114432,19.70756808,105.904153,0.183437834,
117.9717972,109.0111487,19.70277137,105.9057408,0.183391777,
117.9917992,109.0108533,19.69797388,105.907323,0.183345721,
118.0118012,109.010557,19.69317559,105.9088994,0.183299664,
118.0318032,109.0102597,19.68837649,105.9104699,0.183253607,
118.0518052,109.0099614,19.68357655,105.9120346,0.18320755,
118.0718072,109.0096622,19.67877577,105.9135935,0.183161492,
118.0918092,109.009362,19.67397412,105.9151463,0.183115433,
118.1118112,109.0090608,19.66917158,105.9166931,0.183069374,
118.1318132,109.0087587,19.66436814,105.9182339,0.183023315,
118.1518152,109.0084555,19.65956379,105.9197686,0.182977254,
118.1718172,109.0081514,19.6547585,105.9212971,0.182931193,
118.1918192,109.0078462,19.64995227,105.9228195,0.18288513,
118.2118212,109.0075401,19.64514506,105.9243355,0.182839067,
118.2318232,109.0072329,19.64033688,105.9258453,0.182793002,
118.2518252,109.0069248,19.63552769,105.9273488,0.182746936,
118.2718272,109.0066156,19.63071748,105.9288458,0.182700869,
118.2918292,109.0063054,19.62590624,105.9303364,0.1826548,
118.3118312,109.0059941,19.62109395,105.9318205,0.18260873,
118.3318332,109.0056819,19.61628058,105.9332981,0.182562658,
118.3518352,109.0053686,19.61146614,105.934769,0.182516585,
118.3718372,109.0050542,19.60665059,105.9362334,0.18247051,
118.3918392,109.0047388,19.60183393,105.937691,0.182424432,
118.4118412,109.0044223,19.59701612,105.9391419,0.182378353,
118.4318432,109.0041048,19.59219717,105.940586,0.182332272,
118.4518452,109.0037862,19.58737705,105.9420233,0.182286188,
118.4718472,109.0034665,19.58255574,105.9434537,0.182240103,
118.4918492,109.0031458,19.57773323,105.9448772,0.182194015,
118.5118512,109.002824,19.5729095,105.9462937,0.182147924,
118.5318532,109.0025011,19.56808454,105.9477032,0.182101831,
118.5518552,109.002177,19.56325832,105.9491056,0.182055735,
118.5718572,109.0018519,19.55843083,105.9505009,0.182009637,
118.5918592,109.0015257,19.55360206,105.951889,0.181963536,
118.6118612,109.0011984,19.54877198,105.9532698,0.181917432,
118.6318632,109.00087,19.54394058,105.9546434,0.181871325,
118.6518652,109.0005404,19.53910784,105.9560097,0.181825215,
118.6718672,109.0002097,19.53427376,105.9573686,0.181779102,
118.6918692,108.9998779,19.5294383,105.9587201,0.181732985,
118.7118712,108.999545,19.52460145,105.9600642,0.181686865,
118.7318732,108.9992109,19.5197632,105.9614007,0.181640742,
118.7518752,108.9988757,19.51492353,105.9627297,0.181594615,
118.7718772,108.9985393,19.51008242,105.964051,0.181548485,
118.7918792,108.9982017,19.50523986,105.9653647,0.181502351,
118.8118812,108.997863,19.50039582,105.9666707,0.181456213,
118.8318832,108.9975232,19.4955503,105.9679689,0.181410071,
118.8518852,108.9971821,19.49070327,105.9692593,0.181363926,
118.8718872,108.9968399,19.48585472,105.9705419,0.181317776,
118.8918892,108.9964965,19.48100463,105.9718165,0.181271622,
118.9118912,108.9961519,19.47615299,105.9730832,0.181225464,
118.9318932,108.9958061,19.47129977,105.9743419,0.181179301,
118.9518952,108.9954591,19.46644497,105.9755926,0.181133135,
118.9718972,108.9951109,19.46158856,105.9768352,0.181086963,
118.9918992,108.9947615,19.45673053,105.9780696,0.181040787,
119.0119012,108.9944109,19.45187085,105.9792958,0.180994606,
119.0319032,108.9940591,19.44700953,105.9805138,0.180948421,
119.0519052,108.993706,19.44214652,105.9817234,0.180902231,
119.0719072,108.9933517,19.43728183,105.9829248,0.180856035,
119.0919092,108.9929962,19.43241544,105.9841177,0.180809835,
119.1119112,108.9926394,19.42754732,105.9853022,0.180763629,
119.1319132,108.9922814,19.42267746,105.9864783,0.180717419,
119.1519152,108.9919221,19.41780584,105.9876458,0.180671203,
119.1719172,108.9915616,19.41293245,105.9888047,0.180624981,
119.1919192,108.9911998,19.40805726,105.9899549,0.180578754,
119.2119212,108.9908367,19.40318028,105.9910965,0.180532521,
119.2319232,108.9904724,19.39830146,105.9922294,0.180486283,
119.2519252,108.9901068,19.39342081,105.9933535,0.180440039,
119.2719272,108.9897399,19.3885383,105.9944687,0.180393789,
119.2919292,108.9893717,19.38365391,105.9955751,0.180347533,
119.3119312,108.9890022,19.37876763,105.9966726,0.180301271,
119.3319332,108.9886314,19.37387945,105.9977611,0.180255003,
119.3519352,108.9882594,19.36898933,105.9988405,0.180208729,
119.3719372,108.987886,19.36409728,105.9999109,0.180162448,
119.3919392,108.9875113,19.35920327,106.0009722,0.180116161,
119.4119412,108.9871352,19.35430728,106.0020243,0.180069868,
119.4319432,108.9867579,19.34940931,106.0030672,0.180023568,
119.4519452,108.9863792,19.34450932,106.0041008,0.179977261,
119.4719472,108.9859992,19.3396073,106.0051251,0.179930947,
119.4919492,108.9856178,19.33470325,106.0061401,0.179884627,
119.5119512,108.9852351,19.32979713,106.0071456,0.179838299,
119.5319532,108.984851,19.32488894,106.0081417,0.179791965,
119.5519552,108.9844656,19.31997866,106.0091283,0.179745624,
119.5719572,108.9840788,19.31506626,106.0101053,0.179699275,
119.5919592,108.9836906,19.31015174,106.0110727,0.179652919,
119.6119612,108.9833011,19.30523508,106.0120304,0.179606555,
119.6319632,108.9829102,19.30031626,106.0129785,0.179560184,
119.6519652,108.9825179,19.29539525,106.0139168,0.179513806,
119.6719672,108.9821242,19.29047206,106.0148453,0.179467419,
119.6919692,108.9817291,19.28554665,106.015764,0.179421025,
119.7119712,108.9813326,19.28061902,106.0166727,0.179374623,
119.7319732,108.9809347,19.27568914,106.0175715,0.179328214,
119.7519752,108.9805354,19.27075701,106.0184603,0.179281796,
119.7719772,108.9801347,19.26582259,106.0193391,0.17923537,
119.7919792,108.9797326,19.26088588,106.0202078,0.179188936,
119.8119812,108.979329,19.25594686,106.0210663,0.179142493,
119.8319832,108.978924,19.25100551,106.0219147,0.179096042,
119.8519852,108.9785176,19.24606182,106.0227528,0.179049583,
119.8719872,108.9781097,19.24111576,106.0235806,0.179003115,
119.8919892,108.9777004,19.23616732,106.0243981,0.178956638,
119.9119912,108.9772896,19.23121649,106.0252052,0.178910153,
119.9319932,108.9768774,19.22626325,106.0260019,0.178863659,
119.9519952,108.9764637,19.22130758,106.0267881,0.178817156,
119.9719972,108.9760485,19.21634946,106.0275638,0.178770643,
119.9919992,108.9756319,19.21138888,106.0283289,0.178724122,
120.0120012,108.9752126,19.20642598,106.0290847,0.178677592,
120.0320032,108.974786,19.20146137,106.0298368,0.178631056,
120.0520052,108.9743516,19.19649515,106.0305859,0.178584513,
120.0720072,108.9739095,19.19152731,106.0313319,0.178537965,
120.0920092,108.9734597,19.18655788,106.0320748,0.178491411,
120.1120112,108.9730021,19.18158686,106.0328147,0.178444851,
120.1320132,108.9725369,19.17661427,106.0335516,0.178398285,
120.1520152,108.9720641,19.17164012,106.0342854,0.178351714,
120.1720172,108.9715837,19.16666442,106.0350163,0.178305137,
120.1920192,108.9710958,19.16168717,106.0357442,0.178258554,
120.2120212,108.9706004,19.1567084,106.0364691,0.178211966,
120.2320232,108.9700974,19.15172812,106.037191,0.178165373,
120.2520252,108.969587,19.14674633,106.03791,0.178118774,
120.2720272,108.9690693,19.14176305,106.0386261,0.17807217,
120.2920292,108.9685441,19.13677828,106.0393392,0.178025561,
120.3120312,108.9680116,19.13179205,106.0400494,0.177978946,
120.3320332,108.9674717,19.12680436,106.0407567,0.177932327,
120.3520352,108.9669247,19.12181523,106.0414612,0.177885703,
120.3720372,108.9663703,19.11682466,106.0421628,0.177839073,
120.3920392,108.9658088,19.11183267,106.0428615,0.177792439,
120.4120412,108.9652401,19.10683927,106.0435573,0.1777458,
120.4320432,108.9646642,19.10184447,106.0442504,0.177699157,
120.4520452,108.9640813,19.09684828,106.0449406,0.177652508,
120.4720472,108.9634912,19.09185072,106.045628,0.177605856,
120.4920492,108.9628942,19.08685179,106.0463126,0.177559198,
120.5120512,108.9622901,19.08185151,106.0469945,0.177512536,
120.5320532,108.9616791,19.07684989,106.0476735,0.17746587,
120.5520552,108.9610612,19.07184694,106.0483498,0.1774192,
120.5720572,108.9604363,19.06684268,106.0490234,0.177372525,
120.5920592,108.9598046,19.0618371,106.0496943,0.177325847,
120.6120612,108.9591661,19.05683024,106.0503624,0.177279164,
120.6320632,108.9585207,19.05182209,106.0510278,0.177232477,
120.6520652,108.9578686,19.04681267,106.0516906,0.177185786,
120.6720672,108.9572098,19.04180199,106.0523506,0.177139092,
120.6920692,108.9565443,19.03679007,106.053008,0.177092393,
120.7120712,108.9558721,19.03177691,106.0536628,0.177045691,
120.7320732,108.9551934,19.02676252,106.0543149,0.176998985,
120.7520752,108.954508,19.02174692,106.0549643,0.176952276,
120.7720772,108.9538161,19.01673013,106.0556112,0.176905563,
120.7920792,108.9531176,19.01171214,106.0562555,0.176858846,
120.8120812,108.9524127,19.00669297,106.0568972,0.176812127,
120.8320832,108.9517013,19.00167264,106.0575363,0.176765404,
120.8520852,108.9509835,18.99665116,106.0581728,0.176718677,
120.8720872,108.9502593,18.99162853,106.0588068,0.176671948,
120.8920892,108.9495288,18.98660477,106.0594383,0.176625215,
120.9120912,108.948792,18.9815799,106.0600672,0.17657848,
120.9320932,108.9480488,18.97655391,106.0606936,0.176531741,
120.9520952,108.9472995,18.97152683,106.0613176,0.176485,
120.9720972,108.9465439,18.96649867,106.061939,0.176438255,
120.9920992,108.9457822,18.96146943,106.062558,0.176391508,
121.0121012,108.9450143,18.95643914,106.0631745,0.176344759,
121.0321032,108.9442403,18.95140779,106.0637886,0.176298006,
121.0521052,108.9434602,18.94637541,106.0644002,0.176251251,
121.0721072,108.9426741,18.941342,106.0650094,0.176204494,
121.0921092,108.941882,18.93630757,106.0656163,0.176157734,
121.1121112,108.9410839,18.93127215,106.0662207,0.176110972,
121.1321132,108.9402799,18.92623573,106.0668227,0.176064208,
121.1521152,108.93947,18.92119833,106.0674224,0.176017441,
121.1721172,108.9386542,18.91615997,106.0680197,0.175970672,
121.1921192,108.9378326,18.91112065,106.0686147,0.175923902,
121.2121212,108.9370052,18.90608039,106.0692074,0.175877129,
121.2321232,108.936172,18.90103919,106.0697977,0.175830354,
121.2521252,108.9353331,18.89599707,106.0703857,0.175783578,
121.2721272,108.9344885,18.89095405,106.0709715,0.175736799,
121.2921292,108.9336383,18.88591012,106.0715549,0.175690019,
121.3121312,108.9327824,18.88086531,106.0721361,0.175643238,
121.3321332,108.9319209,18.87581963,106.0727151,0.175596455,
121.3521352,108.9310539,18.87077308,106.0732918,0.17554967,
121.3721372,108.9301813,18.86572569,106.0738663,0.175502884,
121.3921392,108.9293033,18.86067745,106.0744385,0.175456096,
121.4121412,108.9284198,18.85562839,106.0750086,0.175409307,
121.4321432,108.9275309,18.85057851,106.0755765,0.175362517,
121.4521452,108.9266366,18.84552782,106.0761422,0.175315726,
121.4721472,108.9257369,18.84047635,106.0767057,0.175268934,
121.4921492,108.9248319,18.83542409,106.0772671,0.175222141,
121.5121512,108.9239217,18.83037106,106.0778264,0.175175347,
121.5321532,108.9230062,18.82531728,106.0783836,0.175128551,
121.5521552,108.9220855,18.82026275,106.0789386,0.175081756,
121.5721572,108.9211596,18.81520748,106.0794915,0.175034959,
121.5921592,108.9202285,18.8101515,106.0800424,0.174988162,
121.6121612,108.9192924,18.8050948,106.0805912,0.174941364,
121.6321632,108.9183511,18.8000374,106.0811379,0.174894565,
121.6521652,108.9174049,18.79497932,106.0816826,0.174847767,
121.6721672,108.9164536,18.78992055,106.0822252,0.174800967,
121.6921692,108.9154973,18.78486113,106.0827658,0.174754168,
121.7121712,108.9145361,18.77980105,106.0833045,0.174707368,
121.7321732,108.91357,18.77474033,106.0838411,0.174660568,
121.7521752,108.9125991,18.76967898,106.0843757,0.174613768,
121.7721772,108.9116233,18.76461702,106.0849084,0.174566968,
121.7921792,108.9106427,18.75955445,106.0854391,0.174520168,
121.8121812,108.9096573,18.75449128,106.0859679,0.174473368,
121.8321832,108.9086672,18.74942753,106.0864948,0.174426568,
121.8521852,108.9076724,18.74436321,106.0870197,0.174379768,
121.8721872,108.9066729,18.73929833,106.0875427,0.174332969,
121.8921892,108.9056688,18.73423291,106.0880639,0.17428617,
121.9121912,108.9046601,18.72916694,106.0885832,0.174239372,
121.9321932,108.9036469,18.72410046,106.0891006,0.174192574,
121.9521952,108.9026291,18.71903346,106.0896161,0.174145777,
121.9721972,108.9016068,18.71396596,106.0901298,0.17409898,
121.9921992,108.9005801,18.70889797,106.0906417,0.174052184,
122.0122012,108.8995489,18.7038295,106.0911518,0.174005389,
122.0322032,108.8985134,18.69876056,106.0916601,0.173958595,
122.0522052,108.8974735,18.69369118,106.0921666,0.173911801,
122.0722072,108.8964293,18.68862135,106.0926713,0.173865009,
122.0922092,108.8953807,18.68355108,106.0931742,0.173818218,
122.1122112,108.894328,18.6784804,106.0936754,0.173771428,
122.1322132,108.893271,18.67340931,106.0941749,0.173724639,
122.1522152,108.8922098,18.66833783,106.0946726,0.173677851,
122.1722172,108.8911445,18.66326596,106.0951687,0.173631065,
122.1922192,108.8900751,18.65819371,106.095663,0.17358428,
122.2122212,108.8890016,18.65312111,106.0961557,0.173537497,
122.2322232,108.887924,18.64804816,106.0966467,0.173490715,
122.2522252,108.8868425,18.64297487,106.097136,0.173443935,
122.2722272,108.8857569,18.63790125,106.0976237,0.173397157,
122.2922292,108.8846674,18.63282732,106.0981097,0.17335038,
122.3122312,108.883574,18.62775308,106.0985942,0.173303605,
122.3322332,108.8824768,18.62267856,106.099077,0.173256832,
122.3522352,108.8813757,18.61760375,106.0995582,0.173210061,
122.3722372,108.8802707,18.61252868,106.1000379,0.173163293,
122.3922392,108.8791621,18.60745335,106.1005159,0.173116526,
122.4122412,108.8780496,18.60237778,106.1009925,0.173069761,
122.4322432,108.8769335,18.59730197,106.1014675,0.173022999,
122.4522452,108.8758137,18.59222595,106.1019409,0.172976239,
122.4722472,108.8746903,18.58714971,106.1024129,0.172929482,
122.4922492,108.8735632,18.58207328,106.1028833,0.172882727,
122.5122512,108.8724327,18.57699666,106.1033522,0.172835974,
122.5322532,108.8712985,18.57191986,106.1038197,0.172789224,
122.5522552,108.8701609,18.5668429,106.1042857,0.172742477,
122.5722572,108.8690198,18.56176579,106.1047503,0.172695732,
122.5922592,108.8678753,18.55668854,106.1052134,0.172648991,
122.6122612,108.8667274,18.55161117,106.1056751,0.172602252,
122.6322632,108.8655761,18.54653368,106.1061354,0.172555516,
122.6522652,108.8644215,18.54145608,106.1065942,0.172508783,
122.6722672,108.8632637,18.53637839,106.1070517,0.172462054,
122.6922692,108.8621025,18.53130062,106.1075079,0.172415327,
122.7122712,108.8609382,18.52622278,106.1079626,0.172368604,
122.7322732,108.8597706,18.52114488,106.108416,0.172321884,
122.7522752,108.8585999,18.51606693,106.1088681,0.172275167,
122.7722772,108.8574261,18.51098895,106.1093188,0.172228454,
122.7922792,108.8562492,18.50591095,106.1097683,0.172181744,
122.8122812,108.8550692,18.50083294,106.1102164,0.172135038,
122.8322832,108.8538863,18.49575492,106.1106633,0.172088336,
122.8522852,108.8527003,18.49067692,106.1111089,0.172041637,
122.8722872,108.8515114,18.48559894,106.1115532,0.171994942,
122.8922892,108.8503196,18.480521,106.1119963,0.171948251,
122.9122912,108.8491249,18.47544311,106.1124381,0.171901564,
122.9322932,108.8479274,18.47036527,106.1128788,0.171854881,
122.9522952,108.846727,18.4652875,106.1133182,0.171808202,
122.9722972,108.8455239,18.46020982,106.1137564,0.171761527,
122.9922992,108.844318,18.45513223,106.1141935,0.171714856,
123.0123012,108.8431095,18.45005474,106.1146294,0.17166819,
123.0323032,108.8418982,18.44497738,106.1150641,0.171621528,
123.0523052,108.8406843,18.43990014,106.1154977,0.17157487,
123.0723072,108.8394679,18.43482304,106.1159302,0.171528217,
123.0923092,108.8382488,18.42974609,106.1163615,0.171481569,
123.1123112,108.8370272,18.42466931,106.1167918,0.171434925,
123.1323132,108.8358031,18.4195927,106.1172209,0.171388286,
123.1523152,108.8345766,18.41451628,106.117649,0.171341651,
123.1723172,108.8333476,18.40944006,106.118076,0.171295021,
123.1923192,108.8321162,18.40436404,106.118502,0.171248397,
123.2123212,108.8308825,18.39928825,106.1189269,0.171201777,
123.2323232,108.8296464,18.3942127,106.1193508,0.171155162,
123.2523252,108.828408,18.38913739,106.1197736,0.171108553,
123.2723272,108.8271674,18.38406233,106.1201955,0.171061948,
123.2923292,108.8259245,18.37898755,106.1206164,0.171015349,
123.3123312,108.8246795,18.37391304,106.1210363,0.170968755,
123.3323332,108.8234323,18.36883883,106.1214553,0.170922167,
123.3523352,108.8221829,18.36376492,106.1218733,0.170875584,
123.3723372,108.8209315,18.35869132,106.1222904,0.170829007,
123.3923392,108.819678,18.35361806,106.1227065,0.170782435,
123.4123412,108.8184225,18.34854513,106.1231218,0.170735869,
123.4323432,108.8171651,18.34347255,106.1235361,0.170689308,
123.4523452,108.8159056,18.33840033,106.1239496,0.170642754,
123.4723472,108.8146443,18.33332849,106.1243622,0.170596205,
123.4923492,108.8133811,18.32825703,106.1247739,0.170549662,
123.5123512,108.812116,18.32318597,106.1251848,0.170503126,
123.5323532,108.8108491,18.31811532,106.1255949,0.170456595,
123.5523552,108.8095804,18.31304509,106.1260041,0.17041007,
123.5723572,108.80831,18.30797529,106.1264125,0.170363552,
123.5923592,108.8070379,18.30290593,106.1268202,0.17031704,
123.6123612,108.8057641,18.29783703,106.127227,0.170270535,
123.6323632,108.8044886,18.29276859,106.1276331,0.170224036,
123.6523652,108.8032116,18.28770064,106.1280385,0.170177543,
123.6723672,108.8019329,18.28263317,106.128443,0.170131057,
123.6923692,108.8006528,18.27756621,106.1288469,0.170084578,
123.7123712,108.7993711,18.27249976,106.1292501,0.170038105,
123.7323732,108.798088,18.26743383,106.1296525,0.169991639,
123.7523752,108.7968034,18.26236844,106.1300543,0.16994518,
123.7723772,108.7955174,18.2573036,106.1304553,0.169898728,
123.7923792,108.79423,18.25223932,106.1308557,0.169852283,
123.8123812,108.7929414,18.24717561,106.1312555,0.169805845,
123.8323832,108.7916514,18.24211249,106.1316546,0.169759414,
123.8523852,108.7903601,18.23704996,106.1320531,0.16971299,
123.8723872,108.7890677,18.23198804,106.132451,0.169666574,
123.8923892,108.787774,18.22692673,106.1328483,0.169620165,
123.9123912,108.7864792,18.22186606,106.133245,0.169573763,
123.9323932,108.7851832,18.21680603,106.1336411,0.169527369,
123.9523952,108.7838862,18.21174665,106.1340367,0.169480982,
123.9723972,108.7825881,18.20668793,106.1344317,0.169434603,
123.9923992,108.7812889,18.2016299,106.1348262,0.169388232,
124.0124012,108.7799888,18.19657255,106.1352201,0.169341869,
124.0324032,108.7786877,18.1915159,106.1356136,0.169295513,
124.0524052,108.7773857,18.18645996,106.1360065,0.169249165,
124.0724072,108.7760828,18.18140475,106.136399,0.169202825,
124.0924092,108.7747791,18.17635027,106.136791,0.169156494,
124.1124112,108.7734745,18.17129654,106.1371825,0.16911017,
124.1324132,108.7721692,18.16624357,106.1375736,0.169063854,
124.1524152,108.7708631,18.16119136,106.1379643,0.169017547,
124.1724172,108.7695563,18.15613994,106.1383545,0.168971248,
124.1924192,108.7682488,18.15108931,106.1387443,0.168924958,
124.2124212,108.7669407,18.14603949,106.1391338,0.168878676,
124.2324232,108.765632,18.14099049,106.1395228,0.168832402,
124.2524252,108.7643226,18.13594231,106.1399115,0.168786137,
124.2724272,108.7630128,18.13089497,106.1402999,0.168739881,
124.2924292,108.7617024,18.12584848,106.1406878,0.168693634,
124.3124312,108.7603916,18.12080286,106.1410755,0.168647395,
124.3324332,108.7590803,18.11575811,106.1414629,0.168601165,
124.3524352,108.7577686,18.11071425,106.1418499,0.168554944,
124.3724372,108.7564565,18.10567129,106.1422367,0.168508732,
124.3924392,108.7551441,18.10062924,106.1426231,0.16846253,
124.4124412,108.7538314,18.09558811,106.1430094,0.168416336,
124.4324432,108.7525184,18.09054791,106.1433953,0.168370152,
124.4524452,108.7512052,18.08550866,106.143781,0.168323977,
124.4724472,108.7498918,18.08047036,106.1441665,0.168277811,
124.4924492,108.7485783,18.07543303,106.1445518,0.168231655,
124.5124512,108.7472646,18.07039668,106.1449369,0.168185508,
124.5324532,108.7459508,18.06536133,106.1453218,0.168139371,
124.5524552,108.7446369,18.06032698,106.1457065,0.168093243,
124.5724572,108.743323,18.05529364,106.1460911,0.168047125,
124.5924592,108.7420091,18.05026133,106.1464755,0.168001017,
124.6124612,108.7406953,18.04523005,106.1468598,0.167954919,
124.6324632,108.7393815,18.04019983,106.147244,0.167908831,
124.6524652,108.7380679,18.03517067,106.147628,0.167862752,
124.6724672,108.7367543,18.03014258,106.148012,0.167816684,
124.6924692,108.735441,18.02511558,106.1483958,0.167770626,
124.7124712,108.7341279,18.02008967,106.1487796,0.167724578,
124.7324732,108.732815,18.01506487,106.1491634,0.16767854,
124.7524752,108.7315024,18.01004119,106.149547,0.167632513,
124.7724772,108.7301901,18.00501865,106.1499307,0.167586496,
124.7924792,108.7288782,17.99999724,106.1503143,0.16754049,
124.8124812,108.7275667,17.99497699,106.150698,0.167494494,
124.8324832,108.7262555,17.98995791,106.1510816,0.167448509,
124.8524852,108.7249449,17.98494001,106.1514653,0.167402534,
124.8724872,108.7236347,17.97992329,106.151849,0.167356571,
124.8924892,108.722325,17.97490778,106.1522327,0.167310618,
124.9124912,108.7210159,17.96989348,106.1526165,0.167264676,
124.9324932,108.7197074,17.96488041,106.1530004,0.167218744,
124.9524952,108.7183995,17.95986857,106.1533843,0.167172824,
124.9724972,108.7170922,17.95485798,106.1537684,0.167126916,
124.9924992,108.7157857,17.94984865,106.1541525,0.167081018,
125.0125013,108.7144799,17.94484059,106.1545368,0.167035131,
125.0325033,108.7131748,17.93983382,106.1549212,0.166989256,
125.0525053,108.7118706,17.93482833,106.1553058,0.166943392,
125.0725073,108.7105671,17.92982416,106.1556905,0.16689754,
125.0925093,108.7092646,17.9248213,106.1560754,0.166851699,
125.1125113,108.7079629,17.91981978,106.1564605,0.16680587,
125.1325133,108.7066622,17.91481959,106.1568458,0.166760052,
125.1525153,108.7053624,17.90982076,106.1572313,0.166714246,
125.1725173,108.7040636,17.9048233,106.157617,0.166668452,
125.1925193,108.7027659,17.89982721,106.158003,0.16662267,
125.2125213,108.7014693,17.8948325,106.1583892,0.1665769,
125.2325233,108.7001737,17.8898392,106.1587757,0.166531142,
125.2525253,108.6988793,17.88484731,106.1591624,0.166485396,
125.2725273,108.6975861,17.87985684,106.1595495,0.166439662,
125.2925293,108.696294,17.87486781,106.1599368,0.16639394,
125.3125313,108.6950033,17.86988022,106.1603245,0.166348231,
125.3325333,108.6937138,17.86489409,106.1607125,0.166302533,
125.3525353,108.6924256,17.85990944,106.1611008,0.166256849,
125.3725373,108.6911387,17.85492626,106.1614895,0.166211177,
125.3925393,108.6898532,17.84994457,106.1618786,0.166165517,
125.4125413,108.6885692,17.84496439,106.162268,0.16611987,
125.4325433,108.6872866,17.83998573,106.1626579,0.166074236,
125.4525453,108.6860055,17.8350086,106.1630481,0.166028614,
125.4725473,108.6847259,17.830033,106.1634388,0.165983006,
125.4925493,108.6834478,17.82505896,106.1638299,0.16593741,
125.5125513,108.6821713,17.82008648,106.1642214,0.165891827,
125.5325533,108.6808965,17.81511557,106.1646134,0.165846258,
125.5525553,108.6796233,17.81014625,106.1650059,0.165800701,
125.5725573,108.6783518,17.80517853,106.1653988,0.165755158,
125.5925593,108.677082,17.80021241,106.1657923,0.165709628,
125.6125613,108.675814,17.79524792,106.1661862,0.165664111,
125.6325633,108.6745478,17.79028507,106.1665807,0.165618608,
125.6525653,108.6732834,17.78532385,106.1669757,0.165573118,
125.6725673,108.6720208,17.7803643,106.1673713,0.165527642,
125.6925693,108.6707602,17.77540641,106.1677674,0.165482179,
125.7125713,108.6695015,17.7704502,106.1681641,0.16543673,
125.7325733,108.6682447,17.76549568,106.1685614,0.165391295,
125.7525753,108.6669899,17.76054287,106.1689593,0.165345873,
125.7725773,108.6657372,17.75559177,106.1693578,0.165300466,
125.7925793,108.6644866,17.75064239,106.1697569,0.165255072,
125.8125813,108.663238,17.74569476,106.1701567,0.165209693,
125.8325833,108.6619916,17.74074887,106.1705571,0.165164327,
125.8525853,108.6607473,17.73580474,106.1709582,0.165118976,
125.8725873,108.6595053,17.73086239,106.1713599,0.165073639,
125.8925893,108.6582655,17.72592182,106.1717624,0.165028316,
125.9125913,108.657028,17.72098305,106.1721656,0.164983008,
125.9325933,108.6557927,17.71604609,106.1725694,0.164937714,
125.9525953,108.6545598,17.71111095,106.172974,0.164892435,
125.9725973,108.6533293,17.70617763,106.1733794,0.16484717,
125.9925993,108.6521012,17.70124616,106.1737855,0.16480192,
126.0126013,108.6508756,17.69631655,106.1741923,0.164756685,
126.0326033,108.6496524,17.6913888,106.1746,0.164711464,
126.0526053,108.6484317,17.68646293,106.1750084,0.164666258,
126.0726073,108.6472136,17.68153895,106.1754176,0.164621068,
126.0926093,108.6459981,17.67661687,106.1758277,0.164575892,
126.1126113,108.6447852,17.6716967,106.1762386,0.164530731,
126.1326133,108.6435749,17.66677846,106.1766503,0.164485586,
126.1526153,108.6423673,17.66186215,106.1770629,0.164440455,
126.1726173,108.6411625,17.65694779,106.1774764,0.16439534,
126.1926193,108.6399604,17.65203539,106.1778907,0.164350241,
126.2126213,108.6387611,17.64712497,106.178306,0.164305156,
126.2326233,108.6375646,17.64221652,106.1787222,0.164260088,
126.2526253,108.6363709,17.63731007,106.1791392,0.164215034,
126.2726273,108.6351802,17.63240563,106.1795573,0.164169997,
126.2926293,108.6339924,17.6275032,106.1799762,0.164124975,
126.3126313,108.6328075,17.6226028,106.1803961,0.164079969,
126.3326333,108.6316256,17.61770445,106.180817,0.164034979,
126.3526353,108.6304468,17.61280814,106.1812389,0.163990004,
126.3726373,108.629271,17.6079139,106.1816618,0.163945046,
126.3926393,108.6280983,17.60302174,106.1820857,0.163900104,
126.4126413,108.6269288,17.59813167,106.1825106,0.163855178,
126.4326433,108.6257624,17.59324369,106.1829366,0.163810268,
126.4526453,108.6245992,17.58835783,106.1833636,0.163765374,
126.4726473,108.6234393,17.58347409,106.1837917,0.163720497,
126.4926493,108.6222826,17.57859248,106.1842209,0.163675636,
126.5126513,108.6211292,17.57371302,106.1846511,0.163630791,
126.5326533,108.6199792,17.56883572,106.1850825,0.163585963,
126.5526553,108.6188325,17.56396058,106.1855149,0.163541152,
126.5726573,108.6176893,17.55908763,106.1859485,0.163496357,
126.5926593,108.6165494,17.55421687,106.1863833,0.163451579,
126.6126613,108.6154131,17.54934832,106.1868192,0.163406818,
126.6326633,108.6142803,17.54448198,106.1872562,0.163362074,
126.6526653,108.613151,17.53961787,106.1876945,0.163317347,
126.6726673,108.6120253,17.53475599,106.1881339,0.163272636,
126.6926693,108.6109032,17.52989637,106.1885746,0.163227943,
126.7126713,108.6097847,17.52503901,106.1890164,0.163183267,
126.7326733,108.6086699,17.52018393,106.1894595,0.163138609,
126.7526753,108.6075589,17.51533113,106.1899039,0.163093967,
126.7726773,108.6064516,17.51048063,106.1903494,0.163049343,
126.7926793,108.6053481,17.50563244,106.1907963,0.163004737,
126.8126813,108.6042484,17.50078657,106.1912445,0.162960148,
126.8326833,108.6031525,17.49594304,106.1916939,0.162915576,
126.8526853,108.6020605,17.49110184,106.1921447,0.162871022,
126.8726873,108.6009725,17.48626301,106.1925968,0.162826486,
126.8926893,108.5998884,17.48142654,106.1930502,0.162781968,
126.9126913,108.5988083,17.47659245,106.1935049,0.162737467,
126.9326933,108.5977322,17.47176075,106.1939611,0.162692985,
126.9526953,108.5966602,17.46693145,106.1944186,0.16264852,
126.9726973,108.5955923,17.46210457,106.1948775,0.162604074,
126.9926993,108.5945285,17.45728012,106.1953377,0.162559646,
127.0127013,108.5934689,17.4524581,106.1957994,0.162515235,
127.0327033,108.5924134,17.44763853,106.1962626,0.162470844,
127.0527053,108.5913622,17.44282142,106.1967271,0.16242647,
127.0727073,108.5903153,17.43800679,106.1971931,0.162382115,
127.0927093,108.5892727,17.43319464,106.1976606,0.162337779,
127.1127113,108.5882344,17.42838498,106.1981296,0.162293461,
127.1327133,108.5872004,17.42357784,106.1986,0.162249161,
127.1527153,108.5861709,17.41877321,106.199072,0.162204881,
127.1727173,108.5851458,17.41397111,106.1995455,0.162160619,
127.1927193,108.5841251,17.40917156,106.2000205,0.162116376,
127.2127213,108.583109,17.40437456,106.200497,0.162072151,
127.2327233,108.5820974,17.39958012,106.2009751,0.162027946,
127.2527253,108.5810904,17.39478827,106.2014547,0.16198376,
127.2727273,108.580088,17.389999,106.201936,0.161939593,
127.2927293,108.5790903,17.38521233,106.2024188,0.161895445,
127.3127313,108.5780972,17.38042828,106.2029033,0.161851317,
127.3327333,108.5771088,17.37564685,106.2033893,0.161807208,
127.3527353,108.5761252,17.37086805,106.203877,0.161763118,
127.3727373,108.5751463,17.36609191,106.2043664,0.161719047,
127.3927393,108.5741723,17.36131842,106.2048574,0.161674997,
127.4127413,108.5732031,17.35654761,106.20535,0.161630965,
127.4327433,108.5722388,17.35177947,106.2058444,0.161586954,
127.4527453,108.5712794,17.34701403,106.2063404,0.161542962,
127.4727473,108.570325,17.3422513,106.2068382,0.16149899,
127.4927493,108.5693756,17.33749128,106.2073377,0.161455038,
127.5127513,108.5684312,17.332734,106.2078389,0.161411106,
127.5327533,108.5674918,17.32797945,106.2083418,0.161367194,
127.5527553,108.5665575,17.32322766,106.2088466,0.161323302,
127.5727573,108.5656283,17.31847863,106.2093531,0.16127943,
127.5927593,108.5647044,17.31373237,106.2098613,0.161235578,
127.6127613,108.5637855,17.30898891,106.2103714,0.161191747,
127.6327633,108.562872,17.30424824,106.2108833,0.161147936,
127.6527653,108.5619636,17.29951039,106.2113971,0.161104145,
127.6727673,108.5610606,17.29477535,106.2119126,0.161060375,
127.6927693,108.5601629,17.29004315,106.21243,0.161016626,
127.7127713,108.5592706,17.2853138,106.2129493,0.160972897,
127.7327733,108.5583837,17.2805873,106.2134705,0.160929189,
127.7527753,108.5575022,17.27586368,106.2139935,0.160885502,
127.7727773,108.5566261,17.27114293,106.2145185,0.160841835,
127.7927793,108.5557556,17.26642508,106.2150453,0.16079819,
127.8127813,108.5548906,17.26171013,106.2155741,0.160754565,
127.8327833,108.5540312,17.25699809,106.2161049,0.160710962,
127.8527853,108.5531774,17.25228899,106.2166376,0.160667379,
127.8727873,108.5523292,17.24758282,106.2171722,0.160623818,
127.8927893,108.5514867,17.2428796,106.2177089,0.160580278,
127.9127913,108.5506499,17.23817935,106.2182475,0.16053676,
127.9327933,108.5498188,17.23348207,106.2187881,0.160493263,
127.9527953,108.5489935,17.22878777,106.2193308,0.160449787,
127.9727973,108.548174,17.22409648,106.2198755,0.160406333,
127.9927993,108.5473604,17.21940819,106.2204222,0.160362901,
128.0128013,108.5465527,17.21472292,106.220971,0.16031949,
128.0328033,108.5457508,17.21004069,106.2215219,0.160276101,
128.0528053,108.5449549,17.20536149,106.2220748,0.160232734,
128.0728073,108.544165,17.20068536,106.2226299,0.160189389,
128.0928093,108.5433811,17.19601229,106.223187,0.160146066,
128.1128113,108.5426033,17.1913423,106.2237463,0.160102765,
128.1328133,108.5418315,17.1866754,106.2243077,0.160059486,
128.1528153,108.5410659,17.18201161,106.2248713,0.160016229,
128.1728173,108.5403064,17.17735093,106.225437,0.159972994,
128.1928193,108.5395531,17.17269337,106.2260049,0.159929782,
128.2128213,108.5388061,17.16803895,106.226575,0.159886592,
128.2328233,108.5380652,17.16338768,106.2271473,0.159843425,
128.2528253,108.5373307,17.15873957,106.2277218,0.15980028,
128.2728273,108.5366025,17.15409464,106.2282985,0.159757157,
128.2928293,108.5358807,17.14945288,106.2288775,0.159714058,
128.3128313,108.5351652,17.14481433,106.2294587,0.159670981,
128.3328333,108.5344562,17.14017898,106.2300422,0.159627927,
128.3528353,108.5337537,17.13554685,106.2306279,0.159584895,
128.3728373,108.5330576,17.13091795,106.231216,0.159541887,
128.3928393,108.5323681,17.12629229,106.2318063,0.159498902,
128.4128413,108.5316851,17.12166988,106.232399,0.15945594,
128.4328433,108.5310088,17.11705075,106.232994,0.159413001,
128.4528453,108.5303391,17.11243488,106.2335913,0.159370085,
128.4728473,108.529676,17.10782231,106.234191,0.159327192,
128.4928493,108.5290196,17.10321304,106.2347931,0.159284323,
128.5128513,108.52837,17.09860708,106.2353975,0.159241478,
128.5328533,108.5277272,17.09400445,106.2360043,0.159198655,
128.5528553,108.5270912,17.08940515,106.2366136,0.159155857,
128.5728573,108.526462,17.08480919,106.2372252,0.159113082,
128.5928593,108.5258396,17.0802166,106.2378393,0.159070331,
128.6128613,108.5252242,17.07562738,106.2384559,0.159027603,
128.6328633,108.5246158,17.07104154,106.2390749,0.1589849,
128.6528653,108.5240143,17.06645909,106.2396963,0.15894222,
128.6728673,108.5234198,17.06188005,106.2403203,0.158899564,
128.6928693,108.5228324,17.05730442,106.2409467,0.158856933,
128.7128713,108.522252,17.05273223,106.2415757,0.158814325,
128.7328733,108.5216788,17.04816347,106.2422071,0.158771742,
128.7528753,108.5211127,17.04359817,106.2428412,0.158729183,
128.7728773,108.5205538,17.03903633,106.2434777,0.158686648,
128.7928793,108.5200021,17.03447797,106.2441168,0.158644138,
128.8128813,108.5194577,17.02992309,106.2447585,0.158601652,
128.8328833,108.5189206,17.02537171,106.2454028,0.158559191,
128.8528853,108.5183907,17.02082385,106.2460497,0.158516754,
128.8728873,108.5178683,17.0162795,106.2466992,0.158474342,
128.8928893,108.5173532,17.01173869,106.2473513,0.158431955,
128.9128913,108.5168456,17.00720143,106.2480061,0.158389593,
128.9328933,108.5163454,17.00266772,106.2486635,0.158347255,
128.9528953,108.5158527,16.99813758,106.2493236,0.158304943,
128.9728973,108.5153675,16.99361102,106.2499863,0.158262655,
128.9928993,108.5148899,16.98908805,106.2506518,0.158220393,
129.0129013,108.5144199,16.98456869,106.2513199,0.158178156,
129.0329033,108.5139575,16.98005294,106.2519908,0.158135944,
129.0529053,108.5135028,16.97554082,106.2526644,0.158093758,
129.0729073,108.5130558,16.97103234,106.2533407,0.158051596,
129.0929093,108.5126165,16.96652751,106.2540198,0.158009461,
129.1129113,108.512185,16.96202634,106.2547016,0.15796735,
129.1329133,108.5117612,16.95752884,106.2553863,0.157925266,
129.1529153,108.5113454,16.95303503,106.2560737,0.157883207,
129.1729173,108.5109374,16.94854492,106.2567639,0.157841174,
129.1929193,108.5105373,16.94405852,106.257457,0.157799166,
129.2129213,108.5101451,16.93957583,106.2581529,0.157757185,
129.2329233,108.5097609,16.93509688,106.2588516,0.157715229,
129.2529253,108.5093847,16.93062167,106.2595532,0.157673299,
129.2729273,108.5090166,16.92615022,106.2602577,0.157631396,
129.2929293,108.5086565,16.92168254,106.260965,0.157589519,
129.3129313,108.5083046,16.91721863,106.2616753,0.157547667,
129.3329333,108.5079608,16.91275851,106.2623884,0.157505843,
129.3529353,108.5076252,16.9083022,106.2631045,0.157464044,
129.3729373,108.5072978,16.9038497,106.2638235,0.157422272,
129.3929393,108.5069786,16.89940102,106.2645455,0.157380527,
129.4129413,108.5066677,16.89495618,106.2652704,0.157338808,
129.4329433,108.5063652,16.89051519,106.2659983,0.157297115,
129.4529453,108.506071,16.88607806,106.2667291,0.15725545,
129.4729473,108.5057851,16.88164481,106.267463,0.157213811,
129.4929493,108.5055077,16.87721543,106.2681999,0.157172199,
129.5129513,108.5052388,16.87278995,106.2689398,0.157130614,
129.5329533,108.5049783,16.86836838,106.2696828,0.157089056,
129.5529553,108.5047264,16.86395073,106.2704288,0.157047525,
129.5729573,108.504483,16.85953701,106.2711779,0.157006021,
129.5929593,108.5042483,16.85512723,106.27193,0.156964544,
129.6129613,108.5040221,16.8507214,106.2726853,0.156923095,
129.6329633,108.5038046,16.84631954,106.2734436,0.156881672,
129.6529653,108.5035958,16.84192165,106.2742051,0.156840278,
129.6729673,108.5033957,16.83752776,106.2749697,0.156798911,
129.6929693,108.5032044,16.83313786,106.2757374,0.156757571,
129.7129713,108.5030219,16.82875198,106.2765083,0.156716259,
129.7329733,108.5028482,16.82437012,106.2772823,0.156674974,
129.7529753,108.5026834,16.81999229,106.2780596,0.156633718,
129.7729773,108.5025275,16.81561852,106.27884,0.156592489,
129.7929793,108.5023806,16.8112488,106.2796236,0.156551288,
129.8129813,108.5022425,16.80688315,106.2804105,0.156510115,
129.8329833,108.5021135,16.80252158,106.2812006,0.15646897,
129.8529853,108.5019936,16.79816411,106.2819939,0.156427854,
129.8729873,108.5018827,16.79381074,106.2827905,0.156386765,
129.8929893,108.5017809,16.78946149,106.2835903,0.156345705,
129.9129913,108.5016883,16.78511636,106.2843935,0.156304672,
129.9329933,108.5016048,16.78077538,106.2851999,0.156263669,
129.9529953,108.5015306,16.77643855,106.2860097,0.156222694,
129.9729973,108.5014656,16.77210588,106.2868227,0.156181747,
129.9929993,108.5014098,16.76777739,106.2876392,0.156140829,
130.0130013,108.5013615,16.76345274,106.2884618,0.156099936,
130.0330033,108.501314,16.75913073,106.2893003,0.156059058,
130.0530053,108.5012668,16.75481128,106.2901556,0.156018195,
130.0730073,108.5012199,16.75049436,106.2910275,0.155977345,
130.0930093,108.5011732,16.74617997,106.291916,0.155936509,
130.1130113,108.5011268,16.74186812,106.2928209,0.155895687,
130.1330133,108.5010807,16.73755879,106.2937423,0.15585488,
130.1530153,108.5010348,16.73325198,106.29468,0.155814086,
130.1730173,108.5009892,16.72894769,106.295634,0.155773306,
130.1930193,108.5009439,16.72464591,106.2966042,0.15573254,
130.2130213,108.5008988,16.72034664,106.2975905,0.155691788,
130.2330233,108.500854,16.71604988,106.2985928,0.15565105,
130.2530253,108.5008095,16.71175561,106.2996112,0.155610326,
130.2730273,108.5007653,16.70746383,106.3006454,0.155569616,
130.2930293,108.5007213,16.70317454,106.3016954,0.15552892,
130.3130313,108.5006775,16.69888774,106.3027612,0.155488238,
130.3330333,108.5006341,16.69460342,106.3038427,0.15544757,
130.3530353,108.5005908,16.69032157,106.3049398,0.155406916,
130.3730373,108.5005479,16.68604219,106.3060524,0.155366276,
130.3930393,108.5005052,16.68176528,106.3071804,0.15532565,
130.4130413,108.5004627,16.67749083,106.3083239,0.155285038,
130.4330433,108.5004205,16.67321883,106.3094826,0.15524444,
130.4530453,108.5003786,16.66894929,106.3106566,0.155203856,
130.4730473,108.5003369,16.6646822,106.3118458,0.155163286,
130.4930493,108.5002955,16.66041755,106.31305,0.15512273,
130.5130513,108.5002543,16.65615533,106.3142692,0.155082188,
130.5330533,108.5002134,16.65189555,106.3155034,0.15504166,
130.5530553,108.5001727,16.6476382,106.3167524,0.155001146,
130.5730573,108.5001323,16.64338328,106.3180163,0.154960646,
130.5930593,108.5000921,16.63913077,106.3192948,0.15492016,
130.6130613,108.5000521,16.63488068,106.320588,0.154879688,
130.6330633,108.5000124,16.630633,106.3218958,0.15483923,
130.6530653,108.499973,16.62638772,106.323218,0.154798786,
130.6730673,108.4999338,16.62214485,106.3245547,0.154758356,
130.6930693,108.4998948,16.61790438,106.3259057,0.15471794,
130.7130713,108.499856,16.61366629,106.327271,0.154677538,
130.7330733,108.4998175,16.6094306,106.3286505,0.15463715,
130.7530753,108.4997793,16.60519728,106.3300441,0.154596776,
130.7730773,108.4997412,16.60096635,106.3314518,0.154556416,
130.7930793,108.4997035,16.59673779,106.3328735,0.15451607,
130.8130813,108.4996659,16.59251159,106.334309,0.154475738,
130.8330833,108.4996286,16.58828777,106.3357584,0.15443542,
130.8530853,108.4995915,16.5840663,106.3372215,0.154395116,
130.8730873,108.4995546,16.57984719,106.3386984,0.154354827,
130.8930893,108.499518,16.57563043,106.3401888,0.154314551,
130.9130913,108.4994816,16.57141601,106.3416928,0.154274289,
130.9330933,108.4994454,16.56720394,106.3432102,0.154234041,
130.9530953,108.4994094,16.5629942,106.344741,0.154193807,
130.9730973,108.4993737,16.5587868,106.3462851,0.154153587,
130.9930993,108.4993382,16.55458172,106.3478425,0.154113381,
131.0131013,108.4993029,16.55037897,106.349413,0.15407319,
131.0331033,108.4992679,16.54617853,106.3509966,0.154033012,
131.0531053,108.499233,16.54198041,106.3525932,0.153992848,
131.0731073,108.4991984,16.5377846,106.3542028,0.153952698,
131.0931093,108.499164,16.53359109,106.3558253,0.153912563,
131.1131113,108.4991298,16.52939988,106.3574605,0.153872441,
131.1331133,108.4990959,16.52521097,106.3591084,0.153832333,
131.1531153,108.4990621,16.52102435,106.3607691,0.15379224,
131.1731173,108.4990286,16.51684001,106.3624422,0.15375216,
131.1931193,108.4989952,16.51265796,106.3641279,0.153712094,
131.2131213,108.4989621,16.50847818,106.365826,0.153672043,
131.2331233,108.4989292,16.50430068,106.3675365,0.153632005,
131.2531253,108.4988965,16.50012544,106.3692592,0.153591982,
131.2731273,108.498864,16.49595247,106.3709942,0.153551972,
131.2931293,108.4988318,16.49178176,106.3727412,0.153511977,
131.3131313,108.4987997,16.4876133,106.3745003,0.153471996,
131.3331333,108.4987678,16.48344709,106.3762715,0.153432028,
131.3531353,108.4987362,16.47928312,106.3780545,0.153392075,
131.3731373,108.4987047,16.47512139,106.3798493,0.153352136,
131.3931393,108.4986734,16.4709619,106.3816559,0.15331221,
131.4131413,108.4986424,16.46680464,106.3834742,0.153272299,
131.4331433,108.4986115,16.46264961,106.3853041,0.153232402,
131.4531453,108.4985809,16.4584968,106.3871456,0.153192519,
131.4731473,108.4985504,16.45434621,106.3889985,0.15315265,
131.4931493,108.4985201,16.45019782,106.3908628,0.153112795,
131.5131513,108.49849,16.44605165,106.3927384,0.153072954,
131.5331533,108.4984602,16.44190768,106.3946253,0.153033127,
131.5531553,108.4984305,16.43776591,106.3965233,0.152993314,
131.5731573,108.498401,16.43362633,106.3984325,0.152953515,
131.5931593,108.4983717,16.42948894,106.4003526,0.15291373,
131.6131613,108.4983426,16.42535374,106.4022837,0.15287396,
131.6331633,108.4983136,16.42122072,106.4042257,0.152834203,
131.6531653,108.4982849,16.41708987,106.4061785,0.15279446,
131.6731673,108.4982564,16.41296119,106.408142,0.152754732,
131.6931693,108.498228,16.40883468,106.4101161,0.152715017,
131.7131713,108.4981998,16.40471033,106.4121008,0.152675316,
131.7331733,108.4981718,16.40058814,106.4140961,0.15263563,
131.7531753,108.498144,16.3964681,106.4161017,0.152595958,
131.7731773,108.4981163,16.39235021,106.4181178,0.152556299,
131.7931793,108.4980889,16.38823447,106.4201441,0.152516655,
131.8131813,108.4980616,16.38412086,106.4221806,0.152477025,
131.8331833,108.4980345,16.38000939,106.4242272,0.152437409,
131.8531853,108.4980076,16.37590004,106.4262839,0.152397806,
131.8731873,108.4979808,16.37179282,106.4283506,0.152358218,
131.8931893,108.4979542,16.36768772,106.4304272,0.152318644,
131.9131913,108.4979278,16.36358474,106.4325137,0.152279084,
131.9331933,108.4979016,16.35948387,106.4346099,0.152239539,
131.9531953,108.4978755,16.3553851,106.4367158,0.152200007,
131.9731973,108.4978497,16.35128844,106.4388313,0.152160489,
131.9931993,108.4978239,16.34719387,106.4409564,0.152120985,
132.0132013,108.4977984,16.3431014,106.4430909,0.152081496,
132.0332033,108.497773,16.33901101,106.4452348,0.15204202,
132.0532053,108.4977478,16.33492271,106.4473881,0.152002559,
132.0732073,108.4977227,16.33083649,106.4495506,0.151963111,
132.0932093,108.4976978,16.32675234,106.4517223,0.151923678,
132.1132113,108.4976731,16.32267026,106.4539031,0.151884259,
132.1332133,108.4976485,16.31859025,106.4560929,0.151844853,
132.1532153,108.4976241,16.31451229,106.4582916,0.151805462,
132.1732173,108.4975998,16.3104364,106.4604992,0.151766085,
132.1932193,108.4975757,16.30636255,106.4627157,0.151726722,
132.2132213,108.4975518,16.30229075,106.4649408,0.151687373,
132.2332233,108.497528,16.29822099,106.4671747,0.151648038,
132.2532253,108.4975043,16.29415327,106.4694171,0.151608718,
132.2732273,108.4974809,16.29008759,106.471668,0.151569411,
132.2932293,108.4974575,16.28602393,106.4739273,0.151530118,
132.3132313,108.4974343,16.28196229,106.4761951,0.15149084,
132.3332333,108.4974113,16.27790268,106.4784711,0.151451575,
132.3532353,108.4973884,16.27384507,106.4807553,0.151412325,
132.3732373,108.4973657,16.26978948,106.4830476,0.151373089,
132.3932393,108.4973431,16.2657359,106.4853481,0.151333867,
132.4132413,108.4973207,16.26168431,106.4876565,0.151294658,
132.4332433,108.4972984,16.25763472,106.4899728,0.151255464,
132.4532453,108.4972762,16.25358712,106.492297,0.151216284,
132.4732473,108.4972542,16.24954151,106.4946289,0.151177119,
132.4932493,108.4972323,16.24549788,106.4969686,0.151137967,
132.5132513,108.4972106,16.24145623,106.4993158,0.151098829,
132.5332533,108.497189,16.23741655,106.5016706,0.151059706,
132.5532553,108.4971675,16.23337883,106.5040329,0.151020596,
132.5732573,108.4971462,16.22934309,106.5064026,0.150981501,
132.5932593,108.497125,16.2253093,106.5087796,0.150942419,
132.6132613,108.497104,16.22127746,106.5111639,0.150903352,
132.6332633,108.4970831,16.21724758,106.5135553,0.150864299,
132.6532653,108.4970623,16.21321964,106.5159539,0.15082526,
132.6732673,108.4970416,16.20919364,106.5183595,0.150786235,
132.6932693,108.4970211,16.20516958,106.520772,0.150747224,
132.7132713,108.4970007,16.20114745,106.5231914,0.150708227,
132.7332733,108.4969804,16.19712725,106.5256177,0.150669245,
132.7532753,108.4969603,16.19310897,106.5280506,0.150630276,
132.7732773,108.4969403,16.1890926,106.5304903,0.150591322,
132.7932793,108.4969204,16.18507815,106.5329365,0.150552382,
132.8132813,108.4969006,16.18106561,106.5353892,0.150513455,
132.8332833,108.496881,16.17705497,106.5378484,0.150474543,
132.8532853,108.4968614,16.17304623,106.5403139,0.150435645,
132.8732873,108.496842,16.16903939,106.5427857,0.150396761,
132.8932893,108.4968227,16.16503443,106.5452638,0.150357891,
132.9132913,108.4968036,16.16103137,106.547748,0.150319036,
132.9332933,108.4967845,16.15703018,106.5502382,0.150280194,
132.9532953,108.4967656,16.15303087,106.5527345,0.150241367,
132.9732973,108.4967467,16.14903343,106.5552367,0.150202553,
132.9932993,108.496728,16.14503785,106.5577447,0.150163754,
133.0133013,108.4967094,16.14104414,106.5602585,0.150124969,
133.0333033,108.4966909,16.13705229,106.562778,0.150086198,
133.0533053,108.4966726,16.13306229,106.5653032,0.150047441,
133.0733073,108.4966543,16.12907414,106.5678338,0.150008698,
133.0933093,108.4966361,16.12508783,106.57037,0.149969969,
133.1133113,108.4966181,16.12110336,106.5729116,0.149931255,
133.1333133,108.4966001,16.11712073,106.5754585,0.149892554,
133.1533153,108.4965823,16.11313992,106.5780107,0.149853868,
133.1733173,108.4965645,16.10916094,106.580568,0.149815196,
133.1933193,108.4965469,16.10518379,106.5831305,0.149776538,
133.2133213,108.4965293,16.10120845,106.5856979,0.149737894,
133.2333233,108.4965119,16.09723492,106.5882704,0.149699264,
133.2533253,108.4964945,16.0932632,106.5908477,0.149660648,
133.2733273,108.4964773,16.08929328,106.5934299,0.149622046,
133.2933293,108.4964601,16.08532515,106.5960168,0.149583459,
133.3133313,108.4964431,16.08135883,106.5986084,0.149544885,
133.3333333,108.4964261,16.07739429,106.6012045,0.149506326,
133.3533353,108.4964093,16.07343153,106.6038052,0.149467781,
133.3733373,108.4963925,16.06947055,106.6064103,0.14942925,
133.3933393,108.4963758,16.06551135,106.6090198,0.149390733,
133.4133413,108.4963592,16.06155392,106.6116336,0.14935223,
133.4333433,108.4963427,16.05759826,106.6142516,0.149313742,
133.4533453,108.4963263,16.05364435,106.6168737,0.149275267,
133.4733473,108.49631,16.0496922,106.6195,0.149236807,
133.4933493,108.4962937,16.04574181,106.6221302,0.149198361,
133.5133513,108.4962776,16.04179316,106.6247644,0.149159929,
133.5333533,108.4962615,16.03784625,106.6274024,0.149121511,
133.5533553,108.4962455,16.03390108,106.6300442,0.149083107,
133.5733573,108.4962296,16.02995765,106.6326897,0.149044717,
133.5933593,108.4962137,16.02601594,106.6353388,0.149006342,
133.6133613,108.496198,16.02207596,106.6379915,0.14896798,
133.6333633,108.4961823,16.0181377,106.6406477,0.148929633,
133.6533653,108.4961667,16.01420115,106.6433073,0.1488913,
133.6733673,108.4961512,16.01026631,106.6459702,0.148852981,
133.6933693,108.4961357,16.00633318,106.6486364,0.148814676,
133.7133713,108.4961203,16.00240175,106.6513058,0.148776386,
133.7333733,108.496105,15.99847201,106.6539783,0.148738109,
133.7533753,108.4960898,15.99454397,106.6566538,0.148699847,
133.7733773,108.4960746,15.99061762,106.6593323,0.148661599,
133.7933793,108.4960595,15.98669294,106.6620137,0.148623364,
133.8133813,108.4960445,15.98276995,106.6646979,0.148585144,
133.8333833,108.4960295,15.97884863,106.6673849,0.148546939,
133.8533853,108.4960146,15.97492898,106.6700745,0.148508747,
133.8733873,108.4959998,15.97101099,106.6727667,0.14847057,
133.8933893,108.495985,15.96709466,106.6754614,0.148432406,
133.9133913,108.4959703,15.96317999,106.6781586,0.148394257,
133.9333933,108.4959557,15.95926697,106.6808582,0.148356122,
133.9533953,108.4959411,15.95535559,106.6835601,0.148318001,
133.9733973,108.4959266,15.95144586,106.6862642,0.148279894,
133.9933993,108.4959121,15.94753776,106.6889705,0.148241802,
134.0134013,108.4958977,15.94363129,106.6916788,0.148203723,
134.0334033,108.4958833,15.93972645,106.6943891,0.148165659,
134.0534053,108.495869,15.93582323,106.6971014,0.148127609,
134.0734073,108.4958548,15.93192164,106.6998155,0.148089573,
134.0934093,108.4958406,15.92802165,106.7025315,0.148051551,
134.1134113,108.4958264,15.92412328,106.7052491,0.148013544,
134.1334133,108.4958123,15.9202265,106.7079684,0.14797555,
134.1534153,108.4957983,15.91633133,106.7106892,0.147937571,
134.1734173,108.4957843,15.91243776,106.7134115,0.147899606,
134.1934193,108.4957703,15.90854577,106.7161352,0.147861655,
134.2134213,108.4957564,15.90465537,106.7188603,0.147823718,
134.2334233,108.4957426,15.90076655,106.7215866,0.147785796,
134.2534253,108.4957287,15.89687931,106.7243142,0.147747887,
134.2734273,108.495715,15.89299364,106.7270428,0.147709993,
134.2934293,108.4957012,15.88910954,106.7297725,0.147672113,
134.3134313,108.4956875,15.885227,106.7325032,0.147634247,
134.3334333,108.4956739,15.88134602,106.7352348,0.147596395,
134.3534353,108.4956602,15.87746659,106.7379672,0.147558557,
134.3734373,108.4956467,15.87358871,106.7407003,0.147520734,
134.3934393,108.4956331,15.86971238,106.7434341,0.147482925,
134.4134413,108.4956196,15.86583758,106.7461685,0.14744513,
134.4334433,108.4956061,15.86196432,106.7489035,0.147407349,
134.4534453,108.4955927,15.8580926,106.7516389,0.147369582,
134.4734473,108.4955793,15.85422239,106.7543747,0.14733183,
134.4934493,108.4955659,15.85035371,106.7571108,0.147294091,
134.5134513,108.4955525,15.84648655,106.7598471,0.147256367,
134.5334533,108.4955392,15.8426209,106.7625836,0.147218657,
134.5534553,108.4955259,15.83875675,106.7653202,0.147180961,
134.5734573,108.4955126,15.83489411,106.7680567,0.14714328,
134.5934593,108.4954993,15.83103297,106.7707932,0.147105612,
134.6134613,108.4954861,15.82717332,106.7735296,0.147067959,
134.6334633,108.4954729,15.82331516,106.7762658,0.14703032,
134.6534653,108.4954597,15.81945849,106.7790017,0.146992695,
134.6734673,108.4954466,15.81560329,106.7817372,0.146955084,
134.6934693,108.4954334,15.81174957,106.7844723,0.146917488,
134.7134713,108.4954203,15.80789732,106.7872069,0.146879906,
134.7334733,108.4954072,15.80404654,106.7899409,0.146842337,
134.7534753,108.4953941,15.80019722,106.7926742,0.146804783,
134.7734773,108.495381,15.79634936,106.7954069,0.146767244,
134.7934793,108.4953679,15.79250294,106.7981387,0.146729718,
134.8134813,108.4953549,15.78865798,106.8008696,0.146692207,
134.8334833,108.4953418,15.78481446,106.8035996,0.14665471,
134.8534853,108.4953288,15.78097238,106.8063286,0.146617227,
134.8734873,108.4953158,15.77713173,106.8090565,0.146579758,
134.8934893,108.4953027,15.77329251,106.8117832,0.146542303,
134.9134913,108.4952897,15.76945471,106.8145087,0.146504863,
134.9334933,108.4952767,15.76561834,106.8172328,0.146467437,
134.9534953,108.4952637,15.76178338,106.8199556,0.146430025,
134.9734973,108.4952507,15.75794983,106.8226768,0.146392627,
134.9934993,108.4952377,15.75411769,106.8253966,0.146355243,
135.0135014,108.4952247,15.75028695,106.8281147,0.146317874,
135.0335034,108.4952117,15.74645761,106.8308311,0.146280519,
135.0535054,108.4951987,15.74262965,106.8335458,0.146243178,
135.0735074,108.4951857,15.73880309,106.8362587,0.146205851,
135.0935094,108.4951727,15.73497791,106.8389696,0.146168539,
135.1135114,108.4951597,15.73115411,106.8416785,0.14613124,
135.1335134,108.4951467,15.72733168,106.8443854,0.146093956,
135.1535154,108.4951337,15.72351063,106.8470902,0.146056686,
135.1735174,108.4951207,15.71969093,106.8497927,0.146019431,
135.1935194,108.4951077,15.7158726,106.852493,0.145982189,
135.2135214,108.4950946,15.71205562,106.8551909,0.145944962,
135.2335234,108.4950816,15.70824,106.8578864,0.145907749,
135.2535254,108.4950685,15.70442572,106.8605794,0.14587055,
135.2735274,108.4950554,15.70061278,106.8632698,0.145833365,
135.2935294,108.4950423,15.69680118,106.8659576,0.145796195,
135.3135314,108.4950292,15.69299091,106.8686426,0.145759039,
135.3335334,108.4950161,15.68918197,106.8713248,0.145721897,
135.3535354,108.495003,15.68537435,106.8740042,0.145684769,
135.3735374,108.4949898,15.68156805,106.8766806,0.145647655,
135.3935394,108.4949766,15.67776307,106.879354,0.145610556,
135.4135414,108.4949634,15.67395939,106.8820244,0.145573471,
135.4335434,108.4949502,15.67015702,106.8846915,0.1455364,
135.4535454,108.4949369,15.66635595,106.8873554,0.145499343,
135.4735474,108.4949237,15.66255618,106.890016,0.145462301,
135.4935494,108.4949104,15.6587577,106.8926732,0.145425273,
135.5135514,108.4948971,15.6549605,106.895327,0.145388259,
135.5335534,108.4948837,15.65116459,106.8979772,0.145351259,
135.5535554,108.4948703,15.64736995,106.9006238,0.145314273,
135.5735574,108.4948569,15.64357658,106.9032667,0.145277302,
135.5935594,108.4948435,15.63978449,106.9059058,0.145240345,
135.6135614,108.49483,15.63599365,106.9085412,0.145203402,
135.6335634,108.4948165,15.63220408,106.9111726,0.145166474,
135.6535654,108.494803,15.62841576,106.9138,0.145129559,
135.6735674,108.4947894,15.62462869,106.9164234,0.145092659,
135.6935694,108.4947758,15.62084286,106.9190427,0.145055773,
135.7135714,108.4947621,15.61705828,106.9216577,0.145018902,
135.7335734,108.4947485,15.61327493,106.9242685,0.144982044,
135.7535754,108.4947347,15.60949281,106.926875,0.144945201,
135.7735774,108.494721,15.60571192,106.929477,0.144908372,
135.7935794,108.4947072,15.60193225,106.9320745,0.144871557,
135.8135814,108.4946933,15.5981538,106.9346674,0.144834757,
135.8335834,108.4946794,15.59437656,106.9372557,0.14479797,
135.8535854,108.4946655,15.59060053,106.9398393,0.144761198,
135.8735874,108.4946515,15.5868257,106.9424181,0.144724441,
135.8935894,108.4946374,15.58305207,106.944992,0.144687697,
135.9135914,108.4946234,15.57927964,106.947561,0.144650968,
135.9335934,108.4946092,15.57550839,106.950125,0.144614253,
135.9535954,108.494595,15.57173833,106.9526839,0.144577552,
135.9735974,108.4945808,15.56796945,106.9552376,0.144540866,
135.9935994,108.4945665,15.56420175,106.9577861,0.144504193,
136.0136014,108.4945522,15.56043522,106.9603293,0.144467535,
136.0336034,108.4945378,15.55666985,106.962867,0.144430891,
136.0536054,108.4945233,15.55290565,106.9653994,0.144394262,
136.0736074,108.4945088,15.5491426,106.9679262,0.144357647,
136.0936094,108.4944942,15.54538071,106.9704474,0.144321046,
136.1136114,108.4944796,15.54161997,106.9729629,0.144284459,
136.1336134,108.4944649,15.53786037,106.9754727,0.144247886,
136.1536154,108.4944502,15.5341019,106.9779766,0.144211328,
136.1736174,108.4944354,15.53034458,106.9804747,0.144174784,
136.1936194,108.4944205,15.52658838,106.9829667,0.144138254,
136.2136214,108.4944055,15.52283331,106.9854527,0.144101739,
136.2336234,108.4943905,15.51907935,106.9879326,0.144065238,
136.2536254,108.4943754,15.51532652,106.9904063,0.144028751,
136.2736274,108.4943603,15.51157479,106.9928738,0.143992278,
136.2936294,108.4943451,15.50782418,106.9953349,0.143955819,
136.3136314,108.4943298,15.50407466,106.9977895,0.143919375,
136.3336334,108.4943144,15.50032624,107.0002377,0.143882945,
136.3536354,108.494299,15.49657892,107.0026793,0.14384653,
136.3736374,108.4942835,15.49283268,107.0051143,0.143810128,
136.3936394,108.4942679,15.48908753,107.0075425,0.143773741,
136.4136414,108.4942523,15.48534346,107.009964,0.143737368,
136.4336434,108.4942365,15.48160046,107.0123786,0.14370101,
136.4536454,108.4942207,15.47785853,107.0147863,0.143664665,
136.4736474,108.4942048,15.47411766,107.0171869,0.143628335,
136.4936494,108.4941888,15.47037786,107.0195805,0.14359202,
136.5136514,108.4941728,15.46663911,107.0219669,0.143555718,
136.5336534,108.4941567,15.46290142,107.0243461,0.143519431,
136.5536554,108.4941404,15.45916477,107.026718,0.143483158,
136.5736574,108.4941241,15.45542916,107.0290825,0.143446899,
136.5936594,108.4941077,15.45169459,107.0314396,0.143410655,
136.6136614,108.4940912,15.44796106,107.0337891,0.143374425,
136.6336634,108.4940747,15.44422855,107.0361311,0.143338209,
136.6536654,108.494058,15.44049707,107.0384653,0.143302007,
136.6736674,108.4940413,15.4367666,107.0407918,0.14326582,
136.6936694,108.4940244,15.43303715,107.0431105,0.143229647,
136.7136714,108.4940075,15.42930872,107.0454213,0.143193488,
136.7336734,108.4939905,15.42558128,107.0477241,0.143157344,
136.7536754,108.4939733,15.42185485,107.0500189,0.143121213,
136.7736774,108.4939561,15.41812941,107.0523056,0.143085098,
136.7936794,108.4939388,15.41440497,107.054584,0.143048996,
136.8136814,108.4939214,15.41068151,107.0568542,0.143012909,
136.8336834,108.4939039,15.40695903,107.0591161,0.142976836,
136.8536854,108.4938863,15.40323753,107.0613696,0.142940777,
136.8736874,108.4938686,15.39951701,107.0636145,0.142904732,
136.8936894,108.4938507,15.39579745,107.0658509,0.142868702,
136.9136914,108.4938328,15.39207886,107.0680787,0.142832686,
136.9336934,108.4938148,15.38836123,107.0702977,0.142796685,
136.9536954,108.4937966,15.38464455,107.072508,0.142760697,
136.9736974,108.4937784,15.38092882,107.0747094,0.142724724,
136.9936994,108.4937601,15.37721404,107.0769019,0.142688766,
137.0137014,108.4937416,15.3735002,107.0790854,0.142652821,
137.0337034,108.493723,15.36978729,107.0812598,0.142616891,
137.0537054,108.4937043,15.36607532,107.0834251,0.142580975,
137.0737074,108.4936855,15.36236427,107.0855811,0.142545074,
137.0937094,108.4936666,15.35865415,107.0877278,0.142509187,
137.1137114,108.4936476,15.35494494,107.0898652,0.142473314,
137.1337134,108.4936285,15.35123665,107.0919931,0.142437455,
137.1537154,108.4936092,15.34752927,107.0941115,0.142401611,
137.1737174,108.4935898,15.34382279,107.0962203,0.142365781,
137.1937194,108.4935704,15.34011721,107.0983194,0.142329965,
137.2137214,108.4935507,15.33641252,107.1004088,0.142294164,
137.2337234,108.493531,15.33270873,107.1024884,0.142258377,
137.2537254,108.4935111,15.32900582,107.104558,0.142222604,
137.2737274,108.4934912,15.32530379,107.1066177,0.142186845,
137.2937294,108.493471,15.32160263,107.1086674,0.142151101,
137.3137314,108.4934508,15.31790235,107.110707,0.142115371,
137.3337334,108.4934305,15.31420294,107.1127363,0.142079656,
137.3537354,108.49341,15.31050439,107.1147554,0.142043954,
137.3737374,108.4933893,15.3068067,107.1167642,0.142008267,
137.3937394,108.4933686,15.30310986,107.1187626,0.141972595,
137.4137414,108.4933477,15.29941387,107.1207505,0.141936936,
137.4337434,108.4933267,15.29571872,107.1227278,0.141901292,
137.4537454,108.4933056,15.29202442,107.1246945,0.141865663,
137.4737474,108.4932843,15.28833094,107.1266505,0.141830047,
137.4937494,108.4932629,15.2846383,107.1285957,0.141794446,
137.5137514,108.4932413,15.28094649,107.13053,0.14175886,
137.5337534,108.4932196,15.27725549,107.1324535,0.141723287,
137.5537554,108.4931978,15.27356531,107.1343659,0.141687729,
137.5737574,108.4931758,15.26987595,107.1362673,0.141652185,
137.5937594,108.4931537,15.26618739,107.1381575,0.141616656,
137.6137614,108.4931314,15.26249963,107.1400365,0.141581141,
137.6337634,108.493109,15.25881268,107.1419042,0.14154564,
137.6537654,108.4930865,15.25512651,107.1437605,0.141510153,
137.6737674,108.4930638,15.25144114,107.1456054,0.141474681,
137.6937694,108.4930409,15.24775655,107.1474388,0.141439223,
137.7137714,108.493018,15.24407273,107.1492606,0.14140378,
137.7337734,108.4929948,15.2403897,107.1510707,0.141368351,
137.7537754,108.4929715,15.23670743,107.1528691,0.141332936,
137.7737774,108.4929481,15.23302593,107.1546556,0.141297535,
137.7937794,108.4929245,15.22934519,107.1564303,0.141262149,
137.8137814,108.4929007,15.22566521,107.158193,0.141226777,
137.8337834,108.4928768,15.22198598,107.1599437,0.14119142,
137.8537854,108.4928528,15.2183075,107.1616823,0.141156076,
137.8737874,108.4928286,15.21462976,107.1634087,0.141120748,
137.8937894,108.4928042,15.21095276,107.1651229,0.141085433,
137.9137914,108.4927797,15.20727649,107.1668247,0.141050133,
137.9337934,108.492755,15.20360095,107.1685141,0.141014847,
137.9537954,108.4927301,15.19992614,107.170191,0.140979575,
137.9737974,108.4927051,15.19625204,107.1718554,0.140944318,
137.9937994,108.4926799,15.19257866,107.1735071,0.140909075,
138.0138014,108.4926546,15.18890599,107.1751462,0.140873847,
138.0338034,108.4926291,15.18523403,107.1767725,0.140838633,
138.0538054,108.4926034,15.18156277,107.1783859,0.140803433,
138.0738074,108.4925776,15.1778922,107.1799864,0.140768247,
138.0938094,108.4925515,15.17422233,107.1815739,0.140733076,
138.1138114,108.4925254,15.17055314,107.1831484,0.14069792,
138.1338134,108.492499,15.16688464,107.1847097,0.140662777,
138.1538154,108.4924725,15.16321682,107.1862578,0.140627649,
138.1738174,108.4924458,15.15954967,107.1877926,0.140592535,
138.1938194,108.4924189,15.15588319,107.189314,0.140557436,
138.2138214,108.4923918,15.15221737,107.190822,0.140522351,
138.2338234,108.4923646,15.14855221,107.1923165,0.14048728,
138.2538254,108.4923372,15.14488771,107.1937974,0.140452224,
138.2738274,108.4923096,15.14122386,107.1952647,0.140417182,
138.2938294,108.4922818,15.13756065,107.1967182,0.140382154,
138.3138314,108.4922539,15.13389809,107.1981579,0.140347141,
138.3338334,108.4922258,15.13023616,107.1995837,0.140312142,
138.3538354,108.4921974,15.12657487,107.2009956,0.140277157,
138.3738374,108.4921689,15.1229142,107.2023934,0.140242187,
138.3938394,108.4921403,15.11925416,107.2037771,0.140207231,
138.4138414,108.4921114,15.11559473,107.2051467,0.14017229,
138.4338434,108.4920823,15.11193592,107.206502,0.140137363,
138.4538454,108.4920531,15.10827772,107.207843,0.14010245,
138.4738474,108.4920236,15.10462012,107.2091696,0.140067551,
138.4938494,108.491994,15.10096313,107.2104817,0.140032667,
138.5138514,108.4919642,15.09730672,107.2117792,0.139997798,
138.5338534,108.4919342,15.09365091,107.2130622,0.139962942,
138.5538554,108.4919039,15.08999569,107.2143304,0.139928101,
138.5738574,108.4918735,15.08634104,107.2155839,0.139893275,
138.5938594,108.4918429,15.08268698,107.2168225,0.139858463,
138.6138614,108.4918121,15.07903348,107.2180463,0.139823665,
138.6338634,108.4917811,15.07538056,107.219255,0.139788881,
138.6538654,108.4917499,15.07172819,107.2204487,0.139754112,
138.6738674,108.4917185,15.06807639,107.2216272,0.139719357,
138.6938694,108.4916869,15.06442514,107.2227905,0.139684617,
138.7138714,108.4916551,15.06077444,107.2239386,0.139649891,
138.7338734,108.4916231,15.05712428,107.2250712,0.139615179,
138.7538754,108.4915909,15.05347466,107.2261885,0.139580482,
138.7738774,108.4915584,15.04982558,107.2272902,0.139545799,
138.7938794,108.4915258,15.04617703,107.2283764,0.139511131,
138.8138814,108.4914929,15.04252901,107.2294469,0.139476477,
138.8338834,108.4914599,15.0388815,107.2305016,0.139441837,
138.8538854,108.4914266,15.03523452,107.2315406,0.139407211,
138.8738874,108.4913931,15.03158805,107.2325637,0.139372601,
138.8938894,108.4913594,15.02794208,107.2335708,0.139338004,
138.9138914,108.4913255,15.02429662,107.2345619,0.139303422,
138.9338934,108.4912914,15.02065166,107.2355369,0.139268854,
138.9538954,108.4912571,15.01700719,107.2364958,0.1392343,
138.9738974,108.4912225,15.01336321,107.2374384,0.139199761,
138.9938994,108.4911877,15.00971971,107.2383647,0.139165237,
139.0139014,108.4911527,15.0060767,107.2392746,0.139130726,
139.0339034,108.4911175,15.00243416,107.240168,0.13909623,
139.0539054,108.4910821,14.99879209,107.2410448,0.139061749,
139.0739074,108.4910464,14.99515049,107.2419051,0.139027282,
139.0939094,108.4910105,14.99150935,107.2427487,0.138992829,
139.1139114,108.4909744,14.98786867,107.2435755,0.138958391,
139.1339134,108.4909381,14.98422844,107.2443855,0.138923967,
139.1539154,108.4909015,14.98058865,107.2451785,0.138889557,
139.1739174,108.4908647,14.97694932,107.2459546,0.138855162,
139.1939194,108.4908277,14.97331042,107.2467136,0.138820781,
139.2139214,108.4907904,14.96967195,107.2474555,0.138786415,
139.2339234,108.4907529,14.96603391,107.2481802,0.138752063,
139.2539254,108.4907152,14.9623963,107.2488875,0.138717725,
139.2739274,108.4906772,14.95875911,107.2495776,0.138683402,
139.2939294,108.490639,14.95512233,107.2502502,0.138649093,
139.3139314,108.4906006,14.95148597,107.2509053,0.138614799,
139.3339334,108.4905619,14.94785001,107.2515428,0.138580519,
139.3539354,108.490523,14.94421446,107.2521627,0.138546253,
139.3739374,108.4904839,14.9405793,107.2527649,0.138512002,
139.3939394,108.4904445,14.93694453,107.2533492,0.138477765,
139.4139414,108.4904048,14.93331015,107.2539157,0.138443543,
139.4339434,108.490365,14.92967616,107.2544643,0.138409335,
139.4539454,108.4903248,14.92604254,107.2549948,0.138375141,
139.4739474,108.4902845,14.9224093,107.2555072,0.138340962,
139.4939494,108.4902439,14.91877643,107.2560015,0.138306797,
139.5139514,108.490203,14.91514392,107.2564775,0.138272647,
139.5339534,108.4901619,14.91151178,107.2569352,0.138238511,
139.5539554,108.4901205,14.90787999,107.2573745,0.13820439,
139.5739574,108.4900789,14.90424855,107.2577954,0.138170282,
139.5939594,108.4900371,14.90061746,107.2581977,0.13813619,
139.6139614,108.4899949,14.89698671,107.2585814,0.138102111,
139.6339634,108.4899526,14.89335629,107.2589464,0.138068048,
139.6539654,108.4899099,14.88972621,107.2592927,0.138033998,
139.6739674,108.489867,14.88609646,107.2596201,0.137999963,
139.6939694,108.4898239,14.88246703,107.2599287,0.137965942,
139.7139714,108.4897805,14.87883792,107.2602182,0.137931936,
139.7339734,108.4897368,14.87520913,107.2604887,0.137897944,
139.7539754,108.4896929,14.87158064,107.2607401,0.137863967,
139.7739774,108.4896487,14.86795246,107.2609722,0.137830004,
139.7939794,108.4896043,14.86432458,107.2611851,0.137796056,
139.8139814,108.4895596,14.860697,107.2613786,0.137762122,
139.8339834,108.4895146,14.8570697,107.2615527,0.137728202,
139.8539854,108.4894693,14.8534427,107.2617074,0.137694297,
139.8739874,108.4894238,14.84981597,107.2618424,0.137660406,
139.8939894,108.4893781,14.84618953,107.2619578,0.137626529,
139.9139914,108.489332,14.84256335,107.2620535,0.137592667,
139.9339934,108.4892857,14.83893745,107.2621294,0.13755882,
139.9539954,108.4892391,14.83531181,107.2621854,0.137524987,
139.9739974,108.4891922,14.83168642,107.2622215,0.137491168,
139.9939994,108.4891451,14.8280613,107.2622375,0.137457364,
140.0140014,108.4890962,14.82443677,107.2622374,0.137423576,
140.0340034,108.4890415,14.82081384,107.2622325,0.137389811,
140.0540054,108.4889808,14.81719257,107.2622235,0.137356069,
140.0740074,108.488914,14.81357296,107.2622105,0.13732235,
140.0940094,108.4888411,14.809955,107.2621934,0.137288654,
140.1140114,108.4887623,14.80633868,107.2621723,0.137254981,
140.1340134,108.4886774,14.80272401,107.2621471,0.13722133,
140.1540154,108.4885866,14.79911098,107.262118,0.137187702,
140.1740174,108.4884898,14.79549958,107.2620848,0.137154097,
140.1940194,108.4883871,14.7918898,107.2620476,0.137120514,
140.2140214,108.4882785,14.78828165,107.2620065,0.137086953,
140.2340234,108.488164,14.78467512,107.2619613,0.137053415,
140.2540254,108.4880437,14.78107021,107.2619123,0.1370199,
140.2740274,108.4879175,14.7774669,107.2618593,0.136986406,
140.2940294,108.4877855,14.7738652,107.2618023,0.136952935,
140.3140314,108.4876477,14.77026509,107.2617414,0.136919486,
140.3340334,108.4875041,14.76666659,107.2616767,0.136886059,
140.3540354,108.4873548,14.76306967,107.261608,0.136852654,
140.3740374,108.4871997,14.75947434,107.2615354,0.136819271,
140.3940394,108.4870389,14.75588059,107.261459,0.13678591,
140.4140414,108.4868724,14.75228842,107.2613786,0.13675257,
140.4340434,108.4867002,14.74869782,107.2612945,0.136719253,
140.4540454,108.4865224,14.74510879,107.2612065,0.136685956,
140.4740474,108.486339,14.74152132,107.2611147,0.136652682,
140.4940494,108.4861499,14.73793541,107.261019,0.136619429,
140.5140514,108.4859553,14.73435105,107.2609196,0.136586197,
140.5340534,108.4857551,14.73076824,107.2608163,0.136552987,
140.5540554,108.4855494,14.72718697,107.2607093,0.136519798,
140.5740574,108.4853381,14.72360725,107.2605985,0.136486631,
140.5940594,108.4851213,14.72002906,107.260484,0.136453484,
140.6140614,108.4848991,14.7164524,107.2603657,0.136420359,
140.6340634,108.4846714,14.71287726,107.2602436,0.136387254,
140.6540654,108.4844383,14.70930365,107.2601179,0.136354171,
140.6740674,108.4841997,14.70573155,107.2599884,0.136321109,
140.6940694,108.4839558,14.70216096,107.2598552,0.136288067,
140.7140714,108.4837064,14.69859188,107.2597184,0.136255046,
140.7340734,108.4834518,14.69502431,107.2595778,0.136222046,
140.7540754,108.4831917,14.69145823,107.2594336,0.136189066,
140.7740774,108.4829264,14.68789364,107.2592858,0.136156107,
140.7940794,108.4826558,14.68433054,107.2591343,0.136123169,
140.8140814,108.48238,14.68076892,107.2589792,0.136090251,
140.8340834,108.4820988,14.67720879,107.2588204,0.136057353,
140.8540854,108.4818125,14.67365012,107.2586581,0.136024476,
140.8740874,108.481521,14.67009293,107.2584922,0.135991619,
140.8940894,108.4812242,14.6665372,107.2583226,0.135958782,
140.9140914,108.4809223,14.66298294,107.2581495,0.135925965,
140.9340934,108.4806153,14.65943012,107.2579729,0.135893168,
140.9540954,108.4803032,14.65587876,107.2577927,0.135860391,
140.9740974,108.4799859,14.65232885,107.2576089,0.135827633,
140.9940994,108.4796636,14.64878037,107.2574217,0.135794896,
141.0141014,108.4793362,14.64523333,107.2572309,0.135762179,
141.0341034,108.4790038,14.64168773,107.2570366,0.135729481,
141.0541054,108.4786664,14.63814355,107.2568389,0.135696802,
141.0741074,108.478324,14.6346008,107.2566376,0.135664144,
141.0941094,108.4779767,14.63105946,107.2564329,0.135631504,
141.1141114,108.4776243,14.62751954,107.2562247,0.135598885,
141.1341134,108.4772671,14.62398102,107.2560131,0.135566284,
141.1541154,108.4769049,14.62044392,107.2557981,0.135533703,
141.1741174,108.4765379,14.61690821,107.2555796,0.135501141,
141.1941194,108.476166,14.61337389,107.2553578,0.135468598,
141.2141214,108.4757893,14.60984096,107.2551325,0.135436074,
141.2341234,108.4754077,14.60630943,107.2549039,0.135403569,
141.2541254,108.4750214,14.60277927,107.2546718,0.135371083,
141.2741274,108.4746302,14.59925048,107.2544365,0.135338616,
141.2941294,108.4742343,14.59572307,107.2541977,0.135306168,
141.3141314,108.4738337,14.59219703,107.2539557,0.135273738,
141.3341334,108.4734284,14.58867235,107.2537103,0.135241327,
141.3541354,108.4730183,14.58514902,107.2534616,0.135208935,
141.3741374,108.4726036,14.58162705,107.2532095,0.135176561,
141.3941394,108.4721843,14.57810643,107.2529542,0.135144206,
141.4141414,108.4717603,14.57458715,107.2526957,0.135111869,
141.4341434,108.4713317,14.57106921,107.2524338,0.13507955,
141.4541454,108.4708986,14.5675526,107.2521687,0.13504725,
141.4741474,108.4704608,14.56403733,107.2519004,0.135014968,
141.4941494,108.4700186,14.56052337,107.2516288,0.134982703,
141.5141514,108.4695718,14.55701074,107.251354,0.134950457,
141.5341534,108.4691205,14.55349943,107.251076,0.134918229,
141.5541554,108.4686647,14.54998942,107.2507948,0.134886019,
141.5741574,108.4682044,14.54648072,107.2505104,0.134853827,
141.5941594,108.4677398,14.54297332,107.2502228,0.134821652,
141.6141614,108.4672707,14.53946722,107.2499321,0.134789495,
141.6341634,108.4667972,14.53596242,107.2496382,0.134757356,
141.6541654,108.4663194,14.5324589,107.2493412,0.134725234,
141.6741674,108.4658372,14.52895666,107.2490411,0.13469313,
141.6941694,108.4653506,14.5254557,107.2487378,0.134661043,
141.7141714,108.4648598,14.52195601,107.2484314,0.134628974,
141.7341734,108.4643646,14.5184576,107.248122,0.134596922,
141.7541754,108.4638652,14.51496044,107.2478094,0.134564887,
141.7741774,108.4633616,14.51146455,107.2474938,0.134532869,
141.7941794,108.4628537,14.50796991,107.2471752,0.134500869,
141.8141814,108.4623417,14.50447652,107.2468535,0.134468885,
141.8341834,108.4618254,14.50098438,107.2465287,0.134436919,
141.8541854,108.461305,14.49749348,107.246201,0.134404969,
141.8741874,108.4607805,14.49400382,107.2458702,0.134373036,
141.8941894,108.4602518,14.49051538,107.2455364,0.13434112,
141.9141914,108.4597191,14.48702818,107.2451996,0.13430922,
141.9341934,108.4591822,14.48354219,107.2448599,0.134277337,
141.9541954,108.4586413,14.48005743,107.2445172,0.134245471,
141.9741974,108.4580964,14.47657387,107.2441716,0.134213621,
141.9941994,108.4575475,14.47309153,107.243823,0.134181788,
142.0142014,108.4569946,14.46961038,107.2434715,0.134149971,
142.0342034,108.4564377,14.46613044,107.243117,0.13411817,
142.0542054,108.4558769,14.46265169,107.2427597,0.134086385,
142.0742074,108.4553121,14.45917413,107.2423994,0.134054617,
142.0942094,108.4547434,14.45569776,107.2420363,0.134022864,
142.1142114,108.4541709,14.45222257,107.2416703,0.133991128,
142.1342134,108.4535945,14.44874855,107.2413015,0.133959408,
142.1542154,108.4530142,14.4452757,107.2409298,0.133927703,
142.1742174,108.4524302,14.44180402,107.2405553,0.133896014,
142.1942194,108.4518423,14.4383335,107.2401779,0.133864341,
142.2142214,108.4512507,14.43486414,107.2397978,0.133832684,
142.2342234,108.4506553,14.43139593,107.2394148,0.133801042,
142.2542254,108.4500561,14.42792887,107.239029,0.133769416,
142.2742274,108.4494533,14.42446295,107.2386405,0.133737805,
142.2942294,108.4488468,14.42099817,107.2382492,0.133706209,
142.3142314,108.4482366,14.41753452,107.2378552,0.133674629,
142.3342334,108.4476227,14.41407201,107.2374584,0.133643064,
142.3542354,108.4470052,14.41061061,107.2370589,0.133611515,
142.3742374,108.4463842,14.40715034,107.2366566,0.13357998,
142.3942394,108.4457595,14.40369118,107.2362517,0.133548461,
142.4142414,108.4451313,14.40023313,107.2358441,0.133516956,
142.4342434,108.4444995,14.39677619,107.2354338,0.133485467,
142.4542454,108.4438642,14.39332034,107.2350208,0.133453992,
142.4742474,108.4432254,14.3898656,107.2346051,0.133422532,
142.4942494,108.4425831,14.38641195,107.2341868,0.133391087,
142.5142514,108.4419374,14.38295938,107.2337659,0.133359656,
142.5342534,108.4412882,14.37950789,107.2333423,0.13332824,
142.5542554,108.4406357,14.37605749,107.2329161,0.133296838,
142.5742574,108.4399797,14.37260815,107.2324874,0.133265451,
142.5942594,108.4393203,14.36915989,107.232056,0.133234079,
142.6142614,108.4386577,14.36571269,107.2316221,0.13320272,
142.6342634,108.4379916,14.36226654,107.2311856,0.133171376,
142.6542654,108.4373223,14.35882145,107.2307465,0.133140046,
142.6742674,108.4366497,14.35537741,107.2303049,0.13310873,
142.6942694,108.4359738,14.35193442,107.2298608,0.133077428,
142.7142714,108.4352947,14.34849247,107.2294141,0.13304614,
142.7342734,108.4346123,14.34505155,107.2289649,0.133014866,
142.7542754,108.4339268,14.34161166,107.2285133,0.132983606,
142.7742774,108.433238,14.3381728,107.2280591,0.132952359,
142.7942794,108.4325462,14.33473496,107.2276025,0.132921127,
142.8142814,108.4318511,14.33129814,107.2271434,0.132889908,
142.8342834,108.431153,14.32786233,107.2266819,0.132858702,
142.8542854,108.4304518,14.32442753,107.2262179,0.13282751,
142.8742874,108.4297474,14.32099373,107.2257515,0.132796331,
142.8942894,108.4290401,14.31756093,107.2252827,0.132765166,
142.9142914,108.4283297,14.31412913,107.2248115,0.132734014,
142.9342934,108.4276163,14.31069831,107.2243379,0.132702875,
142.9542954,108.4268999,14.30726848,107.223862,0.132671749,
142.9742974,108.4261805,14.30383962,107.2233836,0.132640637,
142.9942994,108.4254582,14.30041175,107.2229029,0.132609537,
143.0143014,108.424733,14.29698484,107.2224199,0.13257845,
143.0343034,108.4240049,14.2935589,107.2219345,0.132547377,
143.0543054,108.4232738,14.29013391,107.2214468,0.132516316,
143.0743074,108.42254,14.28670989,107.2209568,0.132485267,
143.0943094,108.4218033,14.28328682,107.2204645,0.132454232,
143.1143114,108.4210637,14.27986469,107.2199699,0.132423209,
143.1343134,108.4203214,14.27644351,107.219473,0.132392198,
143.1543154,108.4195763,14.27302326,107.2189739,0.1323612,
143.1743174,108.4188284,14.26960395,107.2184725,0.132330215,
143.1943194,108.4180778,14.26618557,107.2179689,0.132299242,
143.2143214,108.4173245,14.26276811,107.217463,0.132268281,
143.2343234,108.4165685,14.25935156,107.216955,0.132237332,
143.2543254,108.4158099,14.25593594,107.2164447,0.132206395,
143.2743274,108.4150486,14.25252122,107.2159322,0.132175471,
143.2943294,108.4142846,14.24910741,107.2154176,0.132144558,
143.3143314,108.4135181,14.2456945,107.2149008,0.132113657,
143.3343334,108.4127489,14.24228248,107.2143818,0.132082768,
143.3543354,108.4119773,14.23887136,107.2138607,0.132051891,
143.3743374,108.411203,14.23546112,107.2133375,0.132021026,
143.3943394,108.4104263,14.23205176,107.2128121,0.131990172,
143.4143414,108.409647,14.22864328,107.2122846,0.13195933,
143.4343434,108.4088653,14.22523567,107.2117551,0.1319285,
143.4543454,108.4080811,14.22182894,107.2112234,0.131897681,
143.4743474,108.4072945,14.21842306,107.2106896,0.131866873,
143.4943494,108.4065055,14.21501804,107.2101538,0.131836076,
143.5143514,108.4057141,14.21161388,107.209616,0.131805291,
143.5343534,108.4049203,14.20821056,107.2090761,0.131774517,
143.5543554,108.4041241,14.20480809,107.2085342,0.131743754,
143.5743574,108.4033256,14.20140646,107.2079902,0.131713002,
143.5943594,108.4025249,14.19800567,107.2074443,0.131682261,
143.6143614,108.4017218,14.1946057,107.2068963,0.131651531,
143.6343634,108.4009165,14.19120656,107.2063464,0.131620812,
143.6543654,108.4001089,14.18780824,107.2057945,0.131590104,
143.6743674,108.3992991,14.18441074,107.2052407,0.131559406,
143.6943694,108.3984871,14.18101405,107.2046849,0.131528719,
143.7143714,108.3976729,14.17761817,107.2041271,0.131498042,
143.7343734,108.3968566,14.17422309,107.2035675,0.131467376,
143.7543754,108.3960381,14.17082881,107.2030059,0.131436721,
143.7743774,108.3952176,14.16743532,107.2024425,0.131406075,
143.7943794,108.3943949,14.16404262,107.2018771,0.13137544,
143.8143814,108.3935701,14.1606507,107.2013099,0.131344816,
143.8343834,108.3927433,14.15725956,107.2007408,0.131314201,
143.8543854,108.3919145,14.1538692,107.2001698,0.131283597,
143.8743874,108.3910837,14.15047961,107.199597,0.131253002,
143.8943894,108.3902508,14.14709078,107.1990224,0.131222417,
143.9143914,108.389416,14.14370271,107.198446,0.131191843,
143.9343934,108.3885793,14.1403154,107.1978677,0.131161278,
143.9543954,108.3877406,14.13692884,107.1972877,0.131130723,
143.9743974,108.3869001,14.13354302,107.1967058,0.131100177,
143.9943994,108.3860576,14.13015795,107.1961222,0.131069642,
144.0144014,108.3852133,14.12677361,107.1955369,0.131039115,
144.0344034,108.3843672,14.12339001,107.1949498,0.131008599,
144.0544054,108.3835192,14.12000714,107.1943609,0.130978091,
144.0744074,108.3826695,14.11662498,107.1937704,0.130947593,
144.0944094,108.3818179,14.11324355,107.1931781,0.130917104,
144.1144114,108.3809646,14.10986283,107.1925841,0.130886625,
144.1344134,108.3801096,14.10648282,107.1919884,0.130856154,
144.1544154,108.3792529,14.10310352,107.1913911,0.130825693,
144.1744174,108.3783945,14.09972491,107.190792,0.13079524,
144.1944194,108.3775344,14.096347,107.1901914,0.130764797,
144.2144214,108.3766726,14.09296978,107.1895891,0.130734362,
144.2344234,108.3758093,14.08959324,107.1889851,0.130703937,
144.2544254,108.3749443,14.08621739,107.1883795,0.130673519,
144.2744274,108.3740778,14.08284221,107.1877724,0.130643111,
144.2944294,108.3732097,14.07946771,107.1871636,0.130612711,
144.3144314,108.37234,14.07609387,107.1865532,0.13058232,
144.3344334,108.3714689,14.0727207,107.1859413,0.130551937,
144.3544354,108.3705962,14.06934818,107.1853278,0.130521562,
144.3744374,108.3697221,14.06597631,107.1847128,0.130491196,
144.3944394,108.3688465,14.0626051,107.1840962,0.130460838,
144.4144414,108.3679694,14.05923453,107.1834781,0.130430489,
144.4344434,108.367091,14.05586459,107.1828585,0.130400147,
144.4544454,108.3662111,14.0524953,107.1822374,0.130369813,
144.4744474,108.3653299,14.04912663,107.1816148,0.130339488,
144.4944494,108.3644474,14.04575858,107.1809907,0.13030917,
144.5144514,108.3635635,14.04239116,107.1803651,0.13027886,
144.5344534,108.3626783,14.03902436,107.1797381,0.130248558,
144.5544554,108.3617918,14.03565816,107.1791096,0.130218264,
144.5744574,108.3609041,14.03229257,107.1784797,0.130187977,
144.5944594,108.3600151,14.02892759,107.1778484,0.130157698,
144.6144614,108.3591249,14.0255632,107.1772157,0.130127426,
144.6344634,108.3582335,14.0221994,107.1765816,0.130097162,
144.6544654,108.357341,14.01883619,107.1759461,0.130066905,
144.6744674,108.3564472,14.01547356,107.1753092,0.130036656,
144.6944694,108.3555524,14.01211152,107.1746709,0.130006413,
144.7144714,108.3546564,14.00875004,107.1740314,0.129976178,
144.7344734,108.3537593,14.00538914,107.1733904,0.12994595,
144.7544754,108.3528611,14.0020288,107.1727482,0.129915729,
144.7744774,108.3519619,13.99866902,107.1721046,0.129885515,
144.7944794,108.3510617,13.99530979,107.1714597,0.129855308,
144.8144814,108.3501605,13.99195112,107.1708135,0.129825107,
144.8344834,108.3492583,13.98859299,107.1701661,0.129794914,
144.8544854,108.3483551,13.98523541,107.1695173,0.129764727,
144.8744874,108.3474509,13.98187836,107.1688674,0.129734546,
144.8944894,108.3465459,13.97852184,107.1682161,0.129704372,
144.9144914,108.3456399,13.97516585,107.1675637,0.129674205,
144.9344934,108.3447331,13.97181038,107.16691,0.129644044,
144.9544954,108.3438254,13.96845543,107.1662551,0.12961389,
144.9744974,108.3429169,13.96510099,107.165599,0.129583741,
144.9944994,108.3420075,13.96174706,107.1649417,0.129553599,
145.0145015,108.3410974,13.95839364,107.1642833,0.129523463,
145.0345035,108.3401864,13.95504071,107.1636237,0.129493333,
145.0545055,108.3392748,13.95168828,107.1629629,0.12946321,
145.0745075,108.3383624,13.94833634,107.162301,0.129433092,
145.0945095,108.3374492,13.94498488,107.1616379,0.12940298,
145.1145115,108.3365354,13.94163391,107.1609738,0.129372873,
145.1345135,108.335621,13.93828341,107.1603085,0.129342773,
145.1545155,108.3347059,13.93493338,107.1596421,0.129312678,
145.1745175,108.3337901,13.93158382,107.1589747,0.129282589,
145.1945195,108.3328738,13.92823472,107.1583062,0.129252505,
145.2145215,108.3319568,13.92488608,107.1576366,0.129222427,
145.2345235,108.3310394,13.92153789,107.156966,0.129192354,
145.2545255,108.3301213,13.91819015,107.1562944,0.129162286,
145.2745275,108.3292028,13.91484285,107.1556217,0.129132224,
145.2945295,108.3282837,13.91149599,107.154948,0.129102167,
145.3145315,108.3273642,13.90814957,107.1542733,0.129072115,
145.3345335,108.3264443,13.90480357,107.1535976,0.129042068,
145.3545355,108.3255239,13.901458,107.152921,0.129012026,
145.3745375,108.324603,13.89811285,107.1522434,0.128981989,
145.3945395,108.3236818,13.89476811,107.1515648,0.128951957,
145.4145415,108.3227603,13.89142378,107.1508853,0.128921929,
145.4345435,108.3218383,13.88807987,107.1502048,0.128891907,
145.4545455,108.3209161,13.88473635,107.1495235,0.128861888,
145.4745475,108.3199935,13.88139323,107.1488412,0.128831875,
145.4945495,108.3190707,13.8780505,107.148158,0.128801866,
145.5145515,108.3181476,13.87470815,107.147474,0.128771861,
145.5345535,108.3172242,13.87136619,107.1467891,0.128741861,
145.5545555,108.3163007,13.86802461,107.1461033,0.128711865,
145.5745575,108.3153769,13.8646834,107.1454167,0.128681874,
145.5945595,108.314453,13.86134256,107.1447292,0.128651886,
145.6145615,108.3135289,13.85800209,107.1440409,0.128621903,
145.6345635,108.3126046,13.85466197,107.1433518,0.128591924,
145.6545655,108.3116803,13.85132221,107.1426619,0.128561948,
145.6745675,108.3107559,13.8479828,107.1419712,0.128531977,
145.6945695,108.3098313,13.84464373,107.1412797,0.128502009,
145.7145715,108.3089068,13.841305,107.1405875,0.128472045,
145.7345735,108.3079822,13.83796662,107.1398945,0.128442085,
145.7545755,108.3070576,13.83462856,107.1392007,0.128412129,
145.7745775,108.306133,13.83129082,107.1385063,0.128382176,
145.7945795,108.3052085,13.82795342,107.1378111,0.128352226,
145.8145815,108.304284,13.82461632,107.1371152,0.12832228,
145.8345835,108.3033596,13.82127954,107.1364186,0.128292337,
145.8545855,108.3024353,13.81794307,107.1357213,0.128262398,
145.8745875,108.3015111,13.8146069,107.1350234,0.128232461,
145.8945895,108.300587,13.81127103,107.1343247,0.128202528,
145.9145915,108.2996631,13.80793546,107.1336255,0.128172598,
145.9345935,108.2987394,13.80460017,107.1329256,0.128142671,
145.9545955,108.2978159,13.80126517,107.1322251,0.128112747,
145.9745975,108.2968927,13.79793045,107.1315239,0.128082826,
145.9945995,108.2959697,13.794596,107.1308222,0.128052908,
146.0146015,108.2950469,13.79126183,107.1301198,0.128022992,
146.0346035,108.2941245,13.78792792,107.1294169,0.127993079,
146.0546055,108.2932023,13.78459427,107.1287134,0.127963169,
146.0746075,108.2922805,13.78126088,107.1280094,0.127933261,
146.0946095,108.291359,13.77792774,107.1273048,0.127903356,
146.1146115,108.2904379,13.77459485,107.1265997,0.127873453,
146.1346135,108.2895173,13.7712622,107.125894,0.127843552,
146.1546155,108.288597,13.76792979,107.1251879,0.127813654,
146.1746175,108.2876772,13.76459761,107.1244812,0.127783757,
146.1946195,108.2867578,13.76126566,107.1237741,0.127753863,
146.2146215,108.2858389,13.75793393,107.1230665,0.127723971,
146.2346235,108.2849205,13.75460243,107.1223584,0.127694081,
146.2546255,108.2840027,13.75127114,107.1216499,0.127664193,
146.2746275,108.2830854,13.74794006,107.120941,0.127634307,
146.2946295,108.2821686,13.74460918,107.1202316,0.127604423,
146.3146315,108.2812525,13.7412785,107.1195218,0.12757454,
146.3346335,108.280337,13.73794803,107.1188115,0.127544659,
146.3546355,108.279422,13.73461774,107.1181009,0.127514779,
146.3746375,108.2785078,13.73128764,107.11739,0.127484901,
146.3946395,108.2775942,13.72795772,107.1166786,0.127455025,
146.4146415,108.2766813,13.72462798,107.1159669,0.12742515,
146.4346435,108.2757692,13.72129841,107.1152548,0.127395276,
146.4546455,108.2748577,13.71796901,107.1145425,0.127365403,
146.4746475,108.2739471,13.71463977,107.1138297,0.127335532,
146.4946495,108.2730372,13.7113107,107.1131167,0.127305662,
146.5146515,108.2721281,13.70798177,107.1124034,0.127275792,
146.5346535,108.2712198,13.704653,107.1116898,0.127245924,
146.5546555,108.2703124,13.70132437,107.1109759,0.127216057,
146.5746575,108.2694058,13.69799588,107.1102618,0.12718619,
146.5946595,108.2685002,13.69466752,107.1095474,0.127156324,
146.6146615,108.2675954,13.6913393,107.1088327,0.127126459,
146.6346635,108.2666916,13.6880112,107.1081178,0.127096595,
146.6546655,108.2657887,13.68468323,107.1074028,0.127066731,
146.6746675,108.2648868,13.68135537,107.1066875,0.127036867,
146.6946695,108.2639859,13.67802762,107.105972,0.127007004,
146.7146715,108.263086,13.67469998,107.1052563,0.126977142,
146.7346735,108.2621871,13.67137244,107.1045405,0.12694728,
146.7546755,108.2612893,13.668045,107.1038245,0.126917417,
146.7746775,108.2603926,13.66471766,107.1031083,0.126887555,
146.7946795,108.259497,13.6613904,107.102392,0.126857694,
146.8146815,108.2586025,13.65806323,107.1016756,0.126827832,
146.8346835,108.2577091,13.65473614,107.1009591,0.12679797,
146.8546855,108.2568169,13.65140912,107.1002425,0.126768108,
146.8746875,108.2559259,13.64808217,107.0995258,0.126738246,
146.8946895,108.2550361,13.64475529,107.098809,0.126708383,
146.9146915,108.2541475,13.64142846,107.0980921,0.12667852,
146.9346935,108.2532602,13.6381017,107.0973752,0.126648657,
146.9546955,108.2523741,13.63477498,107.0966583,0.126618794,
146.9746975,108.2514894,13.63144832,107.0959413,0.12658893,
146.9946995,108.2506059,13.62812169,107.0952243,0.126559065,
147.0147015,108.2497238,13.6247951,107.0945073,0.126529199,
147.0347035,108.248843,13.62146855,107.0937903,0.126499333,
147.0547055,108.2479636,13.61814202,107.0930733,0.126469466,
147.0747075,108.2470857,13.61481552,107.0923564,0.126439599,
147.0947095,108.2462091,13.61148903,107.0916395,0.12640973,
147.1147115,108.245334,13.60816256,107.0909226,0.12637986,
147.1347135,108.2444603,13.6048361,107.0902058,0.126349989,
147.1547155,108.2435881,13.60150964,107.0894891,0.126320117,
147.1747175,108.2427174,13.59818319,107.0887724,0.126290244,
147.1947195,108.2418483,13.59485673,107.0880559,0.12626037,
147.2147215,108.2409807,13.59153026,107.0873395,0.126230494,
147.2347235,108.2401146,13.58820377,107.0866231,0.126200617,
147.2547255,108.2392502,13.58487727,107.085907,0.126170738,
147.2747275,108.2383874,13.58155075,107.0851909,0.126140858,
147.2947295,108.2375262,13.57822419,107.0844751,0.126110976,
147.3147315,108.2366666,13.57489761,107.0837594,0.126081093,
147.3347335,108.2358087,13.57157099,107.0830438,0.126051208,
147.3547355,108.2349526,13.56824432,107.0823285,0.126021321,
147.3747375,108.2340981,13.56491761,107.0816134,0.125991432,
147.3947395,108.2332454,13.56159085,107.0808985,0.125961541,
147.4147415,108.2323944,13.55826403,107.0801838,0.125931648,
147.4347435,108.2315453,13.55493715,107.0794693,0.125901753,
147.4547455,108.2306979,13.55161021,107.0787551,0.125871856,
147.4747475,108.2298523,13.54828319,107.0780412,0.125841956,
147.4947495,108.2290086,13.54495611,107.0773275,0.125812055,
147.5147515,108.2281668,13.54162894,107.0766141,0.125782151,
147.5347535,108.2273268,13.53830169,107.075901,0.125752244,
147.5547555,108.2264888,13.53497435,107.0751883,0.125722335,
147.5747575,108.2256527,13.53164691,107.0744758,0.125692424,
147.5947595,108.2248185,13.52831938,107.0737637,0.12566251,
147.6147615,108.2239863,13.52499175,107.0730519,0.125632593,
147.6347635,108.2231562,13.52166401,107.0723405,0.125602673,
147.6547655,108.222328,13.51833616,107.0716294,0.125572751,
147.6747675,108.2215018,13.51500819,107.0709188,0.125542825,
147.6947695,108.2206778,13.5116801,107.0702085,0.125512897,
147.7147715,108.2198558,13.50835189,107.0694986,0.125482965,
147.7347735,108.2190359,13.50502354,107.0687891,0.125453031,
147.7547755,108.2182181,13.50169506,107.0680801,0.125423093,
147.7747775,108.2174024,13.49836644,107.0673714,0.125393152,
147.7947795,108.216589,13.49503767,107.0666633,0.125363208,
147.8147815,108.2157777,13.49170876,107.0659556,0.12533326,
147.8347835,108.2149686,13.48837969,107.0652484,0.125303309,
147.8547855,108.2141618,13.48505047,107.0645416,0.125273355,
147.8747875,108.2133572,13.48172108,107.0638354,0.125243397,
147.8947895,108.2125549,13.47839152,107.0631296,0.125213435,
147.9147915,108.2117548,13.47506179,107.0624244,0.125183469,
147.9347935,108.2109571,13.47173188,107.0617197,0.1251535,
147.9547955,108.2101617,13.46840179,107.0610156,0.125123527,
147.9747975,108.2093687,13.46507152,107.060312,0.12509355,
147.9947995,108.208578,13.46174105,107.0596089,0.125063568,
148.0148015,108.2077898,13.45841039,107.0589065,0.125033583,
148.0348035,108.207004,13.45507953,107.0582046,0.125003594,
148.0548055,108.2062206,13.45174846,107.0575033,0.1249736,
148.0748075,108.2054397,13.44841718,107.0568027,0.124943603,
148.0948095,108.2046612,13.44508569,107.0561027,0.1249136,
148.1148115,108.2038853,13.44175398,107.0554033,0.124883594,
148.1348135,108.2031119,13.43842205,107.0547045,0.124853583,
148.1548155,108.202341,13.43508988,107.0540064,0.124823567,
148.1748175,108.2015727,13.43175749,107.053309,0.124793547,
148.1948195,108.200807,13.42842485,107.0526123,0.124763522,
148.2148215,108.2000439,13.42509198,107.0519163,0.124733493,
148.2348235,108.1992835,13.42175885,107.0512209,0.124703459,
148.2548255,108.1985257,13.41842548,107.0505263,0.124673419,
148.2748275,108.1977706,13.41509185,107.0498324,0.124643375,
148.2948295,108.1970181,13.41175796,107.0491393,0.124613326,
148.3148315,108.1962684,13.4084238,107.0484469,0.124583272,
148.3348335,108.1955215,13.40508937,107.0477553,0.124553212,
148.3548355,108.1947772,13.40175467,107.0470644,0.124523148,
148.3748375,108.1940358,13.39841968,107.0463743,0.124493078,
148.3948395,108.1932972,13.39508441,107.0456851,0.124463002,
148.4148415,108.1925614,13.39174886,107.0449966,0.124432922,
148.4348435,108.1918285,13.38841301,107.044309,0.124402835,
148.4548455,108.1910984,13.38507686,107.0436222,0.124372744,
148.4748475,108.1903712,13.38174041,107.0429362,0.124342646,
148.4948495,108.1896469,13.37840365,107.0422512,0.124312543,
148.5148515,108.1889255,13.37506657,107.0415669,0.124282434,
148.5348535,108.1882071,13.37172919,107.0408836,0.12425232,
148.5548555,108.1874917,13.36839147,107.0402011,0.124222199,
148.5748575,108.1867793,13.36505344,107.0395196,0.124192072,
148.5948595,108.1860699,13.36171507,107.038839,0.12416194,
148.6148615,108.1853635,13.35837637,107.0381593,0.124131801,
148.6348635,108.1846602,13.35503732,107.0374805,0.124101656,
148.6548655,108.1839599,13.35169793,107.0368027,0.124071505,
148.6748675,108.1832628,13.34835819,107.0361258,0.124041348,
148.6948695,108.1825688,13.3450181,107.03545,0.124011184,
148.7148715,108.1818779,13.34167765,107.0347751,0.123981014,
148.7348735,108.1811902,13.33833683,107.0341012,0.123950837,
148.7548755,108.1805057,13.33499565,107.0334283,0.123920654,
148.7748775,108.1798244,13.33165409,107.0327565,0.123890464,
148.7948795,108.1791463,13.32831215,107.0320856,0.123860267,
148.8148815,108.1784715,13.32496984,107.0314159,0.123830064,
148.8348835,108.1778,13.32162713,107.0307471,0.123799853,
148.8548855,108.1771317,13.31828404,107.0300795,0.123769636,
148.8748875,108.1764668,13.31494054,107.0294129,0.123739412,
148.8948895,108.1758051,13.31159665,107.0287474,0.123709181,
148.9148915,108.1751469,13.30825235,107.028083,0.123678942,
148.9348935,108.174492,13.30490764,107.0274198,0.123648697,
148.9548955,108.1738405,13.30156252,107.0267576,0.123618444,
148.9748975,108.1731925,13.29821697,107.0260966,0.123588184,
148.9948995,108.1725479,13.294871,107.0254368,0.123557916,
149.0149015,108.1719067,13.29152461,107.0247781,0.123527641,
149.0349035,108.1712691,13.28817778,107.0241206,0.123497359,
149.0549055,108.1706349,13.28483051,107.0234642,0.123467068,
149.0749075,108.1700043,13.28148279,107.0228091,0.123436771,
149.0949095,108.1693772,13.27813463,107.0221552,0.123406465,
149.1149115,108.1687537,13.27478602,107.0215025,0.123376152,
149.1349135,108.1681338,13.27143695,107.020851,0.12334583,
149.1549155,108.1675175,13.26808742,107.0202008,0.123315501,
149.1749175,108.1669048,13.26473742,107.0195518,0.123285164,
149.1949195,108.1662958,13.26138696,107.0189041,0.123254819,
149.2149215,108.1656905,13.25803601,107.0182577,0.123224465,
149.2349235,108.1650888,13.25468459,107.0176125,0.123194104,
149.2549255,108.1644909,13.25133268,107.0169687,0.123163734,
149.2749275,108.1638967,13.24798028,107.0163262,0.123133356,
149.2949295,108.1633063,13.24462739,107.015685,0.123102969,
149.3149315,108.1627197,13.24127399,107.0150451,0.123072574,
149.3349335,108.1621369,13.2379201,107.0144066,0.12304217,
149.3549355,108.1615579,13.23456569,107.0137694,0.123011758,
149.3749375,108.1609827,13.23121078,107.0131336,0.122981337,
149.3949395,108.1604114,13.22785534,107.0124992,0.122950907,
149.4149415,108.159844,13.22449939,107.0118662,0.122920469,
149.4349435,108.1592805,13.2211429,107.0112347,0.122890021,
149.4549455,108.158721,13.21778589,107.0106045,0.122859565,
149.4749475,108.1581654,13.21442833,107.0099757,0.122829099,
149.4949495,108.1576138,13.21107024,107.0093484,0.122798625,
149.5149515,108.1570661,13.2077116,107.0087226,0.122768141,
149.5349535,108.1565225,13.20435241,107.0080982,0.122737648,
149.5549555,108.1559829,13.20099267,107.0074753,0.122707146,
149.5749575,108.1554474,13.19763237,107.0068539,0.122676634,
149.5949595,108.154916,13.1942715,107.0062339,0.122646113,
149.6149615,108.1543887,13.19091006,107.0056155,0.122615583,
149.6349635,108.1538655,13.18754805,107.0049986,0.122585042,
149.6549655,108.1533464,13.18418547,107.0043833,0.122554493,
149.6749675,108.1528315,13.18082229,107.0037695,0.122523933,
149.6949695,108.1523208,13.17745854,107.0031573,0.122493364,
149.7149715,108.1518143,13.17409418,107.0025466,0.122462785,
149.7349735,108.151312,13.17072924,107.0019375,0.122432196,
149.7549755,108.150814,13.16736369,107.00133,0.122401597,
149.7749775,108.1503203,13.16399753,107.0007241,0.122370988,
149.7949795,108.1498308,13.16063076,107.0001198,0.122340369,
149.8149815,108.1493457,13.15726338,106.9995172,0.122309739,
149.8349835,108.1488649,13.15389538,106.9989162,0.1222791,
149.8549855,108.1483885,13.15052675,106.9983169,0.12224845,
149.8749875,108.1479164,13.1471575,106.9977192,0.12221779,
149.8949895,108.1474488,13.1437876,106.9971232,0.122187119,
149.9149915,108.1469855,13.14041707,106.9965288,0.122156438,
149.9349935,108.1465267,13.1370459,106.9959362,0.122125746,
149.9549955,108.1460724,13.13367408,106.9953453,0.122095043,
149.9749975,108.1456226,13.1303016,106.9947561,0.12206433,
149.9949995,108.1451772,13.12692847,106.9941687,0.122033606,
150.0150015,108.144735,13.12355422,106.9935816,0.122002869,
150.0350035,108.1442926,13.12017775,106.9929916,0.121972114,
150.0550055,108.1438499,13.11679902,106.9923986,0.121941341,
150.0750075,108.1434068,13.11341805,106.9918026,0.12191055,
150.0950095,108.1429633,13.11003484,106.9912036,0.121879742,
150.1150115,108.1425195,13.10664942,106.9906016,0.121848915,
150.1350135,108.1420753,13.1032618,106.9899967,0.121818072,
150.1550155,108.1416308,13.09987199,106.9893888,0.12178721,
150.1750175,108.141186,13.09648001,106.9887779,0.121756332,
150.1950195,108.1407409,13.09308588,106.9881642,0.121725436,
150.2150215,108.1402954,13.08968959,106.9875475,0.121694523,
150.2350235,108.1398496,13.08629118,106.986928,0.121663592,
150.2550255,108.1394035,13.08289066,106.9863056,0.121632645,
150.2750275,108.1389571,13.07948803,106.9856804,0.121601682,
150.2950295,108.1385104,13.07608332,106.9850523,0.121570701,
150.3150315,108.1380634,13.07267654,106.9844214,0.121539704,
150.3350335,108.1376161,13.06926769,106.9837878,0.121508691,
150.3550355,108.1371685,13.06585681,106.9831513,0.121477661,
150.3750375,108.1367207,13.0624439,106.9825121,0.121446615,
150.3950395,108.1362725,13.05902897,106.9818702,0.121415553,
150.4150415,108.1358241,13.05561204,106.9812255,0.121384474,
150.4350435,108.1353755,13.05219313,106.9805781,0.12135338,
150.4550455,108.1349265,13.04877224,106.979928,0.12132227,
150.4750475,108.1344773,13.0453494,106.9792752,0.121291145,
150.4950495,108.1340279,13.04192462,106.9786198,0.121260004,
150.5150515,108.1335782,13.03849791,106.9779617,0.121228847,
150.5350535,108.1331283,13.03506929,106.977301,0.121197675,
150.5550555,108.1326781,13.03163876,106.9766377,0.121166488,
150.5750575,108.1322277,13.02820635,106.9759718,0.121135286,
150.5950595,108.1317771,13.02477207,106.9753033,0.121104069,
150.6150615,108.1313262,13.02133594,106.9746323,0.121072836,
150.6350635,108.1308752,13.01789796,106.9739587,0.12104159,
150.6550655,108.1304239,13.01445816,106.9732826,0.121010328,
150.6750675,108.1299724,13.01101654,106.972604,0.120979052,
150.6950695,108.1295208,13.00757312,106.9719229,0.120947761,
150.7150715,108.1290689,13.00412792,106.9712393,0.120916456,
150.7350735,108.1286168,13.00068095,106.9705533,0.120885137,
150.7550755,108.1281646,12.99723223,106.9698649,0.120853804,
150.7750775,108.1277121,12.99378176,106.969174,0.120822457,
150.7950795,108.1272595,12.99032957,106.9684807,0.120791096,
150.8150815,108.1268068,12.98687566,106.967785,0.120759721,
150.8350835,108.1263538,12.98342006,106.9670869,0.120728332,
150.8550855,108.1259007,12.97996277,106.9663865,0.12069693,
150.8750875,108.1254475,12.97650382,106.9656838,0.120665515,
150.8950895,108.124994,12.9730432,106.9649787,0.120634086,
150.9150915,108.1245405,12.96958095,106.9642713,0.120602644,
150.9350935,108.1240868,12.96611708,106.9635616,0.120571189,
150.9550955,108.123633,12.96265159,106.9628497,0.120539721,
150.9750975,108.123179,12.9591845,106.9621355,0.12050824,
150.9950995,108.1227249,12.95571583,106.9614191,0.120476746,
151.0151015,108.1222707,12.95224559,106.9607005,0.12044524,
151.0351035,108.1218164,12.9487738,106.9599796,0.120413721,
151.0551055,108.1213619,12.94530047,106.9592566,0.120382189,
151.0751075,108.1209074,12.94182561,106.9585314,0.120350646,
151.0951095,108.1204528,12.93834924,106.957804,0.12031909,
151.1151115,108.119998,12.93487137,106.9570745,0.120287522,
151.1351135,108.1195432,12.93139203,106.9563429,0.120255942,
151.1551155,108.1190883,12.92791121,106.9556092,0.12022435,
151.1751175,108.1186333,12.92442894,106.9548734,0.120192747,
151.1951195,108.1181782,12.92094523,106.9541356,0.120161132,
151.2151215,108.1177231,12.9174601,106.9533957,0.120129505,
151.2351235,108.1172679,12.91397356,106.9526537,0.120097867,
151.2551255,108.1168126,12.91048562,106.9519098,0.120066217,
151.2751275,108.1163573,12.9069963,106.9511638,0.120034557,
151.2951295,108.1159019,12.90350561,106.9504159,0.120002885,
151.3151315,108.1154465,12.90001357,106.949666,0.119971202,
151.3351335,108.114991,12.89652019,106.9489141,0.119939509,
151.3551355,108.1145356,12.89302548,106.9481603,0.119907805,
151.3751375,108.11408,12.88952947,106.9474046,0.11987609,
151.3951395,108.1136245,12.88603216,106.946647,0.119844364,
151.4151415,108.1131689,12.88253357,106.9458876,0.119812629,
151.4351435,108.1127133,12.87903371,106.9451262,0.119780883,
151.4551455,108.1122577,12.8755326,106.944363,0.119749126,
151.4751475,108.1118021,12.87203025,106.943598,0.11971736,
151.4951495,108.1113465,12.86852668,106.9428312,0.119685584,
151.5151515,108.110891,12.8650219,106.9420626,0.119653797,
151.5351535,108.1104354,12.86151593,106.9412921,0.119622002,
151.5551555,108.1099798,12.85800877,106.94052,0.119590196,
151.5751575,108.1095243,12.85450045,106.9397461,0.119558381,
151.5951595,108.1090687,12.85099098,106.9389704,0.119526557,
151.6151615,108.1086132,12.84748037,106.9381931,0.119494723,
151.6351635,108.1081578,12.84396864,106.937414,0.11946288,
151.6551655,108.1077024,12.8404558,106.9366333,0.119431028,
151.6751675,108.107247,12.83694186,106.9358509,0.119399167,
151.6951695,108.1067917,12.83342684,106.9350669,0.119367297,
151.7151715,108.1063364,12.82991076,106.9342812,0.119335419,
151.7351735,108.1058812,12.82639363,106.933494,0.119303532,
151.7551755,108.105426,12.82287546,106.9327051,0.119271636,
151.7751775,108.104971,12.81935627,106.9319147,0.119239732,
151.7951795,108.104516,12.81583607,106.9311227,0.11920782,
151.8151815,108.104061,12.81231488,106.9303291,0.1191759,
151.8351835,108.1036062,12.80879271,106.9295341,0.119143971,
151.8551855,108.1031515,12.80526958,106.9287375,0.119112035,
151.8751875,108.1026968,12.80174549,106.9279394,0.119080091,
151.8951895,108.1022423,12.79822047,106.9271399,0.119048139,
151.9151915,108.1017878,12.79469452,106.9263389,0.119016179,
151.9351935,108.1013335,12.79116767,106.9255365,0.118984212,
151.9551955,108.1008793,12.78763993,106.9247326,0.118952238,
151.9751975,108.1004252,12.78411131,106.9239274,0.118920256,
151.9951995,108.0999712,12.78058182,106.9231207,0.118888267,
152.0152015,108.0995174,12.77705148,106.9223127,0.118856271,
152.0352035,108.0990637,12.77352031,106.9215033,0.118824268,
152.0552055,108.0986101,12.76998832,106.9206926,0.118792259,
152.0752075,108.0981567,12.76645552,106.9198806,0.118760242,
152.0952095,108.0977034,12.76292193,106.9190672,0.118728219,
152.1152115,108.0972503,12.75938756,106.9182526,0.11869619,
152.1352135,108.0967973,12.75585243,106.9174367,0.118664154,
152.1552155,108.0963445,12.75231655,106.9166195,0.118632112,
152.1752175,108.0958919,12.74877993,106.9158011,0.118600064,
152.1952195,108.0954395,12.74524259,106.9149815,0.11856801,
152.2152215,108.0949872,12.74170455,106.9141607,0.118535949,
152.2352235,108.0945351,12.73816582,106.9133387,0.118503883,
152.2552255,108.0940832,12.7346264,106.9125155,0.118471812,
152.2752275,108.0936315,12.73108633,106.9116912,0.118439734,
152.2952295,108.0931801,12.72754561,106.9108657,0.118407652,
152.3152315,108.0927288,12.72400425,106.9100392,0.118375563,
152.3352335,108.0922777,12.72046227,106.9092115,0.11834347,
152.3552355,108.0918268,12.71691969,106.9083827,0.118311372,
152.3752375,108.0913762,12.71337652,106.9075529,0.118279268,
152.3952395,108.0909258,12.70983277,106.906722,0.118247159,
152.4152415,108.0904756,12.70628846,106.9058901,0.118215046,
152.4352435,108.0900256,12.7027436,106.9050571,0.118182928,
152.4552455,108.0895759,12.6991982,106.9042232,0.118150806,
152.4752475,108.0891265,12.69565229,106.9033883,0.118118679,
152.4952495,108.0886773,12.69210588,106.9025524,0.118086547,
152.5152515,108.0882283,12.68855897,106.9017156,0.118054412,
152.5352535,108.0877796,12.68501159,106.9008778,0.118022272,
152.5552555,108.0873312,12.68146374,106.9000391,0.117990128,
152.5752575,108.086883,12.67791545,106.8991996,0.11795798,
152.5952595,108.0864351,12.67436673,106.8983591,0.117925829,
152.6152615,108.0859875,12.67081758,106.8975178,0.117893674,
152.6352635,108.0855402,12.66726804,106.8966756,0.117861515,
152.6552655,108.0850932,12.6637181,106.8958326,0.117829353,
152.6752675,108.0846465,12.66016779,106.8949888,0.117797187,
152.6952695,108.0842,12.65661711,106.8941442,0.117765019,
152.7152715,108.0837539,12.65306609,106.8932988,0.117732847,
152.7352735,108.0833081,12.64951474,106.8924526,0.117700672,
152.7552755,108.0828626,12.64596307,106.8916057,0.117668494,
152.7752775,108.0824174,12.6424111,106.8907581,0.117636313,
152.7952795,108.0819726,12.63885884,106.8899098,0.11760413,
152.8152815,108.0815281,12.6353063,106.8890607,0.117571944,
152.8352835,108.0810839,12.63175351,106.888211,0.117539756,
152.8552855,108.08064,12.62820046,106.8873607,0.117507565,
152.8752875,108.0801966,12.62464719,106.8865096,0.117475373,
152.8952895,108.0797534,12.6210937,106.885658,0.117443178,
152.9152915,108.0793106,12.61754,106.8848057,0.117410981,
152.9352935,108.0788682,12.61398612,106.8839529,0.117378782,
152.9552955,108.0784261,12.61043206,106.8830995,0.117346581,
152.9752975,108.0779844,12.60687785,106.8822455,0.117314379,
152.9952995,108.0775431,12.60332349,106.881391,0.117282175,
153.0153015,108.0771022,12.599769,106.8805359,0.11724997,
153.0353035,108.0766616,12.59621439,106.8796804,0.117217763,
153.0553055,108.0762215,12.59265968,106.8788243,0.117185555,
153.0753075,108.0757817,12.58910488,106.8779678,0.117153346,
153.0953095,108.0753424,12.58555,106.8771108,0.117121136,
153.1153115,108.0749034,12.58199507,106.8762534,0.117088925,
153.1353135,108.0744649,12.5784401,106.8753955,0.117056714,
153.1553155,108.0740268,12.57488509,106.8745373,0.117024501,
153.1753175,108.0735891,12.57133007,106.8736786,0.116992289,
153.1953195,108.0731518,12.56777505,106.8728196,0.116960075,
153.2153215,108.0727149,12.56422004,106.8719602,0.116927862,
153.2353235,108.0722785,12.56066505,106.8711005,0.116895648,
153.2553255,108.0718426,12.55711011,106.8702405,0.116863434,
153.2753275,108.071407,12.55355523,106.8693801,0.11683122,
153.2953295,108.070972,12.55000041,106.8685195,0.116799007,
153.3153315,108.0705373,12.54644568,106.8676586,0.116766793,
153.3353335,108.0701032,12.54289105,106.8667975,0.11673458,
153.3553355,108.0696695,12.53933653,106.8659361,0.116702367,
153.3753375,108.0692363,12.53578214,106.8650745,0.116670155,
153.3953395,108.0688036,12.53222789,106.8642126,0.116637944,
153.4153415,108.0683713,12.5286738,106.8633506,0.116605733,
153.4353435,108.0679395,12.52511988,106.8624885,0.116573523,
153.4553455,108.0675082,12.52156615,106.8616261,0.116541315,
153.4753475,108.0670775,12.51801261,106.8607637,0.116509107,
153.4953495,108.0666472,12.51445929,106.8599011,0.116476901,
153.5153515,108.0662174,12.5109062,106.8590384,0.116444696,
153.5353535,108.0657881,12.50735335,106.8581756,0.116412492,
153.5553555,108.0653594,12.50380076,106.8573128,0.11638029,
153.5753575,108.0649312,12.50024844,106.8564499,0.11634809,
153.5953595,108.0645035,12.4966964,106.855587,0.116315892,
153.6153615,108.0640763,12.49314467,106.8547241,0.116283695,
153.6353635,108.0636497,12.48959325,106.8538611,0.116251501,
153.6553655,108.0632236,12.48604216,106.8529982,0.116219308,
153.6753675,108.0627981,12.48249141,106.8521353,0.116187118,
153.6953695,108.0623731,12.47894103,106.8512725,0.116154931,
153.7153715,108.0619486,12.47539101,106.8504097,0.116122746,
153.7353735,108.0615248,12.47184138,106.849547,0.116090563,
153.7553755,108.0611015,12.46829215,106.8486844,0.116058383,
153.7753775,108.0606787,12.46474334,106.847822,0.116026206,
153.7953795,108.0602566,12.46119496,106.8469596,0.115994032,
153.8153815,108.059835,12.45764702,106.8460975,0.115961861,
153.8353835,108.059414,12.45409954,106.8452354,0.115929693,
153.8553855,108.0589936,12.45055253,106.8443736,0.115897528,
153.8753875,108.0585738,12.44700601,106.843512,0.115865366,
153.8953895,108.0581546,12.44345999,106.8426506,0.115833209,
153.9153915,108.057736,12.43991449,106.8417894,0.115801054,
153.9353935,108.057318,12.43636952,106.8409285,0.115768904,
153.9553955,108.0569007,12.43282509,106.8400679,0.115736757,
153.9753975,108.0564839,12.42928122,106.8392075,0.115704614,
153.9953995,108.0560678,12.42573793,106.8383475,0.115672476,
154.0154015,108.0556524,12.42219522,106.8374878,0.115640341,
154.0354035,108.0552375,12.41865311,106.8366284,0.115608211,
154.0554055,108.0548233,12.41511163,106.8357693,0.115576085,
154.0754075,108.0544098,12.41157077,106.8349107,0.115543963,
154.0954095,108.0539969,12.40803056,106.8340524,0.115511846,
154.1154115,108.0535846,12.40449101,106.8331945,0.115479734,
154.1354135,108.053173,12.40095213,106.8323371,0.115447627,
154.1554155,108.0527621,12.39741394,106.8314801,0.115415525,
154.1754175,108.0523519,12.39387646,106.8306236,0.115383427,
154.1954195,108.0519423,12.39033969,106.8297675,0.115351335,
154.2154215,108.0515334,12.38680365,106.8289119,0.115319248,
154.2354235,108.0511252,12.38326836,106.8280568,0.115287167,
154.2554255,108.0507177,12.37973383,106.8272023,0.115255091,
154.2754275,108.0503109,12.37620008,106.8263483,0.115223021,
154.2954295,108.0499048,12.37266711,106.8254948,0.115190956,
154.3154315,108.0494994,12.36913495,106.824642,0.115158897,
154.3354335,108.0490947,12.36560361,106.8237897,0.115126845,
154.3554355,108.0486907,12.36207309,106.822938,0.115094798,
154.3754375,108.0482875,12.35854343,106.822087,0.115062757,
154.3954395,108.047885,12.35501463,106.8212366,0.115030723,
154.4154415,108.0474832,12.3514867,106.8203869,0.114998695,
154.4354435,108.0470821,12.34795966,106.8195378,0.114966674,
154.4554455,108.0466818,12.34443352,106.8186894,0.114934659,
154.4754475,108.0462823,12.34090831,106.8178418,0.114902651,
154.4954495,108.0458835,12.33738403,106.8169948,0.11487065,
154.5154515,108.0454854,12.33386069,106.8161487,0.114838656,
154.5354535,108.0450881,12.33033832,106.8153032,0.114806669,
154.5554555,108.0446916,12.32681692,106.8144586,0.114774689,
154.5754575,108.0442959,12.32329651,106.8136148,0.114742716,
154.5954595,108.0439009,12.31977711,106.8127717,0.114710751,
154.6154615,108.0435067,12.31625873,106.8119295,0.114678793,
154.6354635,108.0431133,12.31274138,106.8110882,0.114646843,
154.6554655,108.0427207,12.30922508,106.8102477,0.114614901,
154.6754675,108.0423289,12.30570984,106.8094081,0.114582966,
154.6954695,108.0419379,12.30219567,106.8085694,0.11455104,
154.7154715,108.0415477,12.2986826,106.8077316,0.114519121,
154.7354735,108.0411583,12.29517064,106.8068947,0.114487211,
154.7554755,108.0407697,12.29165979,106.8060588,0.114455309,
154.7754775,108.040382,12.28815008,106.8052238,0.114423416,
154.7954795,108.0399951,12.28464152,106.8043898,0.114391531,
154.8154815,108.039609,12.28113412,106.8035569,0.114359655,
154.8354835,108.0392237,12.2776279,106.8027249,0.114327787,
154.8554855,108.0388393,12.27412287,106.801894,0.114295928,
154.8754875,108.0384558,12.27061904,106.8010641,0.114264079,
154.8954895,108.0380731,12.26711644,106.8002353,0.114232238,
154.9154915,108.0376912,12.26361507,106.7994076,0.114200406,
154.9354935,108.0373102,12.26011495,106.798581,0.114168584,
154.9554955,108.0369301,12.25661609,106.7977555,0.114136772,
154.9754975,108.0365509,12.25311851,106.7969311,0.114104968,
154.9954995,108.0361725,12.24962223,106.7961079,0.114073175,
155.0155016,108.035795,12.24612725,106.7952858,0.114041391,
155.0355036,108.0354184,12.24263359,106.794465,0.114009617,
155.0555056,108.0350427,12.23914127,106.7936453,0.113977853,
155.0755076,108.0346679,12.2356503,106.7928269,0.1139461,
155.0955096,108.034294,12.23216069,106.7920097,0.113914356,
155.1155116,108.033921,12.22867246,106.7911937,0.113882623,
155.1355136,108.0335489,12.22518562,106.790379,0.1138509,
155.1555156,108.0331778,12.22170019,106.7895656,0.113819188,
155.1755176,108.0328075,12.21821619,106.7887535,0.113787486,
155.1955196,108.0324382,12.21473362,106.7879428,0.113755795,
155.2155216,108.0320698,12.2112525,106.7871333,0.113724115,
155.2355236,108.0317024,12.20777284,106.7863253,0.113692446,
155.2555256,108.0313359,12.20429467,106.7855186,0.113660788,
155.2755276,108.0309703,12.20081798,106.7847133,0.113629142,
155.2955296,108.0306057,12.19734281,106.7839093,0.113597506,
155.3155316,108.0302421,12.19386916,106.7831069,0.113565883,
155.3355336,108.0298794,12.19039704,106.7823058,0.11353427,
155.3555356,108.0295177,12.18692648,106.7815062,0.11350267,
155.3755376,108.029157,12.18345748,106.7807081,0.113471081,
155.3955396,108.0287972,12.17999006,106.7799115,0.113439504,
155.4155416,108.0284384,12.17652424,106.7791164,0.113407939,
155.4355436,108.0280807,12.17306002,106.7783228,0.113376386,
155.4555456,108.0277239,12.16959743,106.7775307,0.113344845,
155.4755476,108.0273681,12.16613647,106.7767402,0.113313317,
155.4955496,108.0270133,12.16267717,106.7759513,0.113281801,
155.5155516,108.0266595,12.15921953,106.775164,0.113250298,
155.5355536,108.0263067,12.15576358,106.7743782,0.113218807,
155.5555556,108.025955,12.15230932,106.7735942,0.113187329,
155.5755576,108.0256042,12.14885676,106.7728117,0.113155864,
155.5955596,108.0252545,12.14540594,106.7720309,0.113124413,
155.6155616,108.0249059,12.14195685,106.7712518,0.113092974,
155.6355636,108.0245583,12.13850951,106.7704744,0.113061548,
155.6555656,108.0242117,12.13506394,106.7696987,0.113030136,
155.6755676,108.0238661,12.13162015,106.7689247,0.112998737,
155.6955696,108.0235216,12.12817815,106.7681525,0.112967352,
155.7155716,108.0231782,12.12473797,106.767382,0.112935981,
155.7355736,108.0228359,12.12129961,106.7666133,0.112904623,
155.7555756,108.0224946,12.11786309,106.7658464,0.112873279,
155.7755776,108.0221544,12.11442842,106.7650813,0.112841949,
155.7955796,108.0218152,12.11099562,106.764318,0.112810634,
155.8155816,108.0214772,12.1075647,106.7635566,0.112779332,
155.8355836,108.0211402,12.10413568,106.7627971,0.112748045,
155.8555856,108.0208043,12.10070857,106.7620394,0.112716773,
155.8755876,108.0204695,12.09728338,106.7612836,0.112685515,
155.8955896,108.0201359,12.09386013,106.7605298,0.112654271,
155.9155916,108.0198033,12.09043884,106.7597778,0.112623043,
155.9355936,108.0194719,12.08701951,106.7590279,0.112591829,
155.9555956,108.0191415,12.08360217,106.7582798,0.112560631,
155.9755976,108.0188123,12.08018683,106.7575338,0.112529447,
155.9955996,108.0184842,12.07677349,106.7567898,0.112498279,
156.0156016,108.0181573,12.07336218,106.7560478,0.112467126,
156.0356036,108.0178315,12.06995291,106.7553078,0.112435989,
156.0556056,108.0175068,12.0665457,106.7545698,0.112404867,
156.0756076,108.0171833,12.06314055,106.753834,0.112373761,
156.0956096,108.0168609,12.05973749,106.7531002,0.112342671,
156.1156116,108.0165397,12.05633652,106.7523685,0.112311597,
156.1356136,108.0162197,12.05293767,106.7516389,0.112280539,
156.1556156,108.0159008,12.04954094,106.7509115,0.112249497,
156.1756176,108.0155831,12.04614635,106.7501862,0.112218471,
156.1956196,108.0152666,12.04275392,106.7494631,0.112187461,
156.2156216,108.0149513,12.03936366,106.7487422,0.112156468,
156.2356236,108.0146372,12.03597558,106.7480234,0.112125492,
156.2556256,108.0143242,12.0325897,106.7473069,0.112094532,
156.2756276,108.0140125,12.02920603,106.7465926,0.112063589,
156.2956296,108.0137019,12.02582459,106.7458806,0.112032663,
156.3156316,108.0133926,12.02244539,106.7451709,0.112001754,
156.3356336,108.0130844,12.01906845,106.7444634,0.111970863,
156.3556356,108.0127775,12.01569377,106.7437582,0.111939988,
156.3756376,108.0124719,12.01232138,106.7430554,0.111909131,
156.3956396,108.0121674,12.00895129,106.7423549,0.111878292,
156.4156416,108.0118642,12.00558352,106.7416568,0.11184747,
156.4356436,108.0115622,12.00221806,106.740961,0.111816665,
156.4556456,108.0112615,11.99885496,106.7402676,0.111785879,
156.4756476,108.010962,11.9954942,106.7395766,0.111755111,
156.4956496,108.0106638,11.99213582,106.738888,0.11172436,
156.5156516,108.0103668,11.98877983,106.7382019,0.111693628,
156.5356536,108.0100711,11.98542623,106.7375183,0.111662914,
156.5556556,108.0097766,11.98207505,106.7368371,0.111632218,
156.5756576,108.0094835,11.97872629,106.7361584,0.111601541,
156.5956596,108.0091916,11.97537998,106.7354822,0.111570883,
156.6156616,108.008901,11.97203612,106.7348085,0.111540243,
156.6356636,108.0086117,11.96869474,106.7341374,0.111509622,
156.6556656,108.0083237,11.96535584,106.7334688,0.11147902,
156.6756676,108.0080369,11.96201944,106.7328028,0.111448437,
156.6956696,108.0077515,11.95868556,106.7321394,0.111417873,
156.7156716,108.0074674,11.9553542,106.7314786,0.111387329,
156.7356736,108.0071846,11.95202539,106.7308204,0.111356804,
156.7556756,108.0069032,11.94869914,106.7301649,0.111326298,
156.7756776,108.006623,11.94537545,106.729512,0.111295812,
156.7956796,108.0063442,11.94205436,106.7288618,0.111265346,
156.8156816,108.0060667,11.93873586,106.7282143,0.1112349,
156.8356836,108.0057906,11.93541998,106.7275695,0.111204474,
156.8556856,108.0055158,11.93210673,106.7269275,0.111174067,
156.8756876,108.0052423,11.92879612,106.7262881,0.111143681,
156.8956896,108.0049702,11.92548818,106.7256516,0.111113315,
156.9156916,108.0046995,11.9221829,106.7250178,0.11108297,
156.9356936,108.0044301,11.91888031,106.7243868,0.111052645,
156.9556956,108.0041621,11.91558042,106.7237586,0.111022341,
156.9756976,108.0038955,11.91228325,106.7231333,0.110992057,
156.9956996,108.0036302,11.90898881,106.7225108,0.110961794,
157.0157016,108.0033664,11.90569711,106.7218912,0.110931553,
157.0357036,108.0031039,11.90240817,106.7212744,0.110901332,
157.0557056,108.0028428,11.899122,106.7206605,0.110871133,
157.0757076,108.0025831,11.89583863,106.7200496,0.110840955,
157.0957096,108.0023249,11.89255805,106.7194416,0.110810798,
157.1157116,108.002068,11.88928029,106.7188365,0.110780663,
157.1357136,108.0018126,11.88600536,106.7182344,0.110750549,
157.1557156,108.0015585,11.88273328,106.7176353,0.110720457,
157.1757176,108.0013059,11.87946405,106.7170391,0.110690387,
157.1957196,108.0010547,11.8761977,106.716446,0.110660339,
157.2157216,108.000805,11.87293424,106.715856,0.110630313,
157.2357236,108.0005567,11.86967368,106.7152689,0.11060031,
157.2557256,108.0003098,11.86641603,106.714685,0.110570328,
157.2757276,108.0000644,11.86316132,106.7141041,0.110540369,
157.2957296,107.9998205,11.85990956,106.7135263,0.110510433,
157.3157316,107.999578,11.85666075,106.7129516,0.110480519,
157.3357336,107.999337,11.85341492,106.7123801,0.110450628,
157.3557356,107.9990974,11.85017208,106.7118117,0.11042076,
157.3757376,107.9988593,11.84693224,106.7112465,0.110390915,
157.3957396,107.9986227,11.84369542,106.7106845,0.110361093,
157.4157416,107.9983876,11.84046163,106.7101257,0.110331294,
157.4357436,107.998154,11.83723088,106.7095701,0.110301519,
157.4557456,107.9979218,11.8340032,106.7090177,0.110271766,
157.4757476,107.9976912,11.83077859,106.7084686,0.110242038,
157.4957496,107.9974621,11.82755708,106.7079227,0.110212333,
157.5157516,107.9972345,11.82433866,106.7073802,0.110182652,
157.5357536,107.9970083,11.82112337,106.7068409,0.110152995,
157.5557556,107.9967838,11.8179112,106.706305,0.110123361,
157.5757576,107.9965607,11.81470219,106.7057724,0.110093752,
157.5957596,107.9963392,11.81149633,106.7052431,0.110064167,
157.6157616,107.9961192,11.80829365,106.7047172,0.110034607,
157.6357636,107.9959007,11.80509416,106.7041947,0.110005071,
157.6557656,107.9956838,11.80189788,106.7036756,0.109975559,
157.6757676,107.9954685,11.79870482,106.70316,0.109946072,
157.6957696,107.9952547,11.79551498,106.7026478,0.10991661,
157.7157716,107.9950424,11.7923284,106.702139,0.109887173,
157.7357736,107.9948317,11.78914508,106.7016337,0.10985776,
157.7557756,107.9946226,11.78596503,106.7011319,0.109828373,
157.7757776,107.9944151,11.78278827,106.7006336,0.109799011,
157.7957796,107.9942092,11.77961482,106.7001388,0.109769675,
157.8157816,107.9940048,11.77644469,106.6996476,0.109740363,
157.8357836,107.993802,11.7732779,106.6991599,0.109711078,
157.8557856,107.9936008,11.77011445,106.6986758,0.109681818,
157.8757876,107.9934012,11.76695436,106.6981953,0.109652584,
157.8957896,107.9932033,11.76379765,106.6977184,0.109623375,
157.9157916,107.9930069,11.76064434,106.6972451,0.109594193,
157.9357936,107.9928122,11.75749443,106.6967754,0.109565037,
157.9557956,107.992619,11.75434793,106.6963095,0.109535907,
157.9757976,107.9924275,11.75120488,106.6958472,0.109506804,
157.9957996,107.9922377,11.74806527,106.6953885,0.109477727,
158.0158016,107.9920494,11.74492913,106.6949336,0.109448676,
158.0358036,107.9918628,11.74179646,106.6944825,0.109419652,
158.0558056,107.9916779,11.73866728,106.694035,0.109390655,
158.0758076,107.9914946,11.73554162,106.6935914,0.109361685,
158.0958096,107.9913129,11.73241947,106.6931515,0.109332742,
158.1158116,107.9911329,11.72930086,106.6927154,0.109303826,
158.1358136,107.9909546,11.72618579,106.6922831,0.109274937,
158.1558156,107.990778,11.72307429,106.6918546,0.109246076,
158.1758176,107.990603,11.71996637,106.69143,0.109217242,
158.1958196,107.9904297,11.71686204,106.6910093,0.109188436,
158.2158216,107.9902581,11.71376132,106.6905924,0.109159657,
158.2358236,107.9900882,11.71066422,106.6901794,0.109130906,
158.2558256,107.9899199,11.70757076,106.6897703,0.109102183,
158.2758276,107.9897534,11.70448095,106.6893652,0.109073488,
158.2958296,107.9895886,11.7013948,106.688964,0.109044821,
158.3158316,107.9894255,11.69831233,106.6885668,0.109016183,
158.3358336,107.9892641,11.69523355,106.6881735,0.108987573,
158.3558356,107.9891045,11.69215848,106.6877843,0.108958991,
158.3758376,107.9889465,11.68908714,106.6873991,0.108930438,
158.3958396,107.9887903,11.68601953,106.6870179,0.108901914,
158.4158416,107.9886358,11.68295567,106.6866407,0.108873418,
158.4358436,107.9884831,11.67989557,106.6862676,0.108844951,
158.4558456,107.9883321,11.67683926,106.6858986,0.108816514,
158.4758476,107.9881829,11.67378674,106.6855337,0.108788105,
158.4958496,107.9880354,11.67073802,106.6851729,0.108759726,
158.5158516,107.9878897,11.66769313,106.6848163,0.108731376,
158.5358536,107.9877457,11.66465208,106.6844638,0.108703056,
158.5558556,107.9876035,11.66161488,106.6841155,0.108674765,
158.5758576,107.9874631,11.65858155,106.6837713,0.108646504,
158.5958596,107.9873245,11.65555209,106.6834314,0.108618273,
158.6158616,107.9871876,11.65252653,106.6830956,0.108590071,
158.6358636,107.9870526,11.64950488,106.6827641,0.1085619,
158.6558656,107.9869193,11.64648715,106.6824369,0.108533759,
158.6758676,107.9867879,11.64347336,106.6821139,0.108505648,
158.6958696,107.9866582,11.64046352,106.6817952,0.108477567,
158.7158716,107.9865304,11.63745765,106.6814808,0.108449517,
158.7358736,107.9864044,11.63445576,106.6811708,0.108421498,
158.7558756,107.9862802,11.63145786,106.680865,0.108393509,
158.7758776,107.9861578,11.62846398,106.6805636,0.108365552,
158.7958796,107.9860373,11.62547411,106.6802666,0.108337625,
158.8158816,107.9859185,11.62248829,106.679974,0.108309729,
158.8358836,107.9858017,11.61950652,106.6796858,0.108281864,
158.8558856,107.9856867,11.61652882,106.679402,0.108254031,
158.8758876,107.9855735,11.61355519,106.6791226,0.108226229,
158.8958896,107.9854622,11.61058567,106.6788477,0.108198458,
158.9158916,107.9853527,11.60762025,106.6785773,0.108170719,
158.9358936,107.9852451,11.60465896,106.6783114,0.108143012,
158.9558956,107.9851394,11.60170181,106.6780499,0.108115337,
158.9758976,107.9850356,11.59874881,106.677793,0.108087693,
158.9958996,107.9849336,11.59579998,106.6775406,0.108060082,
159.0159016,107.9848336,11.59285533,106.6772928,0.108032503,
159.0359036,107.9847354,11.58991487,106.6770496,0.108004956,
159.0559056,107.9846391,11.58697863,106.6768109,0.107977441,
159.0759076,107.9845447,11.58404661,106.6765769,0.107949959,
159.0959096,107.9844523,11.58111884,106.6763475,0.10792251,
159.1159116,107.9843617,11.57819531,106.6761227,0.107895093,
159.1359136,107.984273,11.57527606,106.6759026,0.107867709,
159.1559156,107.9841863,11.57236109,106.6756871,0.107840358,
159.1759176,107.9841015,11.56945041,106.6754764,0.107813041,
159.1959196,107.9840187,11.56654405,106.6752703,0.107785756,
159.2159216,107.9839377,11.56364201,106.675069,0.107758505,
159.2359236,107.9838587,11.56074432,106.6748725,0.107731287,
159.2559256,107.9837817,11.55785097,106.6746806,0.107704102,
159.2759276,107.9837066,11.554962,106.6744936,0.107676952,
159.2959296,107.9836335,11.55207741,106.6743114,0.107649835,
159.3159316,107.9835623,11.54919722,106.6741339,0.107622752,
159.3359336,107.9834931,11.54632144,106.6739613,0.107595702,
159.3559356,107.9834258,11.54345008,106.6737936,0.107568687,
159.3759376,107.9833606,11.54058317,106.6736307,0.107541706,
159.3959396,107.9832973,11.53772071,106.6734727,0.10751476,
159.4159416,107.983236,11.53486273,106.6733195,0.107487847,
159.4359436,107.9831767,11.53200922,106.6731713,0.10746097,
159.4559456,107.9831194,11.52916022,106.673028,0.107434127,
159.4759476,107.9830641,11.52631573,106.6728897,0.107407318,
159.4959496,107.9830108,11.52347576,106.6727563,0.107380545,
159.5159516,107.9829595,11.52064034,106.672628,0.107353806,
159.5359536,107.9829103,11.51780947,106.6725046,0.107327103,
159.5559556,107.982863,11.51498317,106.6723862,0.107300435,
159.5759576,107.9828178,11.51216146,106.6722728,0.107273802,
159.5959596,107.9827746,11.50934435,106.6721645,0.107247204,
159.6159616,107.9827335,11.50653185,106.6720613,0.107220642,
159.6359636,107.9826944,11.50372397,106.6719631,0.107194116,
159.6559656,107.9826573,11.50092074,106.6718701,0.107167626,
159.6759676,107.9826223,11.49812217,106.6717822,0.107141171,
159.6959696,107.9825894,11.49532827,106.6716994,0.107114752,
159.7159716,107.9825585,11.49253905,106.6716217,0.10708837,
159.7359736,107.9825297,11.48975453,106.6715492,0.107062023,
159.7559756,107.9825029,11.48697473,106.6714819,0.107035713,
159.7759776,107.9824782,11.48419965,106.6714198,0.10700944,
159.7959796,107.9824556,11.48142932,106.6713629,0.106983203,
159.8159816,107.9824351,11.47866375,106.6713113,0.106957002,
159.8359836,107.9824167,11.47590294,106.6712649,0.106930838,
159.8559856,107.9824004,11.47314693,106.6712237,0.106904712,
159.8759876,107.9823862,11.47039571,106.6711879,0.106878622,
159.8959896,107.9823741,11.46764931,106.6711573,0.106852569,
159.9159916,107.9823641,11.46490773,106.6711321,0.106826554,
159.9359936,107.9823562,11.462171,106.6711122,0.106800575,
159.9559956,107.9823505,11.45943913,106.6710977,0.106774635,
159.9759976,107.9823468,11.45671213,106.6710885,0.106748731,
159.9959996,107.9823453,11.45399002,106.6710847,0.106722866,
160.0160016,107.9823467,11.45127255,106.6710909,0.106697036,
160.0360036,107.9823523,11.44855919,106.6711162,0.106671239,
160.0560056,107.9823623,11.44584991,106.671161,0.106645474,
160.0760076,107.9823765,11.4431447,106.6712251,0.106619741,
160.0960096,107.9823951,11.44044355,106.6713085,0.10659404,
160.1160116,107.9824179,11.43774643,106.6714111,0.106568371,
160.1360136,107.982445,11.43505333,106.6715328,0.106542734,
160.1560156,107.9824764,11.43236425,106.6716735,0.106517128,
160.1760176,107.982512,11.42967916,106.6718331,0.106491553,
160.1960196,107.9825518,11.42699805,106.6720116,0.10646601,
160.2160216,107.9825959,11.42432091,106.672209,0.106440498,
160.2360236,107.9826443,11.42164771,106.672425,0.106415017,
160.2560256,107.9826968,11.41897846,106.6726597,0.106389568,
160.2760276,107.9827535,11.41631313,106.6729129,0.106364149,
160.2960296,107.9828145,11.41365171,106.6731846,0.106338761,
160.3160316,107.9828796,11.41099419,106.6734747,0.106313404,
160.3360336,107.9829488,11.40834054,106.6737831,0.106288077,
160.3560356,107.9830223,11.40569076,106.6741098,0.106262781,
160.3760376,107.9830998,11.40304484,106.6744547,0.106237516,
160.3960396,107.9831816,11.40040275,106.6748176,0.10621228,
160.4160416,107.9832674,11.39776448,106.6751985,0.106187075,
160.4360436,107.9833574,11.39513003,106.6755974,0.1061619,
160.4560456,107.9834515,11.39249936,106.6760142,0.106136754,
160.4760476,107.9835496,11.38987248,106.6764487,0.106111639,
160.4960496,107.9836519,11.38724936,106.6769009,0.106086553,
160.5160516,107.9837582,11.38463,106.6773707,0.106061497,
160.5360536,107.9838686,11.38201437,106.6778581,0.10603647,
160.5560556,107.9839831,11.37940246,106.6783629,0.106011473,
160.5760576,107.9841016,11.37679426,106.6788851,0.105986505,
160.5960596,107.9842241,11.37418976,106.6794247,0.105961566,
160.6160616,107.9843507,11.37158893,106.6799814,0.105936656,
160.6360636,107.9844812,11.36899178,106.6805553,0.105911775,
160.6560656,107.9846158,11.36639827,106.6811463,0.105886923,
160.6760676,107.9847544,11.3638084,106.6817543,0.1058621,
160.6960696,107.9848969,11.36122215,106.6823791,0.105837305,
160.7160716,107.9850434,11.35863951,106.6830209,0.105812539,
160.7360736,107.9851939,11.35606046,106.6836793,0.105787801,
160.7560756,107.9853484,11.35348499,106.6843545,0.105763092,
160.7760776,107.9855067,11.35091309,106.6850463,0.10573841,
160.7960796,107.985669,11.34834473,106.6857546,0.105713757,
160.8160816,107.9858352,11.34577992,106.6864793,0.105689132,
160.8360836,107.9860054,11.34321862,106.6872204,0.105664534,
160.8560856,107.9861794,11.34066083,106.6879778,0.105639965,
160.8760876,107.9863573,11.33810654,106.6887514,0.105615422,
160.8960896,107.9865391,11.33555572,106.6895411,0.105590908,
160.9160916,107.9867247,11.33300837,106.6903469,0.105566421,
160.9360936,107.9869142,11.33046447,106.6911687,0.105541961,
160.9560956,107.9871076,11.327924,106.6920063,0.105517528,
160.9760976,107.9873048,11.32538696,106.6928598,0.105493122,
160.9960996,107.9875058,11.32285332,106.6937291,0.105468743,
161.0161016,107.9877106,11.32032308,106.694614,0.105444391,
161.0361036,107.9879193,11.31779621,106.6955144,0.105420066,
161.0561056,107.9881317,11.31527271,106.6964304,0.105395768,
161.0761076,107.9883479,11.31275256,106.6973618,0.105371496,
161.0961096,107.9885679,11.31023574,106.6983086,0.10534725,
161.1161116,107.9887916,11.30772225,106.6992706,0.105323031,
161.1361136,107.9890191,11.30521206,106.7002478,0.105298838,
161.1561156,107.9892504,11.30270516,106.7012402,0.105274671,
161.1761176,107.9894854,11.30020154,106.7022476,0.10525053,
161.1961196,107.989724,11.29770119,106.7032699,0.105226414,
161.2161216,107.9899664,11.29520408,106.7043071,0.105202325,
161.2361236,107.9902125,11.29271021,106.7053592,0.105178261,
161.2561256,107.9904623,11.29021956,106.7064259,0.105154223,
161.2761276,107.9907158,11.28773211,106.7075073,0.10513021,
161.2961296,107.9909729,11.28524786,106.7086033,0.105106222,
161.3161316,107.9912337,11.28276678,106.7097137,0.10508226,
161.3361336,107.9914982,11.28028887,106.7108386,0.105058323,
161.3561356,107.9917662,11.27781411,106.7119778,0.10503441,
161.3761376,107.9920379,11.27534248,106.7131312,0.105010523,
161.3961396,107.9923132,11.27287397,106.7142989,0.10498666,
161.4161416,107.9925922,11.27040857,106.7154806,0.104962822,
161.4361436,107.9928747,11.26794626,106.7166763,0.104939008,
161.4561456,107.9931608,11.26548702,106.717886,0.104915219,
161.4761476,107.9934505,11.26303085,106.7191096,0.104891454,
161.4961496,107.9937437,11.26057773,106.7203469,0.104867714,
161.5161516,107.9940405,11.25812764,106.721598,0.104843997,
161.5361536,107.9943408,11.25568057,106.7228626,0.104820305,
161.5561556,107.9946447,11.25323651,106.7241409,0.104796636,
161.5761576,107.9949521,11.25079543,106.7254326,0.104772991,
161.5961596,107.995263,11.24835734,106.7267377,0.10474937,
161.6161616,107.9955774,11.2459222,106.7280561,0.104725772,
161.6361636,107.9958952,11.24349002,106.7293877,0.104702198,
161.6561656,107.9962166,11.24106077,106.7307325,0.104678647,
161.6761676,107.9965414,11.23863443,106.7320904,0.104655119,
161.6961696,107.9968697,11.236211,106.7334613,0.104631614,
161.7161716,107.9972015,11.23379047,106.7348451,0.104608132,
161.7361736,107.9975367,11.23137281,106.7362418,0.104584674,
161.7561756,107.9978753,11.22895801,106.7376512,0.104561237,
161.7761776,107.9982173,11.22654605,106.7390733,0.104537824,
161.7961796,107.9985627,11.22413694,106.7405081,0.104514433,
161.8161816,107.9989116,11.22173064,106.7419553,0.104491065,
161.8361836,107.9992638,11.21932714,106.743415,0.104467719,
161.8561856,107.9996194,11.21692644,106.7448871,0.104444395,
161.8761876,107.9999783,11.21452851,106.7463715,0.104421093,
161.8961896,108.0003406,11.21213334,106.7478682,0.104397813,
161.9161916,108.0007063,11.20974092,106.7493769,0.104374555,
161.9361936,108.0010752,11.20735123,106.7508977,0.104351319,
161.9561956,108.0014476,11.20496426,106.7524305,0.104328105,
161.9761976,108.0018232,11.20258,106.7539753,0.104304912,
161.9961996,108.0022021,11.20019842,106.7555318,0.10428174,
162.0162016,108.0025843,11.19781952,106.7571001,0.10425859,
162.0362036,108.0029698,11.19544328,106.7586801,0.104235461,
162.0562056,108.0033586,11.19306969,106.7602716,0.104212353,
162.0762076,108.0037506,11.19069873,106.7618747,0.104189267,
162.0962096,108.0041458,11.18833039,106.7634892,0.104166201,
162.1162116,108.0045444,11.18596465,106.7651151,0.104143156,
162.1362136,108.0049461,11.1836015,106.7667523,0.104120131,
162.1562156,108.0053511,11.18124093,106.7684006,0.104097127,
162.1762176,108.0057592,11.17888291,106.7700601,0.104074144,
162.1962196,108.0061706,11.17652745,106.7717307,0.104051181,
162.2162216,108.0065851,11.17417451,106.7734122,0.104028238,
162.2362236,108.0070029,11.17182409,106.7751046,0.104005315,
162.2562256,108.0074237,11.16947618,106.7768078,0.103982412,
162.2762276,108.0078478,11.16713076,106.7785217,0.103959529,
162.2962296,108.008275,11.1647878,106.7802463,0.103936666,
162.3162316,108.0087053,11.16244731,106.7819815,0.103913823,
162.3362336,108.0091388,11.16010927,106.7837271,0.103890999,
162.3562356,108.0095753,11.15777366,106.7854832,0.103868195,
162.3762376,108.010015,11.15544046,106.7872497,0.10384541,
162.3962396,108.0104577,11.15310967,106.7890264,0.103822644,
162.4162416,108.0109036,11.15078126,106.7908133,0.103799897,
162.4362436,108.0113525,11.14845523,106.7926103,0.10377717,
162.4562456,108.0118045,11.14613156,106.7944173,0.103754461,
162.4762476,108.0122595,11.14381024,106.7962342,0.103731771,
162.4962496,108.0127176,11.14149124,106.7980611,0.1037091,
162.5162516,108.0131786,11.13917457,106.7998977,0.103686447,
162.5362536,108.0136428,11.13686019,106.8017441,0.103663813,
162.5562556,108.0141099,11.1345481,106.8036001,0.103641197,
162.5762576,108.01458,11.13223829,106.8054657,0.103618599,
162.5962596,108.0150531,11.12993074,106.8073407,0.10359602,
162.6162616,108.0155292,11.12762543,106.8092251,0.103573458,
162.6362636,108.0160082,11.12532235,106.8111189,0.103550915,
162.6562656,108.0164903,11.12302149,106.8130219,0.103528389,
162.6762676,108.0169752,11.12072283,106.8149341,0.103505881,
162.6962696,108.0174631,11.11842636,106.8168554,0.103483391,
162.7162716,108.0179539,11.11613206,106.8187857,0.103460918,
162.7362736,108.0184476,11.11383992,106.8207249,0.103438462,
162.7562756,108.0189443,11.11154992,106.822673,0.103416024,
162.7762776,108.0194438,11.10926206,106.8246298,0.103393602,
162.7962796,108.0199462,11.10697631,106.8265954,0.103371198,
162.8162816,108.0204515,11.10469266,106.8285695,0.103348811,
162.8362836,108.0209597,11.1024111,106.8305523,0.10332644,
162.8562856,108.0214707,11.10013161,106.8325434,0.103304087,
162.8762876,108.0219845,11.09785418,106.834543,0.103281749,
162.8962896,108.0225012,11.0955788,106.8365509,0.103259429,
162.9162916,108.0230207,11.09330544,106.838567,0.103237124,
162.9362936,108.023543,11.09103411,106.8405912,0.103214836,
162.9562956,108.0240681,11.08876477,106.8426236,0.103192564,
162.9762976,108.024596,11.08649742,106.8446639,0.103170309,
162.9962996,108.0251266,11.08423204,106.8467121,0.103148069,
163.0163016,108.0256601,11.08196862,106.8487682,0.103125844,
163.0363036,108.0261963,11.07970714,106.8508321,0.103103636,
163.0563056,108.0267352,11.07744759,106.8529036,0.103081443,
163.0763076,108.0272769,11.07518996,106.8549827,0.103059266,
163.0963096,108.0278213,11.07293423,106.8570694,0.103037104,
163.1163116,108.0283684,11.07068038,106.8591635,0.103014957,
163.1363136,108.0289182,11.06842841,106.8612649,0.102992825,
163.1563156,108.0294708,11.06617829,106.8633737,0.102970709,
163.1763176,108.030026,11.06393002,106.8654897,0.102948607,
163.1963196,108.0305839,11.06168357,106.8676128,0.102926521,
163.2163216,108.0311444,11.05943895,106.8697429,0.102904449,
163.2363236,108.0317076,11.05719612,106.8718801,0.102882391,
163.2563256,108.0322734,11.05495507,106.8740241,0.102860348,
163.2763276,108.0328419,11.0527158,106.876175,0.10283832,
163.2963296,108.033413,11.05047829,106.8783326,0.102816305,
163.3163316,108.0339867,11.04824252,106.8804969,0.102794305,
163.3363336,108.034563,11.04600848,106.8826677,0.102772319,
163.3563356,108.0351419,11.04377615,106.8848451,0.102750347,
163.3763376,108.0357234,11.04154552,106.8870289,0.102728389,
163.3963396,108.0363075,11.03931658,106.889219,0.102706444,
163.4163416,108.0368941,11.03708931,106.8914155,0.102684513,
163.4363436,108.0374832,11.03486369,106.8936181,0.102662596,
163.4563456,108.0380749,11.03263972,106.8958268,0.102640692,
163.4763476,108.0386691,11.03041737,106.8980416,0.102618801,
163.4963496,108.0392659,11.02819664,106.9002623,0.102596923,
163.5163516,108.0398651,11.02597751,106.9024889,0.102575059,
163.5363536,108.0404669,11.02375997,106.9047213,0.102553207,
163.5563556,108.0410711,11.02154399,106.9069595,0.102531368,
163.5763576,108.0416778,11.01932957,106.9092033,0.102509542,
163.5963596,108.042287,11.0171167,106.9114526,0.102487729,
163.6163616,108.0428986,11.01490535,106.9137075,0.102465928,
163.6363636,108.0435126,11.01269551,106.9159678,0.102444139,
163.6563656,108.0441291,11.01048718,106.9182334,0.102422363,
163.6763676,108.0447481,11.00828033,106.9205042,0.102400599,
163.6963696,108.0453694,11.00607494,106.9227803,0.102378847,
163.7163716,108.0459931,11.00387102,106.9250614,0.102357107,
163.7363736,108.0466193,11.00166854,106.9273475,0.102335379,
163.7563756,108.0472478,10.99946748,106.9296386,0.102313662,
163.7763776,108.0478787,10.99726784,106.9319346,0.102291957,
163.7963796,108.0485119,10.99506959,106.9342354,0.102270264,
163.8163816,108.0491475,10.99287273,106.9365408,0.102248582,
163.8363836,108.0497854,10.99067724,106.9388509,0.102226912,
163.8563856,108.0504257,10.9884831,106.9411656,0.102205252,
163.8763876,108.0510683,10.98629031,106.9434847,0.102183604,
163.8963896,108.0517132,10.98409884,106.9458082,0.102161966,
163.9163916,108.0523603,10.98190869,106.948136,0.10214034,
163.9363936,108.0530098,10.97971983,106.9504681,0.102118724,
163.9563956,108.0536616,10.97753226,106.9528043,0.102097119,
163.9763976,108.0543156,10.97534596,106.9551446,0.102075524,
163.9963996,108.0549718,10.97316091,106.9574889,0.10205394,
164.0164016,108.0556304,10.9709771,106.9598372,0.102032366,
164.0364036,108.0562911,10.96879452,106.9621893,0.102010802,
164.0564056,108.0569541,10.96661315,106.9645451,0.101989249,
164.0764076,108.0576193,10.96443298,106.9669047,0.101967705,
164.0964096,108.0582867,10.962254,106.9692679,0.101946171,
164.1164116,108.0589562,10.96007618,106.9716346,0.101924647,
164.1364136,108.059628,10.95789951,106.9740047,0.101903133,
164.1564156,108.0603019,10.95572399,106.9763783,0.101881628,
164.1764176,108.060978,10.95354959,106.9787551,0.101860132,
164.1964196,108.0616563,10.95137631,106.9811351,0.101838646,
164.2164216,108.0623367,10.94920412,106.9835183,0.101817169,
164.2364236,108.0630192,10.94703302,106.9859046,0.101795701,
164.2564256,108.0637038,10.94486298,106.9882939,0.101774243,
164.2764276,108.0643906,10.942694,106.990686,0.101752792,
164.2964296,108.0650794,10.94052606,106.993081,0.101731351,
164.3164316,108.0657704,10.93835914,106.9954788,0.101709919,
164.3364336,108.0664634,10.93619323,106.9978792,0.101688494,
164.3564356,108.0671585,10.93402833,107.0002822,0.101667079,
164.3764376,108.0678556,10.9318644,107.0026877,0.101645671,
164.3964396,108.0685548,10.92970144,107.0050957,0.101624272,
164.4164416,108.069256,10.92753944,107.007506,0.101602881,
164.4364436,108.0699593,10.92537837,107.0099187,0.101581498,
164.4564456,108.0706645,10.92321824,107.0123335,0.101560123,
164.4764476,108.0713718,10.92105901,107.0147504,0.101538756,
164.4964496,108.0720811,10.91890068,107.0171694,0.101517396,
164.5164516,108.0727923,10.91674323,107.0195904,0.101496044,
164.5364536,108.0735055,10.91458664,107.0220132,0.101474699,
164.5564556,108.0742207,10.91243092,107.0244379,0.101453361,
164.5764576,108.0749379,10.91027603,107.0268643,0.101432031,
164.5964596,108.0756569,10.90812196,107.0292924,0.101410708,
164.6164616,108.0763779,10.90596871,107.031722,0.101389392,
164.6364636,108.0771009,10.90381625,107.0341532,0.101368083,
164.6564656,108.0778257,10.90166457,107.0365857,0.10134678,
164.6764676,108.0785524,10.89951367,107.0390196,0.101325484,
164.6964696,108.0792811,10.89736351,107.0414548,0.101304195,
164.7164716,108.0800116,10.89521409,107.0438912,0.101282912,
164.7364736,108.080744,10.8930654,107.0463287,0.101261636,
164.7564756,108.0814782,10.89091742,107.0487672,0.101240365,
164.7764776,108.0822143,10.88877013,107.0512066,0.101219101,
164.7964796,108.0829522,10.88662352,107.0536469,0.101197843,
164.8164816,108.0836919,10.88447759,107.0560881,0.101176591,
164.8364836,108.0844335,10.8823323,107.0585299,0.101155344,
164.8564856,108.0851769,10.88018765,107.0609724,0.101134103,
164.8764876,108.085922,10.87804363,107.0634154,0.101112868,
164.8964896,108.086669,10.87590021,107.065859,0.101091638,
164.9164916,108.0874177,10.87375739,107.0683029,0.101070414,
164.9364936,108.0881682,10.87161516,107.0707471,0.101049194,
164.9564956,108.0889204,10.86947348,107.0731917,0.10102798,
164.9764976,108.0896744,10.86733236,107.0756363,0.101006771,
164.9964996,108.0904301,10.86519178,107.0780811,0.100985567,
165.0165017,108.0911876,10.86305172,107.0805259,0.100964367,
165.0365037,108.0919467,10.86091218,107.0829706,0.100943173,
165.0565057,108.0927076,10.85877312,107.0854152,0.100921982,
165.0765077,108.0934701,10.85663455,107.0878595,0.100900797,
165.0965097,108.0942343,10.85449644,107.0903036,0.100879615,
165.1165117,108.0950002,10.85235878,107.0927473,0.100858438,
165.1365137,108.0957678,10.85022157,107.0951905,0.100837265,
165.1565157,108.096537,10.84808477,107.0976332,0.100816096,
165.1765177,108.0973078,10.84594838,107.1000753,0.100794931,
165.1965197,108.0980803,10.84381239,107.1025166,0.100773769,
165.2165217,108.0988544,10.84167678,107.1049573,0.100752612,
165.2365237,108.0996301,10.83954153,107.107397,0.100731458,
165.2565257,108.1004074,10.83740664,107.1098359,0.100710307,
165.2765277,108.1011862,10.83527208,107.1122737,0.10068916,
165.2965297,108.1019667,10.83313784,107.1147105,0.100668016,
165.3165317,108.1027487,10.83100392,107.1171461,0.100646875,
165.3365337,108.1035323,10.82887028,107.1195804,0.100625737,
165.3565357,108.1043174,10.82673693,107.1220135,0.100604602,
165.3765377,108.105104,10.82460384,107.1244451,0.10058347,
165.3965397,108.1058922,10.822471,107.1268753,0.10056234,
165.4165417,108.1066819,10.8203384,107.1293039,0.100541214,
165.4365437,108.1074731,10.81820602,107.1317309,0.100520089,
165.4565457,108.1082658,10.81607385,107.1341562,0.100498967,
165.4765477,108.1090599,10.81394187,107.1365797,0.100477847,
165.4965497,108.1098556,10.81181008,107.1390013,0.10045673,
165.5165517,108.1106527,10.80967844,107.141421,0.100435614,
165.5365537,108.1114512,10.80754696,107.1438387,0.1004145,
165.5565557,108.1122512,10.80541561,107.1462543,0.100393388,
165.5765577,108.1130526,10.80328439,107.1486677,0.100372278,
165.5965597,108.1138554,10.80115327,107.1510788,0.10035117,
165.6165617,108.1146597,10.79902225,107.1534876,0.100330062,
165.6365637,108.1154653,10.7968913,107.155894,0.100308957,
165.6565657,108.1162723,10.79476042,107.1582979,0.100287852,
165.6765677,108.1170807,10.79262959,107.1606993,0.100266749,
165.6965697,108.1178905,10.79049879,107.163098,0.100245646,
165.7165717,108.1187016,10.78836802,107.1654939,0.100224545,
165.7365737,108.1195141,10.78623725,107.1678871,0.100203444,
165.7565757,108.1203279,10.78410648,107.1702774,0.100182345,
165.7765777,108.121143,10.78197568,107.1726647,0.100161245,
165.7965797,108.1219595,10.77984485,107.175049,0.100140146,
165.8165817,108.1227772,10.77771397,107.1774301,0.100119048,
165.8365837,108.1235963,10.77558302,107.1798081,0.10009795,
165.8565857,108.1244166,10.773452,107.1821828,0.100076852,
165.8765877,108.1252382,10.77132088,107.1845542,0.100055754,
165.8965897,108.1260611,10.76918965,107.1869221,0.100034656,
165.9165917,108.1268852,10.7670583,107.1892865,0.100013558,
165.9365937,108.1277105,10.76492681,107.1916473,0.099992459,
165.9565957,108.1285371,10.76279518,107.1940045,0.09997136,
165.9765977,108.1293649,10.76066338,107.1963579,0.099950261,
165.9965997,108.1301939,10.7585314,107.1987075,0.099929161,
166.0166017,108.1310241,10.75639922,107.2010532,0.09990806,
166.0366037,108.1318555,10.75426684,107.2033949,0.099886958,
166.0566057,108.1326881,10.75213423,107.2057326,0.099865856,
166.0766077,108.1335218,10.75000139,107.2080661,0.099844752,
166.0966097,108.1343567,10.7478683,107.2103954,0.099823647,
166.1166117,108.1351928,10.74573494,107.2127205,0.099802541,
166.1366137,108.13603,10.7436013,107.2150411,0.099781434,
166.1566157,108.1368683,10.74146737,107.2173574,0.099760325,
166.1766177,108.1377077,10.73933313,107.219669,0.099739214,
166.1966197,108.1385483,10.73719856,107.2219761,0.099718102,
166.2166217,108.1393899,10.73506366,107.2242785,0.099696988,
166.2366237,108.1402326,10.73292841,107.2265762,0.099675872,
166.2566257,108.1410764,10.73079279,107.228869,0.099654754,
166.2766277,108.1419212,10.72865679,107.2311569,0.099633634,
166.2966297,108.1427671,10.72652039,107.2334398,0.099612511,
166.3166317,108.1436141,10.72438359,107.2357176,0.099591386,
166.3366337,108.1444621,10.72224636,107.2379903,0.099570259,
166.3566357,108.145311,10.7201087,107.2402578,0.099549129,
166.3766377,108.1461611,10.71797058,107.2425199,0.099527996,
166.3966397,108.1470121,10.715832,107.2447767,0.099506861,
166.4166417,108.1478641,10.71369294,107.247028,0.099485722,
166.4366437,108.148717,10.71155338,107.2492737,0.099464581,
166.4566457,108.149571,10.70941331,107.2515138,0.099443436,
166.4766477,108.1504259,10.70727272,107.2537483,0.099422288,
166.4966497,108.1512817,10.70513159,107.2559769,0.099401137,
166.5166517,108.1521385,10.7029899,107.2581997,0.099379982,
166.5366537,108.1529962,10.70084766,107.2604166,0.099358823,
166.5566557,108.1538549,10.69870483,107.2626274,0.099337661,
166.5766577,108.1547144,10.6965614,107.2648322,0.099316495,
166.5966597,108.1555749,10.69441736,107.2670308,0.099295325,
166.6166617,108.1564362,10.6922727,107.2692232,0.099274152,
166.6366637,108.1572984,10.69012741,107.2714092,0.099252973,
166.6566657,108.1581614,10.68798145,107.2735888,0.099231791,
166.6766677,108.1590254,10.68583484,107.275762,0.099210605,
166.6966697,108.1598901,10.68368754,107.2779285,0.099189413,
166.7166717,108.1607557,10.68153954,107.2800885,0.099168218,
166.7366737,108.1616221,10.67939083,107.2822417,0.099147017,
166.7566757,108.1624893,10.6772414,107.2843882,0.099125812,
166.7766777,108.1633574,10.67509123,107.2865277,0.099104602,
166.7966797,108.1642262,10.67294031,107.2886603,0.099083387,
166.8166817,108.1650958,10.67078862,107.2907859,0.099062166,
166.8366837,108.1659662,10.66863615,107.2929044,0.099040941,
166.8566857,108.1668373,10.66648288,107.2950157,0.09901971,
166.8766877,108.1677092,10.6643288,107.2971197,0.098998473,
166.8966897,108.1685818,10.66217389,107.2992164,0.098977231,
166.9166917,108.1694551,10.66001815,107.3013057,0.098955984,
166.9366937,108.1703292,10.65786155,107.3033875,0.09893473,
166.9566957,108.171204,10.65570408,107.3054617,0.098913471,
166.9766977,108.1720794,10.65354574,107.3075282,0.098892205,
166.9966997,108.1729556,10.65138649,107.309587,0.098870934,
167.0167017,108.1738324,10.64922633,107.311638,0.098849656,
167.0367037,108.1747099,10.64706525,107.3136811,0.098828372,
167.0567057,108.1755881,10.64490323,107.3157162,0.098807081,
167.0767077,108.1764669,10.64274026,107.3177433,0.098785784,
167.0967097,108.1773463,10.64057631,107.3197623,0.09876448,
167.1167117,108.1782264,10.63841138,107.3217731,0.098743169,
167.1367137,108.179107,10.63624546,107.3237755,0.098721852,
167.1567157,108.1799883,10.63407852,107.3257697,0.098700527,
167.1767177,108.1808702,10.63191056,107.3277554,0.098679195,
167.1967197,108.1817526,10.62974156,107.3297325,0.098657856,
167.2167217,108.1826356,10.6275715,107.3317011,0.09863651,
167.2367237,108.1835192,10.62540038,107.333661,0.098615156,
167.2567257,108.1844033,10.62322817,107.3356122,0.098593795,
167.2767277,108.185288,10.62105486,107.3375545,0.098572426,
167.2967297,108.1861732,10.61888045,107.3394879,0.098551049,
167.3167317,108.1870589,10.6167049,107.3414124,0.098529664,
167.3367337,108.1879452,10.61452822,107.3433277,0.098508272,
167.3567357,108.1888319,10.61235038,107.345234,0.098486871,
167.3767377,108.1897191,10.61017137,107.347131,0.098465462,
167.3967397,108.1906068,10.60799117,107.3490187,0.098444044,
167.4167417,108.1914949,10.60580978,107.350897,0.098422619,
167.4367437,108.1923836,10.60362718,107.3527659,0.098401184,
167.4567457,108.1932726,10.60144335,107.3546253,0.098379741,
167.4767477,108.1941621,10.59925828,107.356475,0.098358289,
167.4967497,108.195052,10.59707195,107.3583151,0.098336828,
167.5167517,108.1959424,10.59488435,107.3601454,0.098315359,
167.5367537,108.1968331,10.59269547,107.3619658,0.09829388,
167.5567557,108.1977242,10.59050529,107.3637763,0.098272392,
167.5767577,108.1986158,10.5883138,107.3655768,0.098250894,
167.5967597,108.1995076,10.58612098,107.3673673,0.098229387,
167.6167617,108.2003999,10.58392682,107.3691475,0.098207871,
167.6367637,108.2012925,10.58173131,107.3709176,0.098186345,
167.6567657,108.2021854,10.57953442,107.3726773,0.098164809,
167.6767677,108.2030787,10.57733615,107.3744266,0.098143263,
167.6967697,108.2039723,10.57513648,107.3761655,0.098121708,
167.7167717,108.2048662,10.57293539,107.3778938,0.098100142,
167.7367737,108.2057604,10.57073288,107.3796115,0.098078566,
167.7567757,108.2066549,10.56852893,107.3813184,0.098056979,
167.7767777,108.2075497,10.56632352,107.3830146,0.098035383,
167.7967797,108.2084447,10.56411664,107.3846999,0.098013775,
167.8167817,108.20934,10.56190828,107.3863743,0.097992157,
167.8367837,108.2102356,10.55969841,107.3880377,0.097970528,
167.8567857,108.2111314,10.55748704,107.3896899,0.097948889,
167.8767877,108.2120274,10.55527413,107.391331,0.097927238,
167.8967897,108.2129236,10.55305968,107.3929609,0.097905576,
167.9167917,108.21382,10.55084368,107.3945794,0.097883904,
167.9367937,108.2147167,10.5486261,107.3961865,0.097862219,
167.9567957,108.2156135,10.54640694,107.3977821,0.097840524,
167.9767977,108.2165104,10.54418618,107.3993661,0.097818816,
167.9967997,108.2174076,10.54196381,107.4009385,0.097797097,
168.0168017,108.2183049,10.5397398,107.4024992,0.097775367,
168.0368037,108.2192023,10.53751416,107.404048,0.097753624,
168.0568057,108.2200999,10.53528686,107.405585,0.09773187,
168.0768077,108.2209976,10.53305788,107.40711,0.097710103,
168.0968097,108.2218954,10.53082722,107.408623,0.097688325,
168.1168117,108.2227933,10.52859486,107.4101239,0.097666533,
168.1368137,108.2236913,10.52636079,107.4116126,0.09764473,
168.1568157,108.2245894,10.52412498,107.413089,0.097622914,
168.1768177,108.2254876,10.52188743,107.4145531,0.097601085,
168.1968197,108.2263858,10.51964813,107.4160047,0.097579244,
168.2168217,108.227284,10.51740705,107.4174438,0.09755739,
168.2368237,108.2281823,10.51516419,107.4188704,0.097535522,
168.2568257,108.2290806,10.51291953,107.4202843,0.097513642,
168.2768277,108.229979,10.51067305,107.4216854,0.097491748,
168.2968297,108.2308773,10.50842474,107.4230737,0.097469842,
168.3168317,108.2317757,10.50617459,107.4244491,0.097447921,
168.3368337,108.232674,10.50392258,107.4258116,0.097425988,
168.3568357,108.2335723,10.5016687,107.427161,0.09740404,
168.3768377,108.2344706,10.49941293,107.4284972,0.097382079,
168.3968397,108.2353688,10.49715527,107.4298203,0.097360104,
168.4168417,108.2362669,10.49489568,107.4311301,0.097338115,
168.4368437,108.237165,10.49263417,107.4324265,0.097316112,
168.4568457,108.2380631,10.49037071,107.4337094,0.097294095,
168.4768477,108.238961,10.48810529,107.4349788,0.097272063,
168.4968497,108.2398588,10.48583791,107.4362347,0.097250017,
168.5168517,108.2407566,10.48356853,107.4374768,0.097227957,
168.5368537,108.2416542,10.48129715,107.4387052,0.097205882,
168.5568557,108.2425517,10.47902376,107.4399197,0.097183792,
168.5768577,108.243449,10.47674834,107.4411204,0.097161687,
168.5968597,108.2443462,10.47447087,107.442307,0.097139568,
168.6168617,108.2452432,10.47219134,107.4434796,0.097117433,
168.6368637,108.2461401,10.46990974,107.444638,0.097095283,
168.6568657,108.2470368,10.46762605,107.4457822,0.097073118,
168.6768677,108.2479332,10.46534027,107.4469121,0.097050937,
168.6968697,108.2488295,10.46305236,107.4480276,0.097028741,
168.7168717,108.2497256,10.46076232,107.4491286,0.09700653,
168.7368737,108.2506214,10.45847014,107.4502152,0.096984302,
168.7568757,108.251517,10.4561758,107.451287,0.096962059,
168.7768777,108.2524124,10.45387929,107.4523442,0.0969398,
168.7968797,108.2533075,10.45158059,107.4533866,0.096917524,
168.8168817,108.2542024,10.44927969,107.4544142,0.096895233,
168.8368837,108.2550969,10.44697657,107.4554268,0.096872925,
168.8568857,108.2559912,10.44467122,107.4564244,0.096850601,
168.8768877,108.2568852,10.44236362,107.457407,0.096828261,
168.8968897,108.2577789,10.44005376,107.4583743,0.096805903,
168.9168917,108.2586723,10.43774163,107.4593264,0.096783529,
168.9368937,108.2595653,10.43542722,107.4602632,0.096761139,
168.9568957,108.260458,10.43311049,107.4611846,0.096738731,
168.9768977,108.2613503,10.43079146,107.4620905,0.096716306,
168.9968997,108.2622423,10.42847009,107.4629809,0.096693864,
169.0169017,108.2631339,10.42614637,107.4638556,0.096671405,
169.0369037,108.2640252,10.4238203,107.4647146,0.096648928,
169.0569057,108.264916,10.42149185,107.4655578,0.096626434,
169.0769077,108.2658065,10.41916101,107.4663852,0.096603923,
169.0969097,108.2666965,10.41682777,107.4671966,0.096581393,
169.1169117,108.2675861,10.41449211,107.4679919,0.096558846,
169.1369137,108.2684753,10.41215402,107.4687712,0.096536281,
169.1569157,108.269364,10.40981348,107.4695342,0.096513698,
169.1769177,108.2702523,10.40747048,107.4702811,0.096491096,
169.1969197,108.2711401,10.40512501,107.4710115,0.096468477,
169.2169217,108.2720275,10.40277705,107.4717256,0.096445839,
169.2369237,108.2729143,10.40042659,107.4724231,0.096423182,
169.2569257,108.2738007,10.3980736,107.4731041,0.096400507,
169.2769277,108.2746865,10.39571809,107.4737685,0.096377813,
169.2969297,108.2755719,10.39336003,107.474416,0.0963551,
169.3169317,108.2764567,10.3909994,107.4750468,0.096332369,
169.3369337,108.277341,10.38863621,107.4756607,0.096309618,
169.3569357,108.2782247,10.38627042,107.4762577,0.096286849,
169.3769377,108.2791079,10.38390203,107.4768376,0.09626406,
169.3969397,108.2799905,10.38153102,107.4774003,0.096241251,
169.4169417,108.2808725,10.37915738,107.4779459,0.096218423,
169.4369437,108.2817539,10.37678109,107.4784742,0.096195576,
169.4569457,108.2826348,10.37440214,107.4789851,0.096172709,
169.4769477,108.283515,10.37202051,107.4794786,0.096149822,
169.4969497,108.2843946,10.36963619,107.4799546,0.096126915,
169.5169517,108.2852735,10.36724917,107.4804129,0.096103988,
169.5369537,108.2861519,10.36485943,107.4808537,0.096081041,
169.5569557,108.2870295,10.36246696,107.4812766,0.096058074,
169.5769577,108.2879066,10.36007174,107.4816818,0.096035086,
169.5969597,108.2887829,10.35767376,107.482069,0.096012078,
169.6169617,108.2896586,10.355273,107.4824382,0.095989049,
169.6369637,108.2905335,10.35286946,107.4827894,0.095966,
169.6569657,108.2914078,10.3504631,107.4831225,0.095942929,
169.6769677,108.2922813,10.34805393,107.4834373,0.095919838,
169.6969697,108.2931541,10.34564193,107.4837338,0.095896726,
169.7169717,108.2940262,10.34322707,107.484012,0.095873593,
169.7369737,108.2948975,10.34080936,107.4842717,0.095850438,
169.7569757,108.2957681,10.33838876,107.4845129,0.095827262,
169.7769777,108.2966379,10.33596528,107.4847354,0.095804065,
169.7969797,108.297507,10.33353889,107.4849393,0.095780846,
169.8169817,108.2983752,10.33110959,107.4851244,0.095757605,
169.8369837,108.2992426,10.32867734,107.4852907,0.095734343,
169.8569857,108.3001093,10.32624215,107.485438,0.095711059,
169.8769877,108.3009751,10.323804,107.4855664,0.095687752,
169.8969897,108.3018401,10.32136287,107.4856756,0.095664424,
169.9169917,108.3027042,10.31891875,107.4857658,0.095641073,
169.9369937,108.3035675,10.31647163,107.4858366,0.0956177,
169.9569957,108.3044299,10.31402148,107.4858882,0.095594305,
169.9769977,108.3052915,10.3115683,107.4859203,0.095570887,
169.9969997,108.3061522,10.30911207,107.485933,0.095547446,
170.0170017,108.3070153,10.30665284,107.4859287,0.095523983,
170.0370037,108.3078868,10.30419072,107.4859117,0.0955005,
170.0570057,108.3087667,10.30172572,107.4858823,0.095476997,
170.0770077,108.3096549,10.29925785,107.4858403,0.095453474,
170.0970097,108.3105515,10.29678714,107.485786,0.095429932,
170.1170117,108.3114563,10.29431358,107.4857192,0.095406369,
170.1370137,108.3123693,10.29183719,107.4856402,0.095382787,
170.1570157,108.3132905,10.289358,107.4855489,0.095359185,
170.1770177,108.3142199,10.286876,107.4854454,0.095335563,
170.1970197,108.3151574,10.28439121,107.4853298,0.095311922,
170.2170217,108.3161029,10.28190365,107.485202,0.095288262,
170.2370237,108.3170565,10.27941332,107.4850622,0.095264582,
170.2570257,108.318018,10.27692024,107.4849103,0.095240883,
170.2770277,108.3189875,10.27442443,107.4847466,0.095217165,
170.2970297,108.3199649,10.27192589,107.4845709,0.095193428,
170.3170317,108.3209501,10.26942463,107.4843833,0.095169673,
170.3370337,108.3219432,10.26692068,107.4841839,0.095145898,
170.3570357,108.3229441,10.26441404,107.4839728,0.095122105,
170.3770377,108.3239526,10.26190473,107.48375,0.095098293,
170.3970397,108.3249689,10.25939276,107.4835155,0.095074462,
170.4170417,108.3259929,10.25687813,107.4832694,0.095050614,
170.4370437,108.3270244,10.25436087,107.4830118,0.095026746,
170.4570457,108.3280636,10.25184099,107.4827427,0.095002861,
170.4770477,108.3291102,10.2493185,107.4824621,0.094978957,
170.4970497,108.3301644,10.24679341,107.4821701,0.094955036,
170.5170517,108.331226,10.24426573,107.4818667,0.094931096,
170.5370537,108.3322951,10.24173548,107.4815521,0.094907138,
170.5570557,108.3333715,10.23920267,107.4812262,0.094883163,
170.5770577,108.3344552,10.23666732,107.4808891,0.09485917,
170.5970597,108.3355462,10.23412943,107.4805408,0.094835159,
170.6170617,108.3366445,10.23158902,107.4801814,0.094811131,
170.6370637,108.33775,10.2290461,107.479811,0.094787086,
170.6570657,108.3388626,10.22650068,107.4794296,0.094763023,
170.6770677,108.3399824,10.22395278,107.4790373,0.094738943,
170.6970697,108.3411093,10.22140241,107.478634,0.094714845,
170.7170717,108.3422432,10.21884958,107.4782199,0.094690731,
170.7370737,108.3433841,10.21629431,107.477795,0.0946666,
170.7570757,108.344532,10.2137366,107.4773594,0.094642452,
170.7770777,108.3456868,10.21117648,107.476913,0.094618287,
170.7970797,108.3468485,10.20861394,107.476456,0.094594105,
170.8170817,108.348017,10.20604902,107.4759884,0.094569907,
170.8370837,108.3491924,10.20348171,107.4755103,0.094545692,
170.8570857,108.3503745,10.20091203,107.4750217,0.094521461,
170.8770877,108.3515633,10.19834,107.4745226,0.094497214,
170.8970897,108.3527588,10.19576562,107.4740131,0.09447295,
170.9170917,108.3539609,10.19318891,107.4734933,0.094448671,
170.9370937,108.3551696,10.19060989,107.4729632,0.094424375,
170.9570957,108.3563849,10.18802855,107.4724229,0.094400063,
170.9770977,108.3576067,10.18544493,107.4718723,0.094375736,
170.9970997,108.358835,10.18285903,107.4713116,0.094351392,
171.0171017,108.3600697,10.18027086,107.4707409,0.094327033,
171.0371037,108.3613108,10.17768043,107.47016,0.094302659,
171.0571057,108.3625583,10.17508776,107.4695692,0.094278269,
171.0771077,108.3638121,10.17249287,107.4689685,0.094253863,
171.0971097,108.3650721,10.16989575,107.4683578,0.094229443,
171.1171117,108.3663384,10.16729644,107.4677374,0.094205007,
171.1371137,108.3676108,10.16469493,107.4671071,0.094180556,
171.1571157,108.3688895,10.16209125,107.4664671,0.09415609,
171.1771177,108.3701742,10.15948539,107.4658174,0.094131609,
171.1971197,108.371465,10.15687739,107.4651581,0.094107113,
171.2171217,108.3727618,10.15426725,107.4644891,0.094082602,
171.2371237,108.3740646,10.15165498,107.4638107,0.094058077,
171.2571257,108.3753734,10.14904059,107.4631227,0.094033537,
171.2771277,108.376688,10.14642411,107.4624254,0.094008983,
171.2971297,108.3780085,10.14380553,107.4617186,0.093984415,
171.3171317,108.3793349,10.14118488,107.4610025,0.093959832,
171.3371337,108.380667,10.13856216,107.4602771,0.093935235,
171.3571357,108.3820049,10.13593739,107.4595425,0.093910624,
171.3771377,108.3833484,10.13331059,107.4587987,0.093885998,
171.3971397,108.3846977,10.13068176,107.4580457,0.093861359,
171.4171417,108.3860525,10.12805091,107.4572837,0.093836706,
171.4371437,108.387413,10.12541807,107.4565126,0.09381204,
171.4571457,108.3887789,10.12278324,107.4557326,0.09378736,
171.4771477,108.3901504,10.12014643,107.4549436,0.093762666,
171.4971497,108.3915273,10.11750767,107.4541458,0.093737959,
171.5171517,108.3929097,10.11486695,107.4533391,0.093713238,
171.5371537,108.3942974,10.1122243,107.4525236,0.093688504,
171.5571557,108.3956904,10.10957972,107.4516994,0.093663757,
171.5771577,108.3970888,10.10693323,107.4508666,0.093638997,
171.5971597,108.3984924,10.10428485,107.450025,0.093614224,
171.6171617,108.3999012,10.10163457,107.449175,0.093589438,
171.6371637,108.4013151,10.09898243,107.4483163,0.093564639,
171.6571657,108.4027343,10.09632842,107.4474493,0.093539828,
171.6771677,108.4041585,10.09367257,107.4465737,0.093515003,
171.6971697,108.4055877,10.09101488,107.4456898,0.093490167,
171.7171717,108.407022,10.08835537,107.4447976,0.093465318,
171.7371737,108.4084612,10.08569406,107.4438971,0.093440456,
171.7571757,108.4099053,10.08303094,107.4429884,0.093415582,
171.7771777,108.4113544,10.08036604,107.4420715,0.093390697,
171.7971797,108.4128083,10.07769937,107.4411465,0.093365799,
171.8171817,108.4142669,10.07503094,107.4402134,0.093340889,
171.8371837,108.4157304,10.07236077,107.4392722,0.093315967,
171.8571857,108.4171986,10.06968886,107.4383231,0.093291034,
171.8771877,108.4186714,10.06701524,107.4373661,0.093266088,
171.8971897,108.4201489,10.0643399,107.4364012,0.093241131,
171.9171917,108.421631,10.06166287,107.4354285,0.093216163,
171.9371937,108.4231177,10.05898416,107.434448,0.093191183,
171.9571957,108.4246089,10.05630378,107.4334598,0.093166192,
171.9771977,108.4261045,10.05362174,107.4324639,0.09314119,
171.9971997,108.4276046,10.05093806,107.4314604,0.093116176,
172.0172017,108.4291091,10.04825275,107.4304493,0.093091152,
172.0372037,108.430618,10.04556581,107.4294307,0.093066116,
172.0572057,108.4321312,10.04287728,107.4284047,0.09304107,
172.0772077,108.4336486,10.04018715,107.4273712,0.093016013,
172.0972097,108.4351703,10.03749544,107.4263303,0.092990945,
172.1172117,108.4366961,10.03480216,107.4252822,0.092965867,
172.1372137,108.4382262,10.03210732,107.4242267,0.092940778,
172.1572157,108.4397603,10.02941095,107.4231641,0.092915678,
172.1772177,108.4412985,10.02671304,107.4220942,0.092890569,
172.1972197,108.4428407,10.02401362,107.4210173,0.092865449,
172.2172217,108.444387,10.0213127,107.4199333,0.092840319,
172.2372237,108.4459371,10.01861028,107.4188423,0.092815179,
172.2572257,108.4474912,10.01590638,107.4177443,0.092790029,
172.2772277,108.4490492,10.01320102,107.4166394,0.092764869,
172.2972297,108.450611,10.01049421,107.4155276,0.0927397,
172.3172317,108.4521765,10.00778595,107.414409,0.09271452,
172.3372337,108.4537458,10.00507627,107.4132837,0.092689332,
172.3572357,108.4553188,10.00236517,107.4121516,0.092664133,
172.3772377,108.4568955,9.999652671,107.4110129,0.092638926,
172.3972397,108.4584758,9.996938781,107.4098676,0.092613709,
172.4172417,108.4600597,9.994223515,107.4087157,0.092588483,
172.4372437,108.4616471,9.991506884,107.4075573,0.092563247,
172.4572457,108.4632381,9.988788902,107.4063924,0.092538003,
172.4772477,108.4648324,9.986069581,107.4052211,0.09251275,
172.4972497,108.4664302,9.983348934,107.4040435,0.092487488,
172.5172517,108.4680314,9.980626974,107.4028595,0.092462217,
172.5372537,108.469636,9.977903714,107.4016693,0.092436938,
172.5572557,108.4712438,9.975179165,107.4004729,0.09241165,
172.5772577,108.4728548,9.972453342,107.3992703,0.092386353,
172.5972597,108.4744691,9.969726256,107.3980616,0.092361048,
172.6172617,108.4760866,9.966997921,107.3968469,0.092335735,
172.6372637,108.4777072,9.964268348,107.3956261,0.092310414,
172.6572657,108.4793309,9.961537551,107.3943994,0.092285084,
172.6772677,108.4809576,9.958805543,107.3931668,0.092259747,
172.6972697,108.4825874,9.956072336,107.3919284,0.092234402,
172.7172717,108.4842201,9.953337943,107.3906841,0.092209049,
172.7372737,108.4858558,9.950602377,107.3894341,0.092183688,
172.7572757,108.4874943,9.94786565,107.3881783,0.092158319,
172.7772777,108.4891357,9.945127775,107.3869169,0.092132943,
172.7972797,108.4907799,9.942388765,107.3856499,0.09210756,
172.8172817,108.4924269,9.939648632,107.3843774,0.092082169,
172.8372837,108.4940766,9.93690739,107.3830994,0.092056771,
172.8572857,108.495729,9.934165051,107.3818158,0.092031365,
172.8772877,108.497384,9.931421627,107.3805269,0.092005953,
172.8972897,108.4990416,9.928677132,107.3792327,0.091980534,
172.9172917,108.5007018,9.925931578,107.3779331,0.091955107,
172.9372937,108.5023645,9.923184977,107.3766283,0.091929674,
172.9572957,108.5040297,9.920437344,107.3753183,0.091904235,
172.9772977,108.5056974,9.917688689,107.3740032,0.091878788,
172.9972997,108.5073674,9.914939027,107.3726829,0.091853335,
173.0173017,108.5090398,9.912188369,107.3713576,0.091827876,
173.0373037,108.5107145,9.909436729,107.3700273,0.09180241,
173.0573057,108.5123915,9.906684118,107.3686921,0.091776938,
173.0773077,108.5140708,9.903930551,107.3673519,0.09175146,
173.0973097,108.5157522,9.901176039,107.3660069,0.091725976,
173.1173117,108.5174358,9.898420596,107.3646571,0.091700486,
173.1373137,108.5191215,9.895664234,107.3633026,0.09167499,
173.1573157,108.5208093,9.892906965,107.3619433,0.091649488,
173.1773177,108.5224991,9.890148803,107.3605794,0.091623981,
173.1973197,108.5241909,9.88738976,107.359211,0.091598467,
173.2173217,108.5258847,9.884629849,107.3578379,0.091572949,
173.2373237,108.5275803,9.881869083,107.3564604,0.091547425,
173.2573257,108.5292779,9.879107474,107.3550785,0.091521895,
173.2773277,108.5309772,9.876345035,107.3536921,0.091496361,
173.2973297,108.5326784,9.873581778,107.3523014,0.091470821,
173.3173317,108.5343813,9.870817718,107.3509064,0.091445276,
173.3373337,108.5360859,9.868052865,107.3495072,0.091419727,
173.3573357,108.5377922,9.865287234,107.3481038,0.091394172,
173.3773377,108.5395001,9.862520836,107.3466962,0.091368613,
173.3973397,108.5412096,9.859753684,107.3452845,0.091343048,
173.4173417,108.5429207,9.856985792,107.3438688,0.09131748,
173.4373437,108.5446332,9.854217171,107.3424492,0.091291907,
173.4573457,108.5463472,9.851447835,107.3410255,0.091266329,
173.4773477,108.5480626,9.848677796,107.339598,0.091240747,
173.4973497,108.5497794,9.845907068,107.3381667,0.091215161,
173.5173517,108.5514976,9.843135661,107.3367315,0.091189571,
173.5373537,108.553217,9.840363591,107.3352926,0.091163977,
173.5573557,108.5549378,9.837590868,107.3338501,0.091138378,
173.5773577,108.5566597,9.834817506,107.3324039,0.091112776,
173.5973597,108.5583828,9.832043518,107.3309541,0.091087171,
173.6173617,108.560107,9.829268916,107.3295007,0.091061561,
173.6373637,108.5618324,9.826493713,107.3280439,0.091035948,
173.6573657,108.5635588,9.823717922,107.3265837,0.091010332,
173.6773677,108.5652862,9.820941555,107.32512,0.090984712,
173.6973697,108.5670146,9.818164626,107.3236531,0.090959088,
173.7173717,108.5687439,9.815387146,107.3221828,0.090933462,
173.7373737,108.5704741,9.812609129,107.3207093,0.090907832,
173.7573757,108.5722052,9.809830587,107.3192327,0.0908822,
173.7773777,108.5739371,9.807051533,107.3177528,0.090856564,
173.7973797,108.5756697,9.80427198,107.31627,0.090830926,
173.8173817,108.5774031,9.801491941,107.314784,0.090805285,
173.8373837,108.5791371,9.798711427,107.3132951,0.090779641,
173.8573857,108.5808719,9.795930453,107.3118033,0.090753995,
173.8773877,108.5826072,9.79314903,107.3103086,0.090728346,
173.8973897,108.5843431,9.790367171,107.3088111,0.090702695,
173.9173917,108.5860795,9.78758489,107.3073107,0.090677042,
173.9373937,108.5878164,9.784802198,107.3058077,0.090651386,
173.9573957,108.5895537,9.782019109,107.304302,0.090625729,
173.9773977,108.5912915,9.779235635,107.3027936,0.090600069,
173.9973997,108.5930296,9.776451789,107.3012827,0.090574407,
174.0174017,108.594768,9.773667584,107.2997692,0.090548744,
174.0374037,108.5965067,9.770883032,107.2982533,0.090523079,
174.0574057,108.5982457,9.768098146,107.2967349,0.090497412,
174.0774077,108.5999848,9.765312939,107.2952141,0.090471744,
174.0974097,108.6017241,9.762527424,107.2936911,0.090446074,
174.1174117,108.6034636,9.759741613,107.2921657,0.090420403,
174.1374137,108.6052031,9.756955519,107.2906381,0.09039473,
174.1574157,108.6069426,9.754169154,107.2891084,0.090369057,
174.1774177,108.6086822,9.751382532,107.2875765,0.090343382,
174.1974197,108.6104217,9.748595665,107.2860426,0.090317707,
174.2174217,108.6121611,9.745808566,107.2845066,0.09029203,
174.2374237,108.6139004,9.743021247,107.2829687,0.090266353,
174.2574257,108.6156395,9.740233722,107.2814288,0.090240675,
174.2774277,108.6173784,9.737446003,107.2798871,0.090214996,
174.2974297,108.6191171,9.734658102,107.2783435,0.090189317,
174.3174317,108.6208555,9.731870033,107.2767982,0.090163637,
174.3374337,108.6225935,9.729081808,107.2752511,0.090137957,
174.3574357,108.6243312,9.72629344,107.2737024,0.090112277,
174.3774377,108.6260684,9.723504942,107.2721521,0.090086597,
174.3974397,108.6278053,9.720716325,107.2706002,0.090060916,
174.4174417,108.6295416,9.717927604,107.2690467,0.090035236,
174.4374437,108.6312774,9.715138791,107.2674918,0.090009556,
174.4574457,108.6330126,9.712349898,107.2659355,0.089983876,
174.4774477,108.6347472,9.709560938,107.2643778,0.089958196,
174.4974497,108.6364811,9.706771925,107.2628188,0.089932516,
174.5174517,108.6382144,9.70398287,107.2612586,0.089906837,
174.5374537,108.6399469,9.701193786,107.2596971,0.089881159,
174.5574557,108.6416786,9.698404686,107.2581344,0.089855481,
174.5774577,108.6434095,9.695615583,107.2565707,0.089829805,
174.5974597,108.6451396,9.69282649,107.2550058,0.089804129,
174.6174617,108.6468687,9.690037419,107.25344,0.089778454,
174.6374637,108.6485969,9.687248382,107.2518732,0.089752779,
174.6574657,108.6503241,9.684459394,107.2503055,0.089727107,
174.6774677,108.6520503,9.681670466,107.2487369,0.089701435,
174.6974697,108.6537755,9.678881611,107.2471675,0.089675765,
174.7174717,108.6554995,9.676092841,107.2455973,0.089650096,
174.7374737,108.6572224,9.673304171,107.2440264,0.089624428,
174.7574757,108.6589441,9.670515611,107.2424549,0.089598762,
174.7774777,108.6606646,9.667727176,107.2408827,0.089573098,
174.7974797,108.6623838,9.664938877,107.23931,0.089547436,
174.8174817,108.6641017,9.662150728,107.2377368,0.089521775,
174.8374837,108.6658183,9.65936274,107.2361631,0.089496117,
174.8574857,108.6675335,9.656574928,107.234589,0.08947046,
174.8774877,108.6692472,9.653787303,107.2330146,0.089444806,
174.8974897,108.6709595,9.650999879,107.2314398,0.089419154,
174.9174917,108.6726702,9.648212667,107.2298648,0.089393504,
174.9374937,108.6743794,9.645425681,107.2282896,0.089367857,
174.9574957,108.676087,9.642638934,107.2267142,0.089342212,
174.9774977,108.677793,9.639852438,107.2251387,0.08931657,
174.9974997,108.6794973,9.637066206,107.2235631,0.08929093,
175.0175018,108.6811999,9.63428025,107.2219876,0.089265294,
175.0375038,108.6829007,9.631494584,107.2204121,0.08923966,
175.0575058,108.6845998,9.628709219,107.2188367,0.089214029,
175.0775078,108.686297,9.62592417,107.2172614,0.089188401,
175.0975098,108.6879923,9.623139448,107.2156863,0.089162777,
175.1175118,108.6896857,9.620355066,107.2141115,0.089137155,
175.1375138,108.6913771,9.617571037,107.212537,0.089111537,
175.1575158,108.6930666,9.614787374,107.2109628,0.089085923,
175.1775178,108.694754,9.612004089,107.209389,0.089060312,
175.1975198,108.6964393,9.609221195,107.2078156,0.089034704,
175.2175218,108.6981225,9.606438705,107.2062428,0.089009101,
175.2375238,108.6998035,9.603656631,107.2046705,0.088983501,
175.2575258,108.7014823,9.600874987,107.2030988,0.088957905,
175.2775278,108.7031589,9.598093784,107.2015278,0.088932313,
175.2975298,108.7048332,9.595313037,107.1999574,0.088906725,
175.3175318,108.7065052,9.592532756,107.1983878,0.088881141,
175.3375338,108.7081748,9.589752956,107.196819,0.088855562,
175.3575358,108.709842,9.586973649,107.1952511,0.088829987,
175.3775378,108.7115067,9.584194847,107.193684,0.088804416,
175.3975398,108.713169,9.581416563,107.1921179,0.08877885,
175.4175418,108.7148287,9.578638811,107.1905528,0.088753289,
175.4375438,108.7164859,9.575861602,107.1889888,0.088727732,
175.4575458,108.7181404,9.573084949,107.1874259,0.08870218,
175.4775478,108.7197923,9.570308866,107.1858641,0.088676633,
175.4975498,108.7214415,9.567533364,107.1843035,0.088651091,
175.5175518,108.7230879,9.564758457,107.1827442,0.088625555,
175.5375538,108.7247316,9.561984158,107.1811862,0.088600023,
175.5575558,108.7263725,9.559210478,107.1796295,0.088574497,
175.5775578,108.7280105,9.556437431,107.1780743,0.088548976,
175.5975598,108.7296456,9.55366503,107.1765205,0.08852346,
175.6175618,108.7312778,9.550893287,107.1749682,0.08849795,
175.6375638,108.732907,9.548122214,107.1734174,0.088472446,
175.6575658,108.7345332,9.545351826,107.1718683,0.088446948,
175.6775678,108.7361563,9.542582133,107.1703208,0.088421455,
175.6975698,108.7377764,9.53981315,107.1687751,0.088395968,
175.7175718,108.7393932,9.537044888,107.167231,0.088370487,
175.7375738,108.7410069,9.534277361,107.1656889,0.088345013,
175.7575758,108.7426174,9.531510581,107.1641485,0.088319544,
175.7775778,108.7442246,9.528744561,107.1626101,0.088294082,
175.7975798,108.7458285,9.525979314,107.1610736,0.088268627,
175.8175818,108.7474291,9.523214852,107.1595392,0.088243178,
175.8375838,108.7490263,9.520451188,107.1580068,0.088217735,
175.8575858,108.75062,9.517688335,107.1564765,0.088192299,
175.8775878,108.7522103,9.514926305,107.1549484,0.08816687,
175.8975898,108.7537971,9.512165112,107.1534225,0.088141448,
175.9175918,108.7553803,9.509404767,107.1518988,0.088116032,
175.9375938,108.7569599,9.506645284,107.1503775,0.088090624,
175.9575958,108.7585359,9.503886676,107.1488585,0.088065223,
175.9775978,108.7601083,9.501128955,107.147342,0.088039829,
175.9975998,108.7616769,9.498372133,107.1458279,0.088014442,
176.0176018,108.7632418,9.495616225,107.1443163,0.087989063,
176.0376038,108.7648028,9.492861241,107.1428073,0.087963691,
176.0576058,108.7663601,9.490107195,107.1413009,0.087938327,
176.0776078,108.7679134,9.4873541,107.1397972,0.08791297,
176.0976098,108.7694629,9.484601969,107.1382962,0.087887622,
176.1176118,108.7710084,9.481850814,107.1367979,0.087862281,
176.1376138,108.7725499,9.479100647,107.1353025,0.087836948,
176.1576158,108.7740873,9.476351482,107.1338099,0.087811623,
176.1776178,108.7756207,9.473603332,107.1323203,0.087786307,
176.1976198,108.77715,9.470856208,107.1308336,0.087760998,
176.2176218,108.7786751,9.468110124,107.12935,0.087735698,
176.2376238,108.780196,9.465365093,107.1278694,0.087710407,
176.2576258,108.7817126,9.462621126,107.126392,0.087685124,
176.2776278,108.783225,9.459878238,107.1249177,0.087659849,
176.2976298,108.784733,9.45713644,107.1234466,0.087634583,
176.3176318,108.7862367,9.454395746,107.1219788,0.087609326,
176.3376338,108.787736,9.451656168,107.1205143,0.087584078,
176.3576358,108.7892308,9.448917718,107.1190532,0.087558839,
176.3776378,108.7907212,9.44618041,107.1175955,0.087533609,
176.3976398,108.792207,9.443444256,107.1161413,0.087508388,
176.4176418,108.7936883,9.440709269,107.1146907,0.087483176,
176.4376438,108.7951649,9.437975462,107.1132435,0.087457974,
176.4576458,108.7966369,9.435242847,107.1118001,0.087432781,
176.4776478,108.7981042,9.432511437,107.1103603,0.087407598,
176.4976498,108.7995668,9.429781245,107.1089242,0.087382424,
176.5176518,108.8010246,9.427052283,107.1074919,0.08735726,
176.5376538,108.8024776,9.424324565,107.1060634,0.087332106,
176.5576558,108.8039257,9.421598103,107.1046388,0.087306962,
176.5776578,108.805369,9.418872909,107.1032181,0.087281828,
176.5976598,108.8068073,9.416148997,107.1018014,0.087256703,
176.6176618,108.8082406,9.413426379,107.1003887,0.087231589,
176.6376638,108.8096689,9.410705067,107.0989801,0.087206486,
176.6576658,108.8110922,9.407985076,107.0975757,0.087181392,
176.6776678,108.8125104,9.405266416,107.0961754,0.087156309,
176.6976698,108.8139234,9.402549102,107.0947793,0.087131237,
176.7176718,108.8153312,9.399833145,107.0933876,0.087106175,
176.7376738,108.8167339,9.397118558,107.0920001,0.087081124,
176.7576758,108.8181312,9.394405355,107.090617,0.087056084,
176.7776778,108.8195233,9.391693548,107.0892384,0.087031055,
176.7976798,108.82091,9.388983149,107.0878643,0.087006037,
176.8176818,108.8222914,9.386274172,107.0864946,0.08698103,
176.8376838,108.8236673,9.383566628,107.0851296,0.086956034,
176.8576858,108.8250377,9.380860531,107.0837692,0.086931049,
176.8776878,108.8264027,9.378155894,107.0824135,0.086906076,
176.8976898,108.8277621,9.375452729,107.0810625,0.086881114,
176.9176918,108.8291159,9.372751049,107.0797163,0.086856164,
176.9376938,108.8304641,9.370050866,107.0783749,0.086831225,
176.9576958,108.8318066,9.367352194,107.0770385,0.086806298,
176.9776978,108.8331434,9.364655045,107.0757069,0.086781383,
176.9976998,108.8344745,9.361959431,107.0743803,0.08675648,
177.0177018,108.8357998,9.359265367,107.0730588,0.086731589,
177.0377038,108.8371192,9.356572863,107.0717424,0.08670671,
177.0577058,108.8384328,9.353881933,107.0704311,0.086681844,
177.0777078,108.8397404,9.35119259,107.069125,0.086656989,
177.0977098,108.8410421,9.348504846,107.0678241,0.086632147,
177.1177118,108.8423378,9.345818715,107.0665285,0.086607318,
177.1377138,108.8436275,9.343134208,107.0652383,0.086582501,
177.1577158,108.8449111,9.340451338,107.0639534,0.086557697,
177.1777178,108.8461886,9.337770119,107.062674,0.086532905,
177.1977198,108.8474599,9.335090563,107.0614001,0.086508127,
177.2177218,108.8487251,9.332412683,107.0601317,0.086483361,
177.2377238,108.8499839,9.329736491,107.0588689,0.086458608,
177.2577258,108.8512366,9.327062,107.0576117,0.086433869,
177.2777278,108.8524828,9.324389222,107.0563603,0.086409142,
177.2977298,108.8537228,9.321718172,107.0551146,0.086384429,
177.3177318,108.8549563,9.319048861,107.0538746,0.08635973,
177.3377338,108.8561834,9.316381301,107.0526406,0.086335044,
177.3577358,108.857404,9.313715507,107.0514124,0.086310371,
177.3777378,108.8586181,9.31105149,107.0501901,0.086285713,
177.3977398,108.8598256,9.308389263,107.0489739,0.086261068,
177.4177418,108.8610265,9.305728839,107.0477637,0.086236437,
177.4377438,108.8622208,9.30307023,107.0465596,0.086211819,
177.4577458,108.8634083,9.30041345,107.0453616,0.086187216,
177.4777478,108.8645892,9.297758511,107.0441698,0.086162627,
177.4977498,108.8657633,9.295105425,107.0429843,0.086138053,
177.5177518,108.8669305,9.292454206,107.0418051,0.086113492,
177.5377538,108.868091,9.289804866,107.0406322,0.086088946,
177.5577558,108.8692445,9.287157418,107.0394658,0.086064415,
177.5777578,108.8703911,9.284511875,107.0383057,0.086039898,
177.5977598,108.8715307,9.281868249,107.0371522,0.086015396,
177.6177618,108.8726633,9.279226553,107.0360052,0.085990909,
177.6377638,108.8737889,9.2765868,107.0348648,0.085966436,
177.6577658,108.8749074,9.273949003,107.0337311,0.085941979,
177.6777678,108.8760187,9.271313173,107.0326041,0.085917536,
177.6977698,108.8771228,9.268679325,107.0314838,0.085893109,
177.7177718,108.8782198,9.26604747,107.0303703,0.085868697,
177.7377738,108.8793095,9.263417621,107.0292637,0.085844301,
177.7577758,108.8803918,9.260789792,107.028164,0.085819919,
177.7777778,108.8814669,9.258163994,107.0270712,0.085795554,
177.7977798,108.8825346,9.255540241,107.0259854,0.085771204,
177.8177818,108.8835948,9.252918546,107.0249067,0.085746869,
177.8377838,108.8846476,9.25029892,107.0238351,0.085722551,
177.8577858,108.8856929,9.247681377,107.0227707,0.085698248,
177.8777878,108.8867306,9.245065929,107.0217134,0.085673962,
177.8977898,108.8877608,9.242452589,107.0206634,0.085649691,
177.9177918,108.8887833,9.239841371,107.0196207,0.085625437,
177.9377938,108.8897982,9.237232285,107.0185854,0.085601199,
177.9577958,108.8908053,9.234625346,107.0175575,0.085576977,
177.9777978,108.8918047,9.232020566,107.016537,0.085552772,
177.9977998,108.8927964,9.229417958,107.0155241,0.085528583,
178.0178018,108.8937802,9.226817534,107.0145187,0.085504411,
178.0378038,108.8947561,9.224219308,107.0135209,0.085480256,
178.0578058,108.8957241,9.221623291,107.0125307,0.085456117,
178.0778078,108.8966842,9.219029497,107.0115483,0.085431996,
178.0978098,108.8976363,9.216437938,107.0105736,0.085407891,
178.1178118,108.8985803,9.213848627,107.0096068,0.085383804,
178.1378138,108.8995163,9.211261577,107.0086478,0.085359734,
178.1578158,108.9004442,9.208676801,107.0076967,0.085335681,
178.1778178,108.9013639,9.20609431,107.0067536,0.085311645,
178.1978198,108.9022754,9.203514119,107.0058185,0.085287627,
178.2178218,108.9031787,9.200936239,107.0048914,0.085263626,
178.2378238,108.9040737,9.198360683,107.0039725,0.085239643,
178.2578258,108.9049604,9.195787465,107.0030617,0.085215678,
178.2778278,108.9058387,9.193216596,107.0021591,0.085191731,
178.2978298,108.9067086,9.19064809,107.0012648,0.085167802,
178.3178318,108.9075701,9.188081959,107.0003789,0.08514389,
178.3378338,108.9084232,9.185518216,106.9995012,0.085119997,
178.3578358,108.9092676,9.182956873,106.998632,0.085096122,
178.3778378,108.9101036,9.180397944,106.9977713,0.085072265,
178.3978398,108.9109309,9.177841441,106.9969191,0.085048427,
178.4178418,108.9117496,9.175287377,106.9960754,0.085024607,
178.4378438,108.9125596,9.172735765,106.9952404,0.085000806,
178.4578458,108.9133609,9.170186616,106.994414,0.084977023,
178.4778478,108.9141534,9.167639945,106.9935964,0.084953259,
178.4978498,108.9149371,9.165095763,106.9927875,0.084929515,
178.5178518,108.915712,9.162554084,106.9919874,0.084905788,
178.5378538,108.9164779,9.16001492,106.9911962,0.084882082,
178.5578558,108.917235,9.157478283,106.9904139,0.084858394,
178.5778578,108.9179831,9.154944188,106.9896406,0.084834725,
178.5978598,108.9187221,9.152412645,106.9888763,0.084811076,
178.6178618,108.9194522,9.149883669,106.9881211,0.084787446,
178.6378638,108.9201731,9.147357271,106.987375,0.084763835,
178.6578658,108.9208849,9.144833465,106.9866381,0.084740245,
178.6778678,108.9215875,9.142312263,106.9859104,0.084716674,
178.6978698,108.9222809,9.139793677,106.985192,0.084693122,
178.7178718,108.9229651,9.137277722,106.9844829,0.084669591,
178.7378738,108.9236399,9.134764408,106.9837831,0.084646079,
178.7578758,108.9243054,9.13225375,106.9830928,0.084622588,
178.7778778,108.9249616,9.129745759,106.982412,0.084599117,
178.7978798,108.9256083,9.127240449,106.9817407,0.084575666,
178.8178818,108.9262456,9.124737832,106.9810789,0.084552235,
178.8378838,108.9268734,9.122237921,106.9804268,0.084528825,
178.8578858,108.9274916,9.119740729,106.9797844,0.084505435,
178.8778878,108.9281003,9.117246268,106.9791517,0.084482066,
178.8978898,108.9286993,9.114754551,106.9785288,0.084458717,
178.9178918,108.9292887,9.112265591,106.9779157,0.084435389,
178.9378938,108.9298684,9.1097794,106.9773124,0.084412083,
178.9578958,108.9304383,9.107295992,106.9767191,0.084388797,
178.9778978,108.9309984,9.104815378,106.9761358,0.084365532,
178.9978998,108.9315487,9.102337572,106.9755625,0.084342289,
179.0179018,108.9320892,9.099862587,106.9749993,0.084319066,
179.0379038,108.9326197,9.097390434,106.9744462,0.084295865,
179.0579058,108.9331403,9.094921128,106.9739033,0.084272686,
179.0779078,108.933651,9.09245468,106.9733706,0.084249528,
179.0979098,108.9341515,9.089991103,106.9728483,0.084226391,
179.1179118,108.9346421,9.08753041,106.9723362,0.084203277,
179.1379138,108.9351225,9.085072614,106.9718345,0.084180184,
179.1579158,108.9355927,9.082617727,106.9713433,0.084157113,
179.1779178,108.9360528,9.080165763,106.9708625,0.084134064,
179.1979198,108.9365026,9.077716733,106.9703923,0.084111037,
179.2179218,108.9369422,9.075270651,106.9699326,0.084088033,
179.2379238,108.9373714,9.072827529,106.9694836,0.08406505,
179.2579258,108.9377903,9.07038738,106.9690453,0.08404209,
179.2779278,108.9381988,9.067950217,106.9686177,0.084019153,
179.2979298,108.9385969,9.065516052,106.9682009,0.083996238,
179.3179318,108.9389845,9.063084899,106.9677949,0.083973345,
179.3379338,108.9393615,9.060656769,106.9673998,0.083950476,
179.3579358,108.939728,9.058231676,106.9670157,0.083927629,
179.3779378,108.940084,9.055809632,106.9666425,0.083904805,
179.3979398,108.9404292,9.053390651,106.9662804,0.083882004,
179.4179418,108.9407638,9.050974744,106.9659294,0.083859226,
179.4379438,108.9410877,9.048561924,106.9655895,0.083836471,
179.4579458,108.9414008,9.046152205,106.9652608,0.08381374,
179.4779478,108.9417031,9.043745599,106.9649433,0.083791032,
179.4979498,108.9419946,9.041342118,106.9646371,0.083768348,
179.5179518,108.9422751,9.038941775,106.9643423,0.083745687,
179.5379538,108.9425448,9.036544584,106.9640588,0.08372305,
179.5579558,108.9428035,9.034150557,106.9637868,0.083700436,
179.5779578,108.9430512,9.031759706,106.9635263,0.083677846,
179.5979598,108.9432878,9.029372044,106.9632773,0.083655281,
179.6179618,108.9435133,9.026987584,106.9630399,0.083632739,
179.6379638,108.9437278,9.024606339,106.9628142,0.083610221,
179.6579658,108.943931,9.022228321,106.9626001,0.083587728,
179.6779678,108.944123,9.019853543,106.9623978,0.083565259,
179.6979698,108.9443038,9.017482018,106.9622073,0.083542814,
179.7179718,108.9444733,9.015113759,106.9620287,0.083520394,
179.7379738,108.9446315,9.012748778,106.9618619,0.083497998,
179.7579758,108.9447783,9.010387088,106.9617071,0.083475628,
179.7779778,108.9449137,9.008028701,106.9615642,0.083453281,
179.7979798,108.9450376,9.005673631,106.9614334,0.08343096,
179.8179818,108.94515,9.00332189,106.9613148,0.083408664,
179.8379838,108.9452509,9.000973491,106.9612082,0.083386392,
179.8579858,108.9453402,8.998628447,106.9611139,0.083364146,
179.8779878,108.9454179,8.99628677,106.9610318,0.083341925,
179.8979898,108.9454839,8.993948473,106.960962,0.083319729,
179.9179918,108.9455383,8.991613568,106.9609045,0.083297559,
179.9379938,108.9455809,8.989282069,106.9608595,0.083275415,
179.9579958,108.9456117,8.986953988,106.9608269,0.083253295,
179.9779978,108.9456307,8.984629338,106.9608068,0.083231202,
179.9979998,108.9456378,8.982308132,106.9607992,0.083209134,
180.0180018,108.9456326,8.979989093,106.9608191,0.083187079,
180.0380038,108.9456142,8.977670349,106.9608879,0.083165018,
180.0580058,108.9455827,8.97535189,106.9610057,0.083142951,
180.0780078,108.9455381,8.97303372,106.9611722,0.083120878,
180.0980098,108.9454806,8.970715844,106.9613873,0.083098798,
180.1180118,108.94541,8.968398266,106.9616507,0.083076713,
180.1380138,108.9453266,8.966080991,106.9619622,0.083054622,
180.1580158,108.9452302,8.963764024,106.9623217,0.083032525,
180.1780178,108.945121,8.961447369,106.962729,0.083010423,
180.1980198,108.944999,8.95913103,106.9631838,0.082988315,
180.2180218,108.9448642,8.956815013,106.963686,0.082966201,
180.2380238,108.9447167,8.954499321,106.9642353,0.082944082,
180.2580258,108.9445564,8.95218396,106.9648316,0.082921958,
180.2780278,108.9443836,8.949868934,106.9654747,0.082899828,
180.2980298,108.9441981,8.947554247,106.9661643,0.082877694,
180.3180318,108.9440001,8.945239904,106.9669003,0.082855554,
180.3380338,108.9437895,8.94292591,106.9676825,0.082833409,
180.3580358,108.9435664,8.94061227,106.9685107,0.08281126,
180.3780378,108.9433309,8.938298987,106.9693846,0.082789105,
180.3980398,108.943083,8.935986066,106.9703042,0.082766946,
180.4180418,108.9428227,8.933673513,106.9712691,0.082744783,
180.4380438,108.9425501,8.931361331,106.9722792,0.082722615,
180.4580458,108.9422653,8.929049525,106.9733343,0.082700442,
180.4780478,108.9419681,8.9267381,106.9744342,0.082678265,
180.4980498,108.9416588,8.92442706,106.9755787,0.082656084,
180.5180518,108.9413373,8.92211641,106.9767676,0.082633899,
180.5380538,108.9410036,8.919806154,106.9780007,0.08261171,
180.5580558,108.9406579,8.917496298,106.9792778,0.082589517,
180.5780578,108.9403002,8.915186845,106.9805987,0.08256732,
180.5980598,108.9399304,8.9128778,106.9819632,0.082545119,
180.6180618,108.9395487,8.910569168,106.9833711,0.082522914,
180.6380638,108.9391551,8.908260953,106.9848223,0.082500706,
180.6580658,108.9387495,8.90595316,106.9863165,0.082478494,
180.6780678,108.9383322,8.903645793,106.9878535,0.082456279,
180.6980698,108.937903,8.901338858,106.9894331,0.08243406,
180.7180718,108.9374621,8.899032358,106.9910551,0.082411838,
180.7380738,108.9370094,8.896726298,106.9927194,0.082389613,
180.7580758,108.9365451,8.894420684,106.9944257,0.082367385,
180.7780778,108.9360692,8.892115518,106.9961739,0.082345154,
180.7980798,108.9355816,8.889810806,106.9979637,0.08232292,
180.8180818,108.9350825,8.887506553,106.9997949,0.082300684,
180.8380838,108.9345719,8.885202763,107.0016674,0.082278444,
180.8580858,108.9340497,8.882899441,107.0035809,0.082256202,
180.8780878,108.9335162,8.880596591,107.0055353,0.082233957,
180.8980898,108.9329713,8.878294217,107.0075303,0.08221171,
180.9180918,108.932415,8.875992325,107.0095658,0.082189461,
180.9380938,108.9318473,8.873690919,107.0116415,0.082167209,
180.9580958,108.9312685,8.871390003,107.0137573,0.082144955,
180.9780978,108.9306783,8.869089583,107.0159129,0.082122699,
180.9980998,108.930077,8.866789662,107.0181083,0.082100441,
181.0181018,108.9294645,8.864490246,107.0203431,0.082078181,
181.0381038,108.928841,8.862191338,107.0226171,0.082055919,
181.0581058,108.9282063,8.859892944,107.0249303,0.082033655,
181.0781078,108.9275606,8.857595067,107.0272823,0.08201139,
181.0981098,108.9269039,8.855297713,107.029673,0.081989123,
181.1181118,108.9262363,8.853000887,107.0321021,0.081966855,
181.1381138,108.9255578,8.850704592,107.0345696,0.081944585,
181.1581158,108.9248684,8.848408833,107.0370752,0.081922314,
181.1781178,108.9241681,8.846113615,107.0396186,0.081900042,
181.1981198,108.9234571,8.843818943,107.0421997,0.081877769,
181.2181218,108.9227353,8.84152482,107.0448184,0.081855494,
181.2381238,108.9220028,8.839231252,107.0474743,0.081833219,
181.2581258,108.9212597,8.836938244,107.0501673,0.081810943,
181.2781278,108.9205059,8.834645799,107.0528973,0.081788666,
181.2981298,108.9197415,8.832353922,107.0556639,0.081766388,
181.3181318,108.9189666,8.830062618,107.0584671,0.08174411,
181.3381338,108.9181812,8.827771892,107.0613065,0.081721831,
181.3581358,108.9173853,8.825481748,107.0641821,0.081699552,
181.3781378,108.916579,8.82319219,107.0670936,0.081677273,
181.3981398,108.9157622,8.820903223,107.0700408,0.081654993,
181.4181418,108.9149352,8.818614853,107.0730236,0.081632714,
181.4381438,108.9140979,8.816327082,107.0760416,0.081610434,
181.4581458,108.9132502,8.814039917,107.0790948,0.081588154,
181.4781478,108.9123924,8.811753361,107.0821829,0.081565874,
181.4981498,108.9115244,8.809467419,107.0853058,0.081543595,
181.5181518,108.9106462,8.807182096,107.0884632,0.081521316,
181.5381538,108.909758,8.804897396,107.0916549,0.081499037,
181.5581558,108.9088596,8.802613323,107.0948808,0.081476759,
181.5781578,108.9079513,8.800329883,107.0981406,0.081454481,
181.5981598,108.907033,8.79804708,107.1014342,0.081432204,
181.6181618,108.9061047,8.795764919,107.1047613,0.081409928,
181.6381638,108.9051665,8.793483404,107.1081218,0.081387652,
181.6581658,108.9042185,8.791202539,107.1115155,0.081365378,
181.6781678,108.9032607,8.788922329,107.114942,0.081343104,
181.6981698,108.902293,8.78664278,107.1184014,0.081320832,
181.7181718,108.9013157,8.784363895,107.1218933,0.081298561,
181.7381738,108.9003286,8.782085678,107.1254176,0.081276291,
181.7581758,108.8993319,8.779808136,107.1289741,0.081254022,
181.7781778,108.8983256,8.777531271,107.1325625,0.081231755,
181.7981798,108.8973096,8.775255089,107.1361827,0.08120949,
181.8181818,108.8962842,8.772979595,107.1398345,0.081187226,
181.8381838,108.8952493,8.770704792,107.1435176,0.081164964,
181.8581858,108.8942049,8.768430685,107.147232,0.081142704,
181.8781878,108.8931511,8.76615728,107.1509773,0.081120445,
181.8981898,108.8920879,8.76388458,107.1547534,0.081098189,
181.9181918,108.8910153,8.761612591,107.1585601,0.081075934,
181.9381938,108.8899335,8.759341316,107.1623972,0.081053682,
181.9581958,108.8888425,8.75707076,107.1662646,0.081031432,
181.9781978,108.8877422,8.754800929,107.1701619,0.081009185,
181.9981998,108.8866327,8.752531825,107.174089,0.08098694,
182.0182018,108.8855142,8.750263455,107.1780457,0.080964697,
182.0382038,108.8843865,8.747995823,107.1820318,0.080942457,
182.0582058,108.8832498,8.745728932,107.1860471,0.08092022,
182.0782078,108.882104,8.743462789,107.1900915,0.080897986,
182.0982098,108.8809493,8.741197396,107.1941646,0.080875754,
182.1182118,108.8797857,8.73893276,107.1982664,0.080853525,
182.1382138,108.8786132,8.736668884,107.2023966,0.0808313,
182.1582158,108.8774318,8.734405773,107.206555,0.080809078,
182.1782178,108.8762417,8.732143432,107.2107415,0.080786859,
182.1982198,108.8750427,8.729881865,107.2149558,0.080764643,
182.2182218,108.873835,8.727621077,107.2191977,0.08074243,
182.2382238,108.8726187,8.725361072,107.223467,0.080720222,
182.2582258,108.8713937,8.723101855,107.2277636,0.080698016,
182.2782278,108.8701601,8.720843431,107.2320872,0.080675815,
182.2982298,108.8689179,8.718585803,107.2364377,0.080653617,
182.3182318,108.8676672,8.716328978,107.2408148,0.080631423,
182.3382338,108.866408,8.714072958,107.2452184,0.080609233,
182.3582358,108.8651404,8.71181775,107.2496482,0.080587047,
182.3782378,108.8638644,8.709563357,107.2541041,0.080564866,
182.3982398,108.86258,8.707309784,107.2585858,0.080542688,
182.4182418,108.8612872,8.705057035,107.2630932,0.080520515,
182.4382438,108.8599862,8.702805115,107.267626,0.080498346,
182.4582458,108.858677,8.70055403,107.2721842,0.080476182,
182.4782478,108.8573596,8.698303782,107.2767673,0.080454022,
182.4982498,108.856034,8.696054377,107.2813754,0.080431867,
182.5182518,108.8547002,8.69380582,107.2860081,0.080409717,
182.5382538,108.8533584,8.691558115,107.2906653,0.080387571,
182.5582558,108.8520086,8.689311266,107.2953468,0.080365431,
182.5782578,108.8506508,8.687065279,107.3000524,0.080343295,
182.5982598,108.849285,8.684820157,107.3047818,0.080321165,
182.6182618,108.8479112,8.682575905,107.309535,0.08029904,
182.6382638,108.8465296,8.680332529,107.3143116,0.08027692,
182.6582658,108.8451402,8.678090031,107.3191115,0.080254805,
182.6782678,108.843743,8.675848418,107.3239345,0.080232696,
182.6982698,108.842338,8.673607694,107.3287804,0.080210593,
182.7182718,108.8409253,8.671367862,107.3336491,0.080188495,
182.7382738,108.8395049,8.669128929,107.3385402,0.080166403,
182.7582758,108.8380769,8.666890897,107.3434536,0.080144317,
182.7782778,108.8366413,8.664653773,107.3483891,0.080122237,
182.7982798,108.8351981,8.66241756,107.3533466,0.080100162,
182.8182818,108.8337474,8.660182263,107.3583257,0.080078094,
182.8382838,108.8322893,8.657947887,107.3633264,0.080056032,
182.8582858,108.8308237,8.655714436,107.3683484,0.080033976,
182.8782878,108.8293507,8.653481915,107.3733915,0.080011927,
182.8982898,108.8278704,8.651250328,107.3784556,0.079989884,
182.9182918,108.8263828,8.64901968,107.3835403,0.079967848,
182.9382938,108.8248878,8.646789976,107.3886456,0.079945818,
182.9582958,108.8233857,8.64456122,107.3937713,0.079923795,
182.9782978,108.8218764,8.642333416,107.3989171,0.079901779,
182.9982998,108.8203599,8.64010657,107.4040828,0.079879769,
183.0183018,108.8188363,8.637880685,107.4092682,0.079857767,
183.0383038,108.8173056,8.635655767,107.4144732,0.079835772,
183.0583058,108.8157679,8.63343182,107.4196976,0.079813784,
183.0783078,108.8142233,8.631208848,107.4249411,0.079791803,
183.0983098,108.8126716,8.628986857,107.4302035,0.079769829,
183.1183118,108.8111131,8.62676585,107.4354847,0.079747863,
183.1383138,108.8095477,8.624545832,107.4407845,0.079725905,
183.1583158,108.8079755,8.622326809,107.4461026,0.079703954,
183.1783178,108.8063965,8.620108783,107.4514389,0.079682011,
183.1983198,108.8048107,8.617891761,107.4567931,0.079660075,
183.2183218,108.8032182,8.615675746,107.4621652,0.079638148,
183.2383238,108.8016191,8.613460744,107.4675548,0.079616228,
183.2583258,108.8000134,8.611246758,107.4729617,0.079594316,
183.2783278,108.798401,8.609033794,107.4783859,0.079572413,
183.2983298,108.7967822,8.606821855,107.483827,0.079550518,
183.3183318,108.7951568,8.604610947,107.4892849,0.079528631,
183.3383338,108.7935249,8.602401074,107.4947594,0.079506753,
183.3583358,108.7918867,8.60019224,107.5002503,0.079484883,
183.3783378,108.790242,8.597984451,107.5057574,0.079463021,
183.3983398,108.788591,8.59577771,107.5112804,0.079441169,
183.4183418,108.7869337,8.593572023,107.5168193,0.079419325,
183.4383438,108.7852702,8.591367393,107.5223737,0.07939749,
183.4583458,108.7836004,8.589163827,107.5279436,0.079375664,
183.4783478,108.7819245,8.586961327,107.5335287,0.079353847,
183.4983498,108.7802424,8.584759898,107.5391287,0.079332039,
183.5183518,108.7785542,8.582559546,107.5447436,0.07931024,
183.5383538,108.7768599,8.580360275,107.5503731,0.079288451,
183.5583558,108.7751597,8.578162089,107.556017,0.079266671,
183.5783578,108.7734534,8.575964994,107.5616752,0.0792449,
183.5983598,108.7717413,8.573768992,107.5673473,0.079223139,
183.6183618,108.7700232,8.57157409,107.5730333,0.079201388,
183.6383638,108.7682993,8.569380291,107.5787329,0.079179646,
183.6583658,108.7665695,8.567187601,107.5844459,0.079157915,
183.6783678,108.764834,8.564996023,107.5901722,0.079136193,
183.6983698,108.7630927,8.562805563,107.5959115,0.079114481,
183.7183718,108.7613458,8.560616225,107.6016636,0.07909278,
183.7383738,108.7595932,8.558428013,107.6074284,0.079071088,
183.7583758,108.757835,8.556240933,107.6132056,0.079049407,
183.7783778,108.7560712,8.554054988,107.6189951,0.079027736,
183.7983798,108.7543019,8.551870183,107.6247966,0.079006076,
183.8183818,108.7525271,8.549686523,107.63061,0.078984426,
183.8383838,108.7507468,8.547504013,107.636435,0.078962787,
183.8583858,108.7489611,8.545322657,107.6422715,0.078941158,
183.8783878,108.7471701,8.543142459,107.6481192,0.078919541,
183.8983898,108.7453737,8.540963424,107.653978,0.078897934,
183.9183918,108.743572,8.538785558,107.6598477,0.078876339,
183.9383938,108.7417651,8.536608863,107.665728,0.078854754,
183.9583958,108.739953,8.534433345,107.6716188,0.07883318,
183.9783978,108.7381357,8.532259009,107.6775198,0.078811618,
183.9983998,108.7363133,8.530085859,107.683431,0.078790068,
184.0184018,108.7344858,8.527913899,107.689352,0.078768528,
184.0384038,108.7326532,8.525743135,107.6952827,0.078747,
184.0584058,108.7308157,8.52357357,107.7012229,0.078725484,
184.0784078,108.7289731,8.52140521,107.7071724,0.07870398,
184.0984098,108.7271257,8.519238058,107.7131309,0.078682487,
184.1184118,108.7252733,8.51707212,107.7190984,0.078661006,
184.1384138,108.7234162,8.5149074,107.7250746,0.078639537,
184.1584158,108.7215542,8.512743903,107.7310592,0.078618081,
184.1784178,108.7196874,8.510581633,107.7370521,0.078596636,
184.1984198,108.7178159,8.508420595,107.7430532,0.078575204,
184.2184218,108.7159398,8.506260793,107.7490622,0.078553784,
184.2384238,108.714059,8.504102232,107.7550788,0.078532376,
184.2584258,108.7121736,8.501944916,107.761103,0.078510981,
184.2784278,108.7102836,8.499788851,107.7671345,0.078489598,
184.2984298,108.7083891,8.49763404,107.7731731,0.078468228,
184.3184318,108.7064902,8.495480489,107.7792186,0.078446871,
184.3384338,108.7045868,8.493328201,107.7852709,0.078425527,
184.3584358,108.7026789,8.491177182,107.7913296,0.078404196,
184.3784378,108.7007668,8.489027435,107.7973947,0.078382878,
184.3984398,108.6988503,8.486878967,107.803466,0.078361573,
184.4184418,108.6969295,8.48473178,107.8095431,0.078340281,
184.4384438,108.6950045,8.48258588,107.815626,0.078319003,
184.4584458,108.6930753,8.480441271,107.8217145,0.078297738,
184.4784478,108.691142,8.478297959,107.8278082,0.078276486,
184.4984498,108.6892045,8.476155946,107.8339072,0.078255248,
184.5184518,108.6872629,8.474015239,107.840011,0.078234024,
184.5384538,108.6853173,8.471875841,107.8461196,0.078212813,
184.5584558,108.6833677,8.469737757,107.8522328,0.078191616,
184.5784578,108.6814142,8.467600992,107.8583503,0.078170434,
184.5984598,108.6794567,8.46546555,107.864472,0.078149265,
184.6184618,108.6774954,8.463331437,107.8705977,0.07812811,
184.6384638,108.6755303,8.461198655,107.8767271,0.07810697,
184.6584658,108.6735613,8.459067211,107.88286,0.078085844,
184.6784678,108.6715886,8.456937108,107.8889964,0.078064732,
184.6984698,108.6696122,8.454808352,107.8951359,0.078043634,
184.7184718,108.6676321,8.452680946,107.9012784,0.078022552,
184.7384738,108.6656483,8.450554895,107.9074236,0.078001484,
184.7584758,108.663661,8.448430205,107.9135715,0.07798043,
184.7784778,108.6616702,8.446306879,107.9197217,0.077959392,
184.7984798,108.6596758,8.444184922,107.9258741,0.077938368,
184.8184818,108.6576779,8.442064338,107.9320285,0.07791736,
184.8384838,108.6556766,8.439945133,107.9381847,0.077896366,
184.8584858,108.653672,8.437827311,107.9443424,0.077875388,
184.8784878,108.651664,8.435710876,107.9505016,0.077854425,
184.8984898,108.6496526,8.433595832,107.956662,0.077833477,
184.9184918,108.647638,8.431482186,107.9628234,0.077812545,
184.9384938,108.6456202,8.42936994,107.9689855,0.077791628,
184.9584958,108.6435992,8.4272591,107.9751483,0.077770727,
184.9784978,108.6415751,8.425149671,107.9813115,0.077749842,
184.9984998,108.6395478,8.423041656,107.9874749,0.077728972,
185.0185019,108.6375175,8.420935061,107.9936383,0.077708119,
185.0385039,108.6354841,8.418829889,107.9998016,0.077687281,
185.0585059,108.6334478,8.416726146,108.0059644,0.077666459,
185.0785079,108.6314085,8.414623836,108.0121267,0.077645654,
185.0985099,108.6293663,8.412522964,108.0182882,0.077624865,
185.1185119,108.6273213,8.410423534,108.0244487,0.077604092,
185.1385139,108.6252734,8.408325551,108.0306081,0.077583336,
185.1585159,108.6232228,8.40622902,108.0367661,0.077562596,
185.1785179,108.6211694,8.404133944,108.0429225,0.077541873,
185.1985199,108.6191133,8.402040329,108.0490772,0.077521166,
185.2185219,108.6170545,8.399948179,108.0552299,0.077500476,
185.2385239,108.6149931,8.397857499,108.0613805,0.077479804,
185.2585259,108.6129292,8.395768293,108.0675287,0.077459148,
185.2785279,108.6108627,8.393680566,108.0736744,0.077438509,
185.2985299,108.6087937,8.391594323,108.0798173,0.077417887,
185.3185319,108.6067222,8.389509567,108.0859572,0.077397283,
185.3385339,108.6046483,8.387426304,108.0920941,0.077376696,
185.3585359,108.6025721,8.385344539,108.0982275,0.077356126,
185.3785379,108.6004935,8.383264275,108.1043575,0.077335574,
185.3985399,108.5984126,8.381185517,108.1104837,0.077315039,
185.4185419,108.5963295,8.37910827,108.116606,0.077294522,
185.4385439,108.5942441,8.377032539,108.1227242,0.077274023,
185.4585459,108.5921566,8.374958328,108.128838,0.077253542,
185.4785479,108.5900669,8.372885641,108.1349473,0.077233078,
185.4985499,108.5879751,8.370814484,108.1410519,0.077212633,
185.5185519,108.5858813,8.36874486,108.1471516,0.077192206,
185.5385539,108.5837855,8.366676775,108.1532461,0.077171797,
185.5585559,108.5816876,8.364610233,108.1593354,0.077151406,
185.5785579,108.5795879,8.362545238,108.1654191,0.077131034,
185.5985599,108.5774863,8.360481795,108.1714972,0.07711068,
185.6185619,108.5753828,8.358419909,108.1775693,0.077090344,
185.6385639,108.5732775,8.356359584,108.1836353,0.077070028,
185.6585659,108.5711704,8.354300825,108.1896951,0.07704973,
185.6785679,108.5690616,8.352243637,108.1957483,0.077029451,
185.6985699,108.5669511,8.350188023,108.2017948,0.077009191,
185.7185719,108.564839,8.348133989,108.2078345,0.07698895,
185.7385739,108.5627252,8.346081539,108.2138671,0.076968728,
185.7585759,108.5606099,8.344030678,108.2198924,0.076948525,
185.7785779,108.558493,8.341981409,108.2259102,0.076928342,
185.7985799,108.5563747,8.339933739,108.2319203,0.076908178,
185.8185819,108.5542549,8.337887671,108.2379225,0.076888033,
185.8385839,108.5521337,8.335843211,108.2439167,0.076867908,
185.8585859,108.5500111,8.333800361,108.2499026,0.076847802,
185.8785879,108.5478872,8.331759128,108.2558801,0.076827717,
185.8985899,108.5457621,8.329719516,108.2618488,0.076807651,
185.9185919,108.5436356,8.327681529,108.2678087,0.076787605,
185.9385939,108.541508,8.325645172,108.2737596,0.076767579,
185.9585959,108.5393792,8.323610449,108.2797012,0.076747573,
185.9785979,108.5372493,8.321577365,108.2856333,0.076727587,
185.9985999,108.5351183,8.319545925,108.2915558,0.076707622,
186.0186019,108.5329862,8.317516133,108.2974684,0.076687677,
186.0386039,108.5308532,8.315487994,108.303371,0.076667752,
186.0586059,108.5287192,8.313461512,108.3092634,0.076647848,
186.0786079,108.5265842,8.311436692,108.3151453,0.076627964,
186.0986099,108.5244484,8.309413539,108.3210166,0.076608101,
186.1186119,108.5223118,8.307392056,108.326877,0.076588259,
186.1386139,108.5201743,8.305372249,108.3327264,0.076568438,
186.1586159,108.5180361,8.303354123,108.3385646,0.076548638,
186.1786179,108.5158972,8.301337681,108.3443913,0.076528859,
186.1986199,108.5137575,8.299322928,108.3502065,0.076509101,
186.2186219,108.5116173,8.29730987,108.3560098,0.076489364,
186.2386239,108.5094764,8.29529851,108.361801,0.076469649,
186.2586259,108.507335,8.293288853,108.3675801,0.076449955,
186.2786279,108.5051931,8.291280903,108.3733468,0.076430283,
186.2986299,108.5030507,8.289274666,108.3791008,0.076410632,
186.3186319,108.5009078,8.287270146,108.3848421,0.076391003,
186.3386339,108.4987646,8.285267347,108.3905703,0.076371395,
186.3586359,108.496621,8.283266274,108.3962853,0.07635181,
186.3786379,108.494477,8.281266932,108.4019869,0.076332246,
186.3986399,108.4923328,8.279269325,108.407675,0.076312705,
186.4186419,108.4901884,8.277273457,108.4133492,0.076293185,
186.4386439,108.4880438,8.275279334,108.4190095,0.076273688,
186.4586459,108.485899,8.273286959,108.4246555,0.076254214,
186.4786479,108.4837541,8.271296338,108.4302872,0.076234761,
186.4986499,108.4816092,8.269307475,108.4359043,0.076215331,
186.5186519,108.4794642,8.267320375,108.4415066,0.076195924,
186.5386539,108.4773192,8.265335041,108.4470939,0.076176539,
186.5586559,108.4751742,8.26335148,108.4526661,0.076157177,
186.5786579,108.4730294,8.261369694,108.4582229,0.076137838,
186.5986599,108.4708847,8.25938969,108.4637641,0.076118522,
186.6186619,108.4687401,8.257411471,108.4692895,0.076099229,
186.6386639,108.4665958,8.255435042,108.474799,0.076079959,
186.6586659,108.4644517,8.253460407,108.4802923,0.076060712,
186.6786679,108.4623079,8.251487572,108.4857693,0.076041489,
186.6986699,108.4601644,8.249516541,108.4912297,0.076022289,
186.7186719,108.4580213,8.247547318,108.4966734,0.076003112,
186.7386739,108.4558786,8.245579907,108.5021001,0.075983959,
186.7586759,108.4537364,8.243614315,108.5075096,0.07596483,
186.7786779,108.4515947,8.241650544,108.5129018,0.075945724,
186.7986799,108.4494534,8.2396886,108.5182765,0.075926642,
186.8186819,108.4473128,8.237728487,108.5236334,0.075907584,
186.8386839,108.4451728,8.23577021,108.5289724,0.07588855,
186.8586859,108.4430334,8.233813773,108.5342933,0.07586954,
186.8786879,108.4408948,8.231859181,108.5395958,0.075850555,
186.8986899,108.4387568,8.229906439,108.5448798,0.075831593,
186.9186919,108.4366197,8.22795555,108.5501451,0.075812656,
186.9386939,108.4344833,8.226006521,108.5553915,0.075793744,
186.9586959,108.4323478,8.224059354,108.5606187,0.075774856,
186.9786979,108.4302133,8.222114056,108.5658266,0.075755992,
186.9986999,108.4280796,8.22017063,108.571015,0.075737154,
187.0187019,108.4259469,8.218229081,108.5761837,0.07571834,
187.0387039,108.4238153,8.216289413,108.5813325,0.075699551,
187.0587059,108.4216847,8.214351631,108.5864611,0.075680787,
187.0787079,108.4195552,8.21241574,108.5915695,0.075662048,
187.0987099,108.4174268,8.210481745,108.5966574,0.075643334,
187.1187119,108.4152997,8.208549649,108.6017245,0.075624646,
187.1387139,108.4131737,8.206619458,108.6067708,0.075605983,
187.1587159,108.411049,8.204691175,108.611796,0.075587345,
187.1787179,108.4089256,8.202764806,108.6167999,0.075568733,
187.1987199,108.4068036,8.200840356,108.6217823,0.075550146,
187.2187219,108.4046829,8.198917828,108.626743,0.075531585,
187.2387239,108.4025637,8.196997227,108.6316818,0.07551305,
187.2587259,108.4004459,8.195078558,108.6365986,0.075494541,
187.2787279,108.3983296,8.193161826,108.641493,0.075476058,
187.2987299,108.3962149,8.191247035,108.646365,0.0754576,
187.3187319,108.3941018,8.189334189,108.6512144,0.075439169,
187.3387339,108.3919903,8.187423293,108.6560408,0.075420765,
187.3587359,108.3898804,8.185514352,108.6608442,0.075402386,
187.3787379,108.3877723,8.183607371,108.6656244,0.075384034,
187.3987399,108.3856659,8.181702353,108.670381,0.075365708,
187.4187419,108.3835612,8.179799304,108.675114,0.075347409,
187.4387439,108.3814585,8.177898228,108.6798232,0.075329137,
187.4587459,108.3793575,8.17599913,108.6845083,0.075310892,
187.4787479,108.3772585,8.174102013,108.6891692,0.075292673,
187.4987499,108.3751615,8.172206884,108.6938056,0.075274481,
187.5187519,108.3730664,8.170313746,108.6984174,0.075256317,
187.5387539,108.3709734,8.168422604,108.7030043,0.075238179,
187.5587559,108.3688824,8.166533462,108.7075662,0.075220069,
187.5787579,108.3667935,8.164646325,108.7121028,0.075201986,
187.5987599,108.3647068,8.162761198,108.7166141,0.07518393,
187.6187619,108.3626223,8.160878086,108.7210996,0.075165902,
187.6387639,108.36054,8.158996992,108.7255594,0.075147901,
187.6587659,108.35846,8.157117921,108.7299931,0.075129928,
187.6787679,108.3563823,8.155240879,108.7344007,0.075111983,
187.6987699,108.354307,8.153365869,108.7387818,0.075094066,
187.7187719,108.352234,8.151492896,108.7431362,0.075076176,
187.7387739,108.3501635,8.149621964,108.7474639,0.075058315,
187.7587759,108.3480954,8.147753079,108.7517646,0.075040481,
187.7787779,108.3460299,8.145886245,108.756038,0.075022676,
187.7987799,108.3439669,8.144021467,108.760284,0.075004899,
187.8187819,108.3419065,8.142158748,108.7645025,0.074987151,
187.8387839,108.3398488,8.140298094,108.7686931,0.074969431,
187.8587859,108.3377937,8.138439509,108.7728558,0.074951739,
187.8787879,108.3357414,8.136582997,108.7769902,0.074934077,
187.8987899,108.3336918,8.134728564,108.7810963,0.074916443,
187.9187919,108.331645,8.132876214,108.7851737,0.074898837,
187.9387939,108.329601,8.131025951,108.7892224,0.074881261,
187.9587959,108.32756,8.129177781,108.7932421,0.074863714,
187.9787979,108.3255218,8.127331706,108.7972326,0.074846195,
187.9987999,108.3234866,8.125487734,108.8011937,0.074828706,
188.0188019,108.3214544,8.123645866,108.8051253,0.074811246,
188.0388039,108.3194253,8.121806109,108.8090271,0.074793816,
188.0588059,108.3173992,8.119968467,108.8128989,0.074776415,
188.0788079,108.3153762,8.118132945,108.8167406,0.074759043,
188.0988099,108.3133564,8.116299546,108.8205518,0.074741701,
188.1188119,108.3113398,8.114468277,108.8243326,0.074724389,
188.1388139,108.3093265,8.11263914,108.8280825,0.074707107,
188.1588159,108.3073164,8.110812141,108.8318015,0.074689854,
188.1788179,108.3053097,8.108987285,108.8354894,0.074672632,
188.1988199,108.3033063,8.107164575,108.8391459,0.074655439,
188.2188219,108.3013064,8.105344017,108.8427708,0.074638277,
188.2388239,108.2993098,8.103525615,108.846364,0.074621145,
188.2588259,108.2973168,8.101709374,108.8499253,0.074604043,
188.2788279,108.2953273,8.099895297,108.8534544,0.074586972,
188.2988299,108.2933413,8.098083391,108.8569512,0.074569931,
188.3188319,108.291359,8.096273659,108.8604155,0.074552921,
188.3388339,108.2893803,8.094466106,108.863847,0.074535941,
188.3588359,108.2874053,8.092660737,108.8672456,0.074518993,
188.3788379,108.285434,8.090857555,108.870611,0.074502075,
188.3988399,108.2834665,8.089056567,108.8739432,0.074485188,
188.4188419,108.2815028,8.087257775,108.8772418,0.074468332,
188.4388439,108.2795429,8.085461186,108.8805067,0.074451507,
188.4588459,108.277587,8.083666803,108.8837377,0.074434714,
188.4788479,108.275635,8.08187463,108.8869346,0.074417952,
188.4988499,108.2736869,8.080084674,108.8900971,0.074401221,
188.5188519,108.2717428,8.078296937,108.8932252,0.074384522,
188.5388539,108.2698028,8.076511426,108.8963185,0.074367854,
188.5588559,108.2678669,8.074728143,108.899377,0.074351218,
188.5788579,108.2659352,8.072947094,108.9024003,0.074334614,
188.5988599,108.2640076,8.071168284,108.9053884,0.074318041,
188.6188619,108.2620842,8.069391717,108.9083409,0.074301501,
188.6388639,108.260165,8.067617398,108.9112578,0.074284992,
188.6588659,108.2582502,8.06584533,108.9141388,0.074268516,
188.6788679,108.2563397,8.06407552,108.9169837,0.074252072,
188.6988699,108.2544336,8.06230797,108.9197923,0.07423566,
188.7188719,108.2525319,8.060542687,108.9225644,0.07421928,
188.7388739,108.2506346,8.058779674,108.9252999,0.074202933,
188.7588759,108.2487418,8.057018936,108.9279984,0.074186619,
188.7788779,108.2468536,8.055260478,108.9306599,0.074170337,
188.7988799,108.24497,8.053504304,108.9332842,0.074154088,
188.8188819,108.2430909,8.051750418,108.935871,0.074137872,
188.8388839,108.2412166,8.049998826,108.9384201,0.074121688,
188.8588859,108.2393469,8.048249532,108.9409313,0.074105538,
188.8788879,108.237482,8.046502541,108.9434045,0.074089421,
188.8988899,108.2356218,8.044757856,108.9458394,0.074073337,
188.9188919,108.2337665,8.043015483,108.9482359,0.074057286,
188.9388939,108.231916,8.041275427,108.9505937,0.074041269,
188.9588959,108.2300704,8.039537691,108.9529127,0.074025285,
188.9788979,108.2282298,8.037802281,108.9551927,0.074009334,
188.9988999,108.2263942,8.0360692,108.9574334,0.073993417,
189.0189019,108.2245635,8.034338454,108.9596346,0.073977534,
189.0389039,108.222738,8.032610047,108.9617962,0.073961685,
189.0589059,108.2209175,8.030883984,108.963918,0.07394587,
189.0789079,108.2191022,8.029160269,108.9659998,0.073930088,
189.0989099,108.2172921,8.027438907,108.9680413,0.073914341,
189.1189119,108.2154871,8.025719903,108.9700424,0.073898628,
189.1389139,108.2136875,8.02400326,108.9720029,0.073882949,
189.1589159,108.2118932,8.022288984,108.9739225,0.073867305,
189.1789179,108.2101042,8.020577079,108.9758012,0.073851694,
189.1989199,108.2083206,8.01886755,108.9776386,0.073836119,
189.2189219,108.2065424,8.017160401,108.9794346,0.073820578,
189.2389239,108.2047697,8.015455637,108.981189,0.073805072,
189.2589259,108.2030025,8.013753262,108.9829016,0.0737896,
189.2789279,108.2012408,8.012053281,108.9845722,0.073774163,
189.2989299,108.1994847,8.010355699,108.9862006,0.073758762,
189.3189319,108.1977343,8.008660521,108.9877866,0.073743395,
189.3389339,108.1959895,8.006967749,108.98933,0.073728064,
189.3589359,108.1942505,8.005277391,108.9908306,0.073712768,
189.3789379,108.1925171,8.003589449,108.9922883,0.073697507,
189.3989399,108.1907896,8.001903928,108.9937027,0.073682281,
189.4189419,108.1890679,8.000220834,108.9950737,0.073667091,
189.4389439,108.1873521,7.99854017,108.9964012,0.073651937,
189.4589459,108.1856422,7.996861941,108.9976849,0.073636818,
189.4789479,108.1839382,7.995186153,108.9989246,0.073621735,
189.4989499,108.1822403,7.993512808,109.0001201,0.073606688,
189.5189519,108.1805484,7.991841913,109.0012713,0.073591677,
189.5389539,108.1788625,7.990173471,109.0023779,0.073576702,
189.5589559,108.1771828,7.988507487,109.0034397,0.073561763,
189.5789579,108.1755092,7.986843965,109.0044566,0.07354686,
189.5989599,108.1738418,7.985182911,109.0054283,0.073531994,
189.6189619,108.1721806,7.983524329,109.0063547,0.073517164,
189.6389639,108.1705257,7.981868223,109.0072355,0.07350237,
189.6589659,108.1688772,7.980214598,109.0080705,0.073487613,
189.6789679,108.167235,7.978563459,109.0088596,0.073472893,
189.6989699,108.1655991,7.976914809,109.0096026,0.073458209,
189.7189719,108.1639698,7.975268655,109.0102992,0.073443562,
189.7389739,108.1623469,7.973624999,109.0109492,0.073428952,
189.7589759,108.1607305,7.971983848,109.0115526,0.07341438,
189.7789779,108.1591207,7.970345204,109.012109,0.073399844,
189.7989799,108.1575175,7.968709074,109.0126182,0.073385345,
189.8189819,108.1559209,7.967075462,109.0130801,0.073370884,
189.8389839,108.154331,7.965444371,109.0134945,0.07335646,
189.8589859,108.1527478,7.963815807,109.0138612,0.073342074,
189.8789879,108.1511714,7.962189775,109.01418,0.073327725,
189.8989899,108.1496018,7.960566278,109.0144506,0.073313414,
189.9189919,108.148039,7.958945322,109.0146729,0.07329914,
189.9389939,108.1464831,7.957326911,109.0148467,0.073284904,
189.9589959,108.1449341,7.955711049,109.0149718,0.073270707,
189.9789979,108.1433921,7.954097742,109.015048,0.073256547,
189.9989999,108.1418571,7.952486993,109.0150751,0.073242425,
190.0190019,108.1403261,7.950878026,109.015072,0.073228328,
190.0390039,108.1387953,7.949269895,109.0150616,0.073214238,
190.0590059,108.1372648,7.947662599,109.015044,0.073200156,
190.0790079,108.1357346,7.946056141,109.0150193,0.073186081,
190.0990099,108.1342047,7.944450522,109.0149873,0.073172014,
190.1190119,108.132675,7.942845744,109.0149482,0.073157955,
190.1390139,108.1311456,7.94124181,109.0149017,0.073143903,
190.1590159,108.1296164,7.939638721,109.014848,0.073129859,
190.1790179,108.1280875,7.93803648,109.014787,0.073115822,
190.1990199,108.1265589,7.936435087,109.0147187,0.073101794,
190.2190219,108.1250305,7.934834546,109.0146431,0.073087773,
190.2390239,108.1235024,7.933234857,109.0145602,0.07307376,
190.2590259,108.1219746,7.931636024,109.0144698,0.073059755,
190.2790279,108.120447,7.930038047,109.0143721,0.073045758,
190.2990299,108.1189197,7.92844093,109.014267,0.073031769,
190.3190319,108.1173927,7.926844673,109.0141545,0.073017788,
190.3390339,108.1158659,7.925249279,109.0140345,0.073003814,
190.3590359,108.1143394,7.923654749,109.0139071,0.072989849,
190.3790379,108.1128132,7.922061086,109.0137723,0.072975892,
190.3990399,108.1112872,7.920468292,109.0136299,0.072961943,
190.4190419,108.1097615,7.918876368,109.01348,0.072948002,
190.4390439,108.1082361,7.917285316,109.0133226,0.072934069,
190.4590459,108.1067109,7.915695139,109.0131576,0.072920144,
190.4790479,108.105186,7.914105838,109.0129851,0.072906228,
190.4990499,108.1036614,7.912517416,109.012805,0.07289232,
190.5190519,108.1021371,7.910929873,109.0126173,0.07287842,
190.5390539,108.100613,7.909343213,109.0124219,0.072864528,
190.5590559,108.0990891,7.907757437,109.012219,0.072850645,
190.5790579,108.0975656,7.906172546,109.0120083,0.07283677,
190.5990599,108.0960423,7.904588544,109.01179,0.072822904,
190.6190619,108.0945192,7.903005431,109.011564,0.072809046,
190.6390639,108.0929965,7.901423211,109.0113303,0.072795196,
190.6590659,108.091474,7.899841883,109.0110888,0.072781355,
190.6790679,108.0899518,7.898261452,109.0108396,0.072767523,
190.6990699,108.0884298,7.896681918,109.0105826,0.072753699,
190.7190719,108.0869081,7.895103284,109.0103179,0.072739883,
190.7390739,108.0853867,7.893525551,109.0100453,0.072726077,
190.7590759,108.0838656,7.891948722,109.0097649,0.072712278,
190.7790779,108.0823447,7.890372798,109.0094766,0.072698489,
190.7990799,108.0808241,7.888797782,109.0091805,0.072684708,
190.8190819,108.0793037,7.887223674,109.0088765,0.072670936,
190.8390839,108.0777836,7.885650478,109.0085647,0.072657173,
190.8590859,108.0762638,7.884078195,109.0082448,0.072643419,
190.8790879,108.0747443,7.882506827,109.0079171,0.072629674,
190.8990899,108.073225,7.880936376,109.0075814,0.072615937,
190.9190919,108.071706,7.879366844,109.0072377,0.072602209,
190.9390939,108.0701873,7.877798233,109.006886,0.072588491,
190.9590959,108.0686688,7.876230544,109.0065263,0.072574781,
190.9790979,108.0671506,7.874663781,109.0061586,0.07256108,
190.9990999,108.0656327,7.873097944,109.0057828,0.072547388,
191.0191019,108.064115,7.871533036,109.005399,0.072533706,
191.0391039,108.0625976,7.869969058,109.0050071,0.072520032,
191.0591059,108.0610805,7.868406013,109.0046071,0.072506368,
191.0791079,108.0595637,7.866843902,109.0041989,0.072492712,
191.0991099,108.0580471,7.865282727,109.0037826,0.072479066,
191.1191119,108.0565308,7.863722491,109.0033582,0.07246543,
191.1391139,108.0550147,7.862163196,109.0029255,0.072451802,
191.1591159,108.053499,7.860604842,109.0024847,0.072438184,
191.1791179,108.0519835,7.859047433,109.0020356,0.072424575,
191.1991199,108.0504682,7.857490969,109.0015783,0.072410975,
191.2191219,108.0489533,7.855935454,109.0011128,0.072397385,
191.2391239,108.0474386,7.854380888,109.000639,0.072383804,
191.2591259,108.0459242,7.852827275,109.0001569,0.072370233,
191.2791279,108.04441,7.851274615,108.9996665,0.072356671,
191.2991299,108.0428961,7.849722911,108.9991677,0.072343119,
191.3191319,108.0413825,7.848172165,108.9986606,0.072329576,
191.3391339,108.0398692,7.846622378,108.9981452,0.072316043,
191.3591359,108.0383561,7.845073553,108.9976213,0.072302519,
191.3791379,108.0368433,7.843525692,108.9970891,0.072289005,
191.3991399,108.0353308,7.841978796,108.9965484,0.072275501,
191.4191419,108.0338185,7.840432867,108.9959993,0.072262006,
191.4391439,108.0323066,7.838887908,108.9954418,0.072248521,
191.4591459,108.0307948,7.83734392,108.9948757,0.072235046,
191.4791479,108.0292834,7.835800906,108.9943012,0.072221581,
191.4991499,108.0277722,7.834258866,108.9937181,0.072208126,
191.5191519,108.0262613,7.832717803,108.9931266,0.07219468,
191.5391539,108.0247507,7.83117772,108.9925264,0.072181244,
191.5591559,108.0232403,7.829638618,108.9919177,0.072167819,
191.5791579,108.0217303,7.828100498,108.9913004,0.072154403,
191.5991599,108.0202204,7.826563363,108.9906745,0.072140997,
191.6191619,108.0187109,7.825027215,108.99004,0.072127601,
191.6391639,108.0172016,7.823492056,108.9893968,0.072114215,
191.6591659,108.0156926,7.821957888,108.988745,0.07210084,
191.6791679,108.0141839,7.820424712,108.9880845,0.072087474,
191.6991699,108.0126755,7.81889253,108.9874153,0.072074119,
191.7191719,108.0111673,7.817361345,108.9867373,0.072060774,
191.7391739,108.0096594,7.815831159,108.9860506,0.072047439,
191.7591759,108.0081517,7.814301973,108.9853552,0.072034114,
191.7791779,108.0066444,7.812773789,108.984651,0.072020799,
191.7991799,108.0051373,7.811246609,108.983938,0.072007495,
191.8191819,108.0036304,7.809720436,108.9832162,0.071994201,
191.8391839,108.0021239,7.80819527,108.9824856,0.071980918,
191.8591859,108.0006176,7.806671115,108.9817461,0.071967645,
191.8791879,107.9991116,7.805147972,108.9809977,0.071954382,
191.8991899,107.9976059,7.803625843,108.9802405,0.07194113,
191.9191919,107.9961004,7.802104729,108.9794743,0.071927888,
191.9391939,107.9945953,7.800584633,108.9786992,0.071914657,
191.9591959,107.9930903,7.799065558,108.9779152,0.071901436,
191.9791979,107.9915857,7.797547503,108.9771222,0.071888226,
191.9991999,107.9900813,7.796030473,108.9763203,0.071875027,
192.0192019,107.9885773,7.794514468,108.9755093,0.071861838,
192.0392039,107.9870734,7.79299949,108.9746894,0.07184866,
192.0592059,107.9855699,7.791485542,108.9738604,0.071835493,
192.0792079,107.9840666,7.789972625,108.9730223,0.071822336,
192.0992099,107.9825636,7.788460742,108.9721752,0.07180919,
192.1192119,107.9810609,7.786949894,108.9713189,0.071796056,
192.1392139,107.9795585,7.785440083,108.9704536,0.071782931,
192.1592159,107.9780563,7.783931311,108.9695791,0.071769818,
192.1792179,107.9765544,7.78242358,108.9686955,0.071756716,
192.1992199,107.9750528,7.780916892,108.9678028,0.071743624,
192.2192219,107.9735514,7.779411249,108.9669008,0.071730544,
192.2392239,107.9720503,7.777906654,108.9659896,0.071717474,
192.2592259,107.9705495,7.776403106,108.9650693,0.071704416,
192.2792279,107.969049,7.77490061,108.9641396,0.071691369,
192.2992299,107.9675488,7.773399166,108.9632008,0.071678332,
192.3192319,107.9660488,7.771898777,108.9622526,0.071665307,
192.3392339,107.9645491,7.770399445,108.9612952,0.071652293,
192.3592359,107.9630496,7.768901171,108.9603284,0.071639291,
192.3792379,107.9615505,7.767403958,108.9593523,0.071626299,
192.3992399,107.9600516,7.765907807,108.9583668,0.071613319,
192.4192419,107.958553,7.76441272,108.957372,0.07160035,
192.4392439,107.9570547,7.762918699,108.9563678,0.071587392,
192.4592459,107.9555566,7.761425747,108.9553542,0.071574446,
192.4792479,107.9540589,7.759933865,108.9543311,0.071561511,
192.4992499,107.9525614,7.758443055,108.9532987,0.071548587,
192.5192519,107.9510641,7.756953319,108.9522567,0.071535675,
192.5392539,107.9495672,7.755464659,108.9512053,0.071522775,
192.5592559,107.9480705,7.753977077,108.9501443,0.071509886,
192.5792579,107.9465741,7.752490575,108.9490739,0.071497008,
192.5992599,107.945078,7.751005154,108.9479939,0.071484142,
192.6192619,107.9435821,7.749520817,108.9469044,0.071471288,
192.6392639,107.9420866,7.748037566,108.9458052,0.071458445,
192.6592659,107.9405913,7.746555403,108.9446965,0.071445614,
192.6792679,107.9390962,7.745074329,108.9435782,0.071432795,
192.6992699,107.9376015,7.743594346,108.9424503,0.071419987,
192.7192719,107.936107,7.742115457,108.9413127,0.071407191,
192.7392739,107.9346128,7.740637663,108.9401654,0.071394407,
192.7592759,107.9331189,7.739160967,108.9390084,0.071381635,
192.7792779,107.9316253,7.737685369,108.9378418,0.071368875,
192.7992799,107.9301319,7.736210873,108.9366654,0.071356126,
192.8192819,107.9286388,7.73473748,108.9354793,0.071343389,
192.8392839,107.927146,7.733265193,108.9342834,0.071330665,
192.8592859,107.9256535,7.731794012,108.9330777,0.071317952,
192.8792879,107.9241613,7.73032394,108.9318622,0.071305252,
192.8992899,107.9226693,7.728854978,108.930637,0.071292563,
192.9192919,107.9211776,7.72738713,108.9294018,0.071279887,
192.9392939,107.9196862,7.725920396,108.9281569,0.071267222,
192.9592959,107.918195,7.724454779,108.926902,0.07125457,
192.9792979,107.9167042,7.722990281,108.9256373,0.07124193,
192.9992999,107.9152136,7.721526903,108.9243627,0.071229302,
193.0193019,107.9137233,7.720064648,108.9230781,0.071216686,
193.0393039,107.9122332,7.718603517,108.9217836,0.071204083,
193.0593059,107.9107435,7.717143513,108.9204791,0.071191492,
193.0793079,107.909254,7.715684636,108.9191646,0.071178913,
193.0993099,107.9077648,7.71422689,108.9178402,0.071166347,
193.1193119,107.9062759,7.712770277,108.9165057,0.071153793,
193.1393139,107.9047872,7.711314797,108.9151611,0.071141252,
193.1593159,107.9032989,7.709860454,108.9138066,0.071128723,
193.1793179,107.9018108,7.708407248,108.9124419,0.071116206,
193.1993199,107.900323,7.706955182,108.9110671,0.071103702,
193.2193219,107.8988354,7.705504259,108.9096823,0.071091211,
193.2393239,107.8973482,7.704054479,108.9082873,0.071078732,
193.2593259,107.8958612,7.702605844,108.9068821,0.071066265,
193.2793279,107.8943745,7.701158358,108.9054668,0.071053812,
193.2993299,107.8928881,7.699712021,108.9040413,0.071041371,
193.3193319,107.891402,7.698266836,108.9026055,0.071028943,
193.3393339,107.8899161,7.696822804,108.9011596,0.071016527,
193.3593359,107.8884305,7.695379928,108.8997034,0.071004124,
193.3793379,107.8869452,7.693938209,108.898237,0.070991735,
193.3993399,107.8854602,7.692497649,108.8967602,0.070979358,
193.4193419,107.8839755,7.691058251,108.8952732,0.070966993,
193.4393439,107.882491,7.689620015,108.8937758,0.070954642,
193.4593459,107.8810068,7.688182945,108.8922681,0.070942304,
193.4793479,107.8795229,7.686747042,108.8907501,0.070929978,
193.4993499,107.8780393,7.685312309,108.8892217,0.070917666,
193.5193519,107.8765559,7.683878746,108.8876829,0.070905367,
193.5393539,107.8750729,7.682446355,108.8861336,0.07089308,
193.5593559,107.8735901,7.68101514,108.884574,0.070880807,
193.5793579,107.8721076,7.679585102,108.8830039,0.070868547,
193.5993599,107.8706254,7.678156242,108.8814233,0.0708563,
193.6193619,107.8691434,7.676728563,108.8798323,0.070844067,
193.6393639,107.8676618,7.675302066,108.8782307,0.070831846,
193.6593659,107.8661804,7.673876754,108.8766186,0.070819639,
193.6793679,107.8646993,7.672452629,108.874996,0.070807445,
193.6993699,107.8632184,7.671029692,108.8733628,0.070795264,
193.7193719,107.8617379,7.669607945,108.871719,0.070783097,
193.7393739,107.8602576,7.66818739,108.8700647,0.070770943,
193.7593759,107.8587777,7.66676803,108.8683997,0.070758803,
193.7793779,107.857298,7.665349866,108.8667241,0.070746676,
193.7993799,107.8558185,7.6639329,108.8650378,0.070734562,
193.8193819,107.8543394,7.662517134,108.8633409,0.070722462,
193.8393839,107.8528606,7.66110257,108.8616332,0.070710375,
193.8593859,107.851382,7.65968921,108.8599149,0.070698302,
193.8793879,107.8499037,7.658277055,108.8581858,0.070686243,
193.8993899,107.8484257,7.656866109,108.856446,0.070674197,
193.9193919,107.8469479,7.655456372,108.8546955,0.070662165,
193.9393939,107.8454705,7.654047847,108.8529341,0.070650147,
193.9593959,107.8439933,7.652640536,108.8511619,0.070638142,
193.9793979,107.8425164,7.65123444,108.8493789,0.070626151,
193.9993999,107.8410398,7.649829561,108.8475851,0.070614174,
194.0194019,107.8395635,7.648425902,108.8457804,0.070602211,
194.0394039,107.8380875,7.647023465,108.8439649,0.070590262,
194.0594059,107.8366117,7.64562225,108.8421384,0.070578326,
194.0794079,107.8351362,7.644222261,108.8403011,0.070566405,
194.0994099,107.833661,7.642823499,108.8384528,0.070554497,
194.1194119,107.8321861,7.641425966,108.8365935,0.070542603,
194.1394139,107.8307115,7.640029665,108.8347233,0.070530724,
194.1594159,107.8292371,7.638634596,108.8328421,0.070518858,
194.1794179,107.8277631,7.637240762,108.8309499,0.070507006,
194.1994199,107.8262893,7.635848165,108.8290466,0.070495169,
194.2194219,107.8248158,7.634456807,108.8271324,0.070483346,
194.2394239,107.8233426,7.633066689,108.825207,0.070471537,
194.2594259,107.8218696,7.631677814,108.8232706,0.070459742,
194.2794279,107.820397,7.630290184,108.8213231,0.070447961,
194.2994299,107.8189246,7.628903801,108.8193644,0.070436195,
194.3194319,107.8174525,7.627518666,108.8173946,0.070424443,
194.3394339,107.8159807,7.626134781,108.8154137,0.070412705,
194.3594359,107.8145092,7.624752149,108.8134216,0.070400981,
194.3794379,107.813038,7.623370771,108.8114183,0.070389272,
194.3994399,107.811567,7.621990649,108.8094038,0.070377578,
194.4194419,107.8100963,7.620611786,108.807378,0.070365898,
194.4394439,107.808626,7.619234182,108.805341,0.070354232,
194.4594459,107.8071559,7.617857841,108.8032928,0.070342581,
194.4794479,107.805686,7.616482764,108.8012332,0.070330944,
194.4994499,107.8042165,7.615108952,108.7991624,0.070319322,
194.5194519,107.8027473,7.613736409,108.7970802,0.070307715,
194.5394539,107.8012783,7.612365135,108.7949867,0.070296122,
194.5594559,107.7998096,7.610995133,108.7928818,0.070284544,
194.5794579,107.7983412,7.609626405,108.7907656,0.070272981,
194.5994599,107.7968731,7.608258953,108.7886379,0.070261432,
194.6194619,107.7954053,7.606892778,108.7864989,0.070249898,
194.6394639,107.7939377,7.605527882,108.7843484,0.070238379,
194.6594659,107.7924705,7.604164268,108.7821864,0.070226875,
194.6794679,107.7910035,7.602801938,108.780013,0.070215386,
194.6994699,107.7895368,7.601440893,108.7778281,0.070203911,
194.7194719,107.7880704,7.600081135,108.7756316,0.070192452,
194.7394739,107.7866043,7.598722666,108.7734237,0.070181007,
194.7594759,107.7851384,7.597365488,108.7712042,0.070169578,
194.7794779,107.7836729,7.596009604,108.7689731,0.070158163,
194.7994799,107.7822076,7.594655014,108.7667305,0.070146764,
194.8194819,107.7807426,7.593301722,108.7644762,0.070135379,
194.8394839,107.7792779,7.591949728,108.7622104,0.07012401,
194.8594859,107.7778135,7.590599035,108.7599329,0.070112656,
194.8794879,107.7763494,7.589249645,108.7576437,0.070101317,
194.8994899,107.7748855,7.58790156,108.7553429,0.070089994,
194.9194919,107.773422,7.586554782,108.7530303,0.070078685,
194.9394939,107.7719587,7.585209311,108.7507061,0.070067392,
194.9594959,107.7704957,7.583865152,108.7483701,0.070056114,
194.9794979,107.769033,7.582522305,108.7460224,0.070044852,
194.9994999,107.7675706,7.581180772,108.7436629,0.070033605,
195.019502,107.7661085,7.579840556,108.7412916,0.070022373,
195.039504,107.7646467,7.578501658,108.7389085,0.070011157,
195.059506,107.7631851,7.57716408,108.7365136,0.069999956,
195.079508,107.7617238,7.575827825,108.7341068,0.069988771,
195.09951,107.7602629,7.574492893,108.7316882,0.069977601,
195.119512,107.7588022,7.573159288,108.7292577,0.069966447,
195.139514,107.7573418,7.571827011,108.7268153,0.069955308,
195.159516,107.7558816,7.570496063,108.7243609,0.069944185,
195.179518,107.7544218,7.569166447,108.7218947,0.069933078,
195.19952,107.7529623,7.567838166,108.7194165,0.069921986,
195.219522,107.751503,7.56651122,108.7169263,0.06991091,
195.239524,107.750044,7.565185611,108.7144241,0.06989985,
195.259526,107.7485853,7.563861342,108.7119099,0.069888806,
195.279528,107.7471269,7.562538415,108.7093837,0.069877777,
195.29953,107.7456688,7.561216831,108.7068454,0.069866765,
195.319532,107.744211,7.559896593,108.7042951,0.069855768,
195.339534,107.7427535,7.558577702,108.7017326,0.069844787,
195.359536,107.7412962,7.55726016,108.6991581,0.069833822,
195.379538,107.7398393,7.55594397,108.6965715,0.069822873,
195.39954,107.7383826,7.554629133,108.6939727,0.06981194,
195.419542,107.7369262,7.553315651,108.6913617,0.069801023,
195.439544,107.7354701,7.552003526,108.6887386,0.069790122,
195.459546,107.7340143,7.550692759,108.6861033,0.069779238,
195.479548,107.7325588,7.549383354,108.6834557,0.069768369,
195.49955,107.7311035,7.548075312,108.6807959,0.069757517,
195.519552,107.7296486,7.546768635,108.6781239,0.069746681,
195.539554,107.7281939,7.545463324,108.6754396,0.069735861,
195.559556,107.7267395,7.544159382,108.672743,0.069725057,
195.579558,107.7252855,7.542856811,108.6700341,0.069714269,
195.59956,107.7238317,7.541555612,108.6673129,0.069703498,
195.619562,107.7223782,7.540255788,108.6645793,0.069692744,
195.639564,107.7209249,7.53895734,108.6618334,0.069682005,
195.659566,107.719472,7.537660271,108.6590751,0.069671283,
195.679568,107.7180194,7.536364581,108.6563043,0.069660578,
195.69957,107.716567,7.535070275,108.6535212,0.069649889,
195.719572,107.715115,7.533777352,108.6507256,0.069639216,
195.739574,107.7136632,7.532485816,108.6479176,0.06962856,
195.759576,107.7122117,7.531195667,108.6450971,0.069617921,
195.779578,107.7107605,7.529906909,108.6422641,0.069607298,
195.79958,107.7093096,7.528619542,108.6394185,0.069596692,
195.819582,107.707859,7.52733357,108.6365605,0.069586103,
195.839584,107.7064086,7.526048993,108.6336899,0.06957553,
195.859586,107.7049586,7.524765814,108.6308067,0.069564974,
195.879588,107.7035089,7.523484035,108.627911,0.069554435,
195.89959,107.7020594,7.522203657,108.6250026,0.069543913,
195.919592,107.7006102,7.520924684,108.6220816,0.069533407,
195.939594,107.6991614,7.519647115,108.619148,0.069522918,
195.959596,107.6977128,7.518370954,108.6162017,0.069512447,
195.979598,107.6962645,7.517096203,108.6132427,0.069501992,
195.9996,107.6948165,7.515822862,108.610271,0.069491554,
196.019602,107.6933687,7.514550935,108.6072866,0.069481133,
196.039604,107.6919213,7.513280424,108.6042895,0.069470729,
196.059606,107.6904742,7.512011329,108.6012796,0.069460342,
196.079608,107.6890273,7.510743654,108.598257,0.069449972,
196.09961,107.6875808,7.509477399,108.5952215,0.06943962,
196.119612,107.6861345,7.508212568,108.5921732,0.069429284,
196.139614,107.6846885,7.506949161,108.5891122,0.069418966,
196.159616,107.6832429,7.505687181,108.5860382,0.069408665,
196.179618,107.6817975,7.504426631,108.5829514,0.069398381,
196.19962,107.6803524,7.50316751,108.5798517,0.069388114,
196.219622,107.6789075,7.501909823,108.5767391,0.069377865,
196.239624,107.677463,7.50065357,108.5736136,0.069367633,
196.259626,107.6760188,7.499398754,108.5704752,0.069357419,
196.279628,107.6745749,7.498145376,108.5673237,0.069347221,
196.29963,107.6731312,7.496893438,108.5641593,0.069337042,
196.319632,107.6716879,7.495642943,108.5609819,0.06932688,
196.339634,107.6702448,7.494393892,108.5577915,0.069316735,
196.359636,107.668802,7.493146288,108.5545881,0.069306608,
196.379638,107.6673595,7.491900132,108.5513716,0.069296498,
196.39964,107.6659174,7.490655425,108.548142,0.069286406,
196.419642,107.6644755,7.489412171,108.5448994,0.069276331,
196.439644,107.6630339,7.488170371,108.5416436,0.069266275,
196.459646,107.6615925,7.486930027,108.5383747,0.069256236,
196.479648,107.6601515,7.48569114,108.5350927,0.069246214,
196.49965,107.6587108,7.484453714,108.5317975,0.069236211,
196.519652,107.6572704,7.483217749,108.5284891,0.069226225,
196.539654,107.6558302,7.481983248,108.5251675,0.069216257,
196.559656,107.6543904,7.480750212,108.5218327,0.069206307,
196.579658,107.6529508,7.479518644,108.5184847,0.069196374,
196.59966,107.6515115,7.478288546,108.5151234,0.06918646,
196.619662,107.6500726,7.477059919,108.5117488,0.069176563,
196.639664,107.6486339,7.475832765,108.508361,0.069166685,
196.659666,107.6471955,7.474607086,108.5049598,0.069156825,
196.679668,107.6457574,7.473382885,108.5015453,0.069146982,
196.69967,107.6443196,7.472160164,108.4981174,0.069137158,
196.719672,107.6428821,7.470938923,108.4946762,0.069127352,
196.739674,107.6414449,7.469719165,108.4912215,0.069117563,
196.759676,107.640008,7.468500892,108.4877535,0.069107793,
196.779678,107.6385713,7.467284107,108.4842721,0.069098042,
196.79968,107.637135,7.46606881,108.4807772,0.069088308,
196.819682,107.635699,7.464855004,108.4772688,0.069078593,
196.839684,107.6342632,7.463642691,108.473747,0.069068896,
196.859686,107.6328278,7.462431872,108.4702116,0.069059217,
196.879688,107.6313926,7.46122255,108.4666628,0.069049557,
196.89969,107.6299577,7.460014727,108.4631004,0.069039915,
196.919692,107.6285232,7.458808404,108.4595245,0.069030292,
196.939694,107.6270889,7.457603584,108.455935,0.069020687,
196.959696,107.6256549,7.456400268,108.4523318,0.0690111,
196.979698,107.6242212,7.455198458,108.4487151,0.069001532,
196.9997,107.6227878,7.453998157,108.4450848,0.068991982,
197.019702,107.6213547,7.452799366,108.4414408,0.068982451,
197.039704,107.6199219,7.451602087,108.4377831,0.068972939,
197.059706,107.6184894,7.450406322,108.4341118,0.068963445,
197.079708,107.6170572,7.449212073,108.4304267,0.06895397,
197.09971,107.6156253,7.448019342,108.426728,0.068944514,
197.119712,107.6141936,7.446828131,108.4230154,0.068935077,
197.139714,107.6127623,7.445638442,108.4192892,0.068925658,
197.159716,107.6113313,7.444450276,108.4155491,0.068916258,
197.179718,107.6099005,7.443263637,108.4117953,0.068906877,
197.19972,107.6084701,7.442078525,108.4080276,0.068897514,
197.219722,107.6070399,7.440894942,108.4042461,0.068888171,
197.239724,107.6056101,7.439712892,108.4004508,0.068878846,
197.259726,107.6041805,7.438532374,108.3966416,0.068869541,
197.279728,107.6027512,7.437353392,108.3928185,0.068860254,
197.29973,107.6013223,7.436175948,108.3889814,0.068850987,
197.319732,107.5998936,7.435000042,108.3851305,0.068841738,
197.339734,107.5984652,7.433825678,108.3812656,0.068832509,
197.359736,107.5970371,7.432652857,108.3773868,0.068823298,
197.379738,107.5956093,7.431481581,108.3734939,0.068814107,
197.39974,107.5941818,7.430311853,108.3695871,0.068804935,
197.419742,107.5927547,7.429143673,108.3656662,0.068795783,
197.439744,107.5913278,7.427977044,108.3617313,0.068786649,
197.459746,107.5899011,7.426811968,108.3577824,0.068777535,
197.479748,107.5884748,7.425648447,108.3538194,0.06876844,
197.49975,107.5870488,7.424486482,108.3498422,0.068759364,
197.519752,107.5856231,7.423326077,108.345851,0.068750308,
197.539754,107.5841977,7.422167231,108.3418457,0.068741271,
197.559756,107.5827726,7.421009949,108.3378261,0.068732254,
197.579758,107.5813478,7.419854231,108.3337925,0.068723256,
197.59976,107.5799232,7.418700079,108.3297446,0.068714278,
197.619762,107.578499,7.417547496,108.3256825,0.068705319,
197.639764,107.5770751,7.416396483,108.3216062,0.068696379,
197.659766,107.5756514,7.415247042,108.3175157,0.068687459,
197.679768,107.5742281,7.414099175,108.3134109,0.068678559,
197.69977,107.5728051,7.412952885,108.3092918,0.068669679,
197.719772,107.5713823,7.411808172,108.3051584,0.068660818,
197.739774,107.5699599,7.41066504,108.3010107,0.068651977,
197.759776,107.5685377,7.40952349,108.2968487,0.068643156,
197.779778,107.5671159,7.408383523,108.2926723,0.068634354,
197.79978,107.5656943,7.407245142,108.2884815,0.068625572,
197.819782,107.5642731,7.406108349,108.2842764,0.06861681,
197.839784,107.5628521,7.404973146,108.2800568,0.068608068,
197.859786,107.5614314,7.403839534,108.2758228,0.068599346,
197.879788,107.5600111,7.402707516,108.2715744,0.068590644,
197.89979,107.558591,7.401577094,108.2673115,0.068581962,
197.919792,107.5571712,7.400448269,108.2630341,0.0685733,
197.939794,107.5557518,7.399321043,108.2587422,0.068564657,
197.959796,107.5543326,7.398195418,108.2544358,0.068556035,
197.979798,107.5529137,7.397071397,108.2501148,0.068547433,
197.9998,107.5514952,7.395948981,108.2457793,0.068538851,
198.019802,107.5500769,7.394828172,108.2414292,0.06853029,
198.039804,107.5486589,7.393708973,108.2370645,0.068521748,
198.059806,107.5472412,7.392591384,108.2326852,0.068513227,
198.079808,107.5458239,7.391475408,108.2282913,0.068504726,
198.09981,107.5444068,7.390361047,108.2238827,0.068496245,
198.119812,107.54299,7.389248303,108.2194594,0.068487785,
198.139814,107.5415735,7.388137178,108.2150215,0.068479345,
198.159816,107.5401573,7.387027674,108.2105688,0.068470925,
198.179818,107.5387415,7.385919792,108.2061014,0.068462526,
198.19982,107.5373259,7.384813534,108.2016193,0.068454147,
198.219822,107.5359106,7.383708904,108.1971224,0.068445788,
198.239824,107.5344956,7.382605901,108.1926107,0.06843745,
198.259826,107.5330809,7.381504529,108.1880843,0.068429133,
198.279828,107.5316665,7.38040479,108.183543,0.068420836,
198.29983,107.5302525,7.379306685,108.1789868,0.06841256,
198.319832,107.5288387,7.378210216,108.1744159,0.068404305,
198.339834,107.5274252,7.377115385,108.16983,0.06839607,
198.359836,107.526012,7.376022194,108.1652292,0.068387856,
198.379838,107.5245991,7.374930645,108.1606136,0.068379662,
198.39984,107.5231865,7.37384074,108.155983,0.06837149,
198.419842,107.5217743,7.372752482,108.1513374,0.068363338,
198.439844,107.5203623,7.371665871,108.1466769,0.068355207,
198.459846,107.5189506,7.370580909,108.1420014,0.068347097,
198.479848,107.5175392,7.3694976,108.1373109,0.068339007,
198.49985,107.5161281,7.368415944,108.1326053,0.068330939,
198.519852,107.5147173,7.367335944,108.1278848,0.068322892,
198.539854,107.5133069,7.366257601,108.1231491,0.068314865,
198.559856,107.5118967,7.365180918,108.1183984,0.06830686,
198.579858,107.5104868,7.364105896,108.1136326,0.068298875,
198.59986,107.5090772,7.363032538,108.1088517,0.068290912,
198.619862,107.5076679,7.361960845,108.1040556,0.06828297,
198.639864,107.506259,7.360890819,108.0992444,0.068275049,
198.659866,107.5048503,7.359822462,108.094418,0.068267149,
198.679868,107.5034419,7.358755777,108.0895764,0.06825927,
198.69987,107.5020339,7.357690764,108.0847196,0.068251413,
198.719872,107.5006261,7.356627427,108.0798475,0.068243577,
198.739874,107.4992186,7.355565766,108.0749603,0.068235762,
198.759876,107.4978115,7.354505785,108.0700577,0.068227968,
198.779878,107.4964046,7.353447484,108.0651399,0.068220196,
198.79988,107.494998,7.352390865,108.0602068,0.068212445,
198.819882,107.4935918,7.351335932,108.0552583,0.068204716,
198.839884,107.4921858,7.350282685,108.0502945,0.068197008,
198.859886,107.4907801,7.349231127,108.0453154,0.068189322,
198.879888,107.4893748,7.348181259,108.0403209,0.068181657,
198.89989,107.4879697,7.347133084,108.0353109,0.068174014,
198.919892,107.486565,7.346086603,108.0302856,0.068166392,
198.939894,107.4851605,7.345041818,108.0252448,0.068158792,
198.959896,107.4837564,7.343998732,108.0201886,0.068151214,
198.979898,107.4823526,7.342957346,108.0151169,0.068143657,
198.9999,107.480949,7.341917662,108.0100298,0.068136122,
199.019902,107.4795458,7.340879682,108.0049271,0.068128608,
199.039904,107.4781428,7.339843408,107.9998089,0.068121117,
199.059906,107.4767402,7.338808842,107.9946751,0.068113647,
199.079908,107.4753379,7.337775986,107.9895258,0.068106199,
199.09991,107.4739359,7.336744841,107.9843609,0.068098773,
199.119912,107.4725341,7.335715411,107.9791804,0.068091369,
199.139914,107.4711327,7.334687696,107.9739842,0.068083987,
199.159916,107.4697316,7.333661699,107.9687725,0.068076627,
199.179918,107.4683308,7.332637421,107.9635451,0.068069289,
199.19992,107.4669303,7.331614865,107.958302,0.068061972,
199.219922,107.4655301,7.330594032,107.9530432,0.068054678,
199.239924,107.4641302,7.329574925,107.9477687,0.068047406,
199.259926,107.4627306,7.328557545,107.9424785,0.068040156,
199.279928,107.4613313,7.327541895,107.9371725,0.068032929,
199.29993,107.4599323,7.326527975,107.9318507,0.068025723,
199.319932,107.4585336,7.325515789,107.9265132,0.06801854,
199.339934,107.4571352,7.324505338,107.9211599,0.068011379,
199.359936,107.4557372,7.323496624,107.9157907,0.06800424,
199.379938,107.4543394,7.322489649,107.9104057,0.067997124,
199.39994,107.4529419,7.321484414,107.9050048,0.067990029,
199.419942,107.4515448,7.320480923,107.8995881,0.067982958,
199.439944,107.4501479,7.319479176,107.8941554,0.067975908,
199.459946,107.4487513,7.318479176,107.8887069,0.067968881,
199.479948,107.4473551,7.317480925,107.8832424,0.067961877,
199.49995,107.4459592,7.316484425,107.8777619,0.067954895,
199.519952,107.4445635,7.315489676,107.8722655,0.067947936,
199.539954,107.4431682,7.314496683,107.8667531,0.067940999,
199.559956,107.4417732,7.313505446,107.8612247,0.067934085,
199.579958,107.4403784,7.312515967,107.8556802,0.067927193,
199.59996,107.438984,7.311528248,107.8501197,0.067920324,
199.619962,107.4375899,7.310542292,107.8445432,0.067913478,
199.639964,107.4361961,7.3095581,107.8389505,0.067906654,
199.659966,107.4348026,7.308575674,107.8333418,0.067899854,
199.679968,107.4334094,7.307595016,107.8277169,0.067893076,
199.69997,107.4320165,7.306616128,107.8220759,0.067886321,
199.719972,107.4306239,7.305639011,107.8164187,0.067879588,
199.739974,107.4292316,7.304663669,107.8107454,0.067872879,
199.759976,107.4278397,7.303690103,107.8050558,0.067866193,
199.779978,107.426448,7.302718314,107.7993501,0.067859529,
199.79998,107.4250566,7.301748305,107.7936281,0.067852888,
199.819982,107.4236656,7.300780078,107.7878899,0.067846271,
199.839984,107.4222748,7.299813634,107.7821353,0.067839676,
199.859986,107.4208844,7.298848975,107.7763645,0.067833105,
199.879988,107.4194942,7.297886105,107.7705774,0.067826557,
199.89999,107.4181044,7.296925023,107.764774,0.067820032,
199.919992,107.4167149,7.295965733,107.7589542,0.06781353,
199.939994,107.4153257,7.295008236,107.7531181,0.067807051,
199.959996,107.4139368,7.294052534,107.7472656,0.067800595,
199.979998,107.4125481,7.293098629,107.7413966,0.067794163,
200,107.4111598,7.292146524,107.7355113,0.067787754,Maxwell_Simulation
